{"type":"FeatureCollection", "features": [
{"type":"Feature","geometry":{"type":"MultiPolygon","coordinates":[[[[117.7,4.16],[117.84,4.04],[117.94,4.06],[117.9,4.16],[117.7,4.16]]],[[[124.46,-9.18],[124.44,-9.3],[124.34,-9.38],[124.32,-9.48],[124.2,-9.38],[124.12,-9.42],[124.04,-9.34],[123.86,-9.48],[123.68,-9.62],[123.66,-9.88],[123.58,-10.02],[123.74,-10.06],[123.74,-10.1],[123.54,-10.18],[123.5,-10.24],[123.52,-10.34],[123.62,-10.36],[123.82,-10.36],[123.94,-10.3],[124.04,-10.28],[124.12,-10.18],[124.42,-10.16],[124.54,-10.04],[124.74,-9.9],[124.84,-9.74],[124.98,-9.66],[125,-9.54],[125.06,-9.48],[124.98,-9.2],[125.14,-9.18],[125.16,-9.06],[125.06,-9.04],[124.94,-9.08],[124.92,-8.96],[124.7,-9.06],[124.56,-9.18],[124.46,-9.18]]],[[[117.56,4.16],[117.42,4.2],[117.22,4.36],[117.16,4.34],[116.5,4.32],[116.4,4.3],[116.32,4.38],[116.12,4.38],[116.02,4.28],[115.88,4.36],[115.82,4.28],[115.64,4.16],[115.62,4.04],[115.54,3.9],[115.58,3.86],[115.54,3.6],[115.6,3.44],[115.52,3.36],[115.48,3.2],[115.52,3.16],[115.46,3.04],[115.34,3],[115.24,3.04],[115.06,2.82],[115.06,2.6],[115.16,2.6],[115.12,2.48],[114.92,2.3],[114.78,2.24],[114.76,2.14],[114.78,2.04],[114.84,2.02],[114.84,1.9],[114.68,1.82],[114.66,1.7],[114.5,1.44],[114.36,1.5],[114.16,1.42],[114.06,1.46],[113.9,1.44],[113.8,1.34],[113.64,1.24],[113.5,1.32],[113.4,1.3],[113.32,1.36],[113.08,1.44],[112.98,1.42],[113.02,1.54],[112.86,1.58],[112.76,1.56],[112.48,1.56],[112.18,1.44],[112.18,1.36],[112.1,1.16],[111.92,1.12],[111.82,1],[111.66,1.04],[111.54,1],[111.36,1.02],[111.2,1.08],[110.86,1],[110.78,0.9],[110.62,0.9],[110.56,0.86],[110.42,0.9],[110.26,1.04],[110.18,1.18],[110.1,1.2],[109.98,1.28],[109.94,1.38],[109.84,1.4],[109.68,1.58],[109.64,1.76],[109.54,1.82],[109.52,1.88],[109.64,2.08],[109.56,2],[109.34,1.94],[109.34,1.8],[109.26,1.66],[109.1,1.56],[109.06,1.38],[108.92,1.14],[108.98,1],[108.94,0.88],[108.86,0.84],[108.92,0.64],[108.92,0.54],[108.94,0.44],[108.92,0.34],[109.1,0.24],[109.16,0.12],[109.18,-0.08],[109.18,-0.22],[109.1,-0.28],[109.12,-0.5],[109.36,-0.66],[109.24,-0.7],[109.28,-0.86],[109.4,-0.92],[109.44,-0.84],[109.58,-0.9],[109.6,-0.94],[109.68,-0.98],[109.74,-0.96],[109.84,-1.08],[109.92,-1.1],[109.92,-1.22],[110.02,-1.28],[110.06,-1.44],[110.04,-1.64],[109.92,-1.76],[109.96,-1.88],[110.08,-1.92],[110.12,-2.06],[110.1,-2.2],[110.14,-2.28],[110.16,-2.44],[110.22,-2.54],[110.2,-2.64],[110.24,-2.78],[110.2,-2.9],[110.26,-3],[110.5,-2.88],[110.62,-2.9],[110.66,-3.08],[110.76,-3.02],[110.9,-3.08],[111.06,-3.06],[111.3,-2.94],[111.44,-2.92],[111.58,-3],[111.76,-2.9],[111.84,-3.06],[111.82,-3.2],[111.84,-3.36],[111.82,-3.54],[111.9,-3.58],[112.12,-3.38],[112.3,-3.32],[112.4,-3.34],[112.52,-3.44],[112.62,-3.42],[113.02,-3.16],[112.94,-3.08],[113.04,-3],[113.18,-3.08],[113.24,-3.18],[113.34,-3.24],[113.46,-3.18],[113.62,-3.18],[113.64,-3.3],[113.64,-3.46],[113.72,-3.48],[113.88,-3.44],[114.1,-3.34],[114.26,-3.4],[114.42,-3.48],[114.52,-3.48],[114.54,-3.56],[114.62,-3.68],[114.6,-3.86],[114.64,-4.02],[114.6,-4.14],[114.72,-4.18],[115.06,-3.98],[115.58,-3.78],[115.76,-3.7],[115.84,-3.64],[115.96,-3.6],[116,-3.46],[116.08,-3.3],[116.16,-3.26],[116.16,-3.18],[116.26,-3.14],[116.12,-2.94],[116.34,-2.92],[116.36,-2.82],[116.4,-2.58],[116.32,-2.52],[116.54,-2.52],[116.6,-2.22],[116.54,-2.16],[116.4,-2.2],[116.36,-2.1],[116.46,-2.02],[116.46,-1.9],[116.32,-1.7],[116.56,-1.6],[116.54,-1.48],[116.6,-1.42],[116.76,-1.36],[116.82,-1.26],[117.02,-1.2],[117.16,-0.98],[117.3,-0.82],[117.36,-0.88],[117.46,-0.86],[117.58,-0.62],[117.6,-0.42],[117.48,-0.38],[117.44,-0.26],[117.54,-0.04],[117.48,0.06],[117.52,0.3],[117.62,0.42],[117.62,0.5],[117.82,0.82],[118.04,0.86],[117.98,0.98],[118.18,0.88],[118.56,0.8],[118.68,0.84],[118.8,0.8],[119,0.96],[119,1.04],[118.86,1.06],[118.78,1.2],[118.62,1.36],[118.52,1.38],[118.42,1.48],[118.12,1.66],[118.02,1.78],[117.92,1.82],[117.86,2.04],[117.98,2.2],[118.1,2.26],[118.06,2.36],[117.82,2.6],[117.78,2.76],[117.64,2.82],[117.66,3],[117.62,3.08],[117.48,3.1],[117.46,3.18],[117.36,3.18],[117.36,3.3],[117.44,3.44],[117.32,3.44],[117.2,3.56],[117.22,3.64],[117.44,3.64],[117.54,3.66],[117.74,3.64],[117.82,3.7],[117.78,3.8],[117.52,4.04],[117.56,4.16]]],[[[140.98,-2.6],[140.74,-2.64],[140.74,-2.5],[140.6,-2.44],[140.38,-2.4],[140.34,-2.46],[140.1,-2.32],[140.06,-2.36],[139.86,-2.38],[139.28,-2.12],[139.1,-2.02],[138.8,-1.92],[138.66,-1.78],[138.36,-1.72],[138.08,-1.62],[137.92,-1.48],[137.8,-1.48],[137.54,-1.6],[137.34,-1.72],[137.14,-1.78],[137.1,-1.88],[137.2,-1.94],[137.22,-2.08],[137.16,-2.12],[136.96,-2.14],[136.76,-2.24],[136.68,-2.26],[136.48,-2.22],[136.4,-2.22],[136.28,-2.46],[136.26,-2.56],[136.2,-2.62],[136.02,-2.7],[135.96,-2.78],[135.9,-2.98],[135.84,-3.02],[135.72,-3.14],[135.64,-3.18],[135.56,-3.28],[135.48,-3.36],[135.32,-3.38],[134.98,-3.32],[134.88,-3.24],[134.82,-3.06],[134.7,-2.96],[134.66,-2.82],[134.66,-2.56],[134.56,-2.46],[134.48,-2.58],[134.54,-2.84],[134.46,-2.86],[134.4,-2.74],[134.34,-2.52],[134.2,-2.38],[134.16,-2.18],[134.16,-2.04],[134.08,-1.68],[134.2,-1.58],[134.24,-1.44],[134.28,-1.36],[134.2,-1.22],[134.12,-1.14],[134.04,-0.96],[134.1,-0.82],[133.98,-0.72],[133.74,-0.76],[133.4,-0.72],[133.16,-0.54],[132.9,-0.46],[132.7,-0.36],[132.44,-0.34],[132.28,-0.38],[132.1,-0.46],[131.88,-0.68],[131.6,-0.76],[131.48,-0.74],[131.24,-0.82],[131.3,-0.92],[131.26,-1.08],[131.18,-1.22],[131.04,-1.28],[131,-1.46],[131.12,-1.46],[131.2,-1.52],[131.32,-1.46],[131.42,-1.5],[131.58,-1.48],[131.82,-1.6],[131.92,-1.7],[131.98,-1.96],[132.08,-2.1],[132.22,-2.16],[132.34,-2.28],[132.56,-2.18],[132.7,-2.3],[132.82,-2.24],[132.94,-2.28],[133.16,-2.22],[133.3,-2.2],[133.54,-2.24],[133.7,-2.18],[133.94,-2.1],[133.86,-2.22],[133.94,-2.3],[133.92,-2.38],[133.74,-2.52],[133.7,-2.6],[133.6,-2.54],[133.32,-2.5],[133.26,-2.42],[133.04,-2.48],[132.84,-2.74],[132.74,-2.8],[132.58,-2.72],[132.2,-2.68],[132.12,-2.7],[132.04,-2.8],[132,-2.92],[132.08,-2.96],[132.18,-2.92],[132.32,-2.94],[132.56,-3.1],[132.6,-3.24],[132.7,-3.34],[132.82,-3.28],[132.84,-3.46],[132.94,-3.56],[132.88,-3.64],[132.76,-3.62],[132.74,-3.68],[132.78,-3.8],[132.8,-3.92],[132.9,-4.08],[132.96,-4.12],[133.08,-4.06],[133.26,-4.06],[133.46,-3.84],[133.4,-3.72],[133.58,-3.56],[133.56,-3.48],[133.66,-3.36],[133.66,-3.12],[133.88,-2.96],[133.84,-3.08],[133.68,-3.24],[133.7,-3.42],[133.64,-3.46],[133.7,-3.62],[133.8,-3.7],[133.84,-3.64],[133.96,-3.84],[134.18,-3.78],[134.2,-3.94],[134.32,-4.02],[134.36,-3.92],[134.44,-3.9],[134.54,-4.02],[134.7,-3.92],[134.66,-4.14],[134.82,-4.26],[135.18,-4.44],[135.42,-4.44],[135.72,-4.5],[135.98,-4.52],[136.04,-4.58],[136.26,-4.68],[136.36,-4.68],[136.82,-4.92],[136.96,-4.92],[137.26,-5],[137.58,-5.18],[137.7,-5.22],[137.82,-5.36],[137.92,-5.38],[138.06,-5.58],[138.08,-5.72],[138.28,-5.88],[138.36,-6.1],[138.4,-6.24],[138.46,-6.4],[138.68,-6.6],[138.68,-6.7],[138.82,-6.8],[138.74,-6.9],[138.58,-6.9],[138.58,-6.94],[138.76,-7.12],[138.68,-7.2],[138.88,-7.36],[138.96,-7.5],[139.1,-7.56],[139,-7.76],[139,-7.86],[138.92,-7.92],[138.9,-8.04],[138.92,-8.08],[138.86,-8.1],[138.84,-8.14],[138.92,-8.3],[139.08,-8.14],[139.2,-8.1],[139.36,-8.2],[139.52,-8.18],[139.64,-8.12],[139.94,-8.1],[140.04,-8.24],[140.26,-8.4],[140.5,-8.64],[140.62,-8.8],[140.86,-9.04],[140.98,-9.1],[140.98,-7.96],[140.98,-6.9],[140.92,-6.86],[140.84,-6.7],[140.86,-6.6],[140.94,-6.5],[140.98,-6.34],[140.98,-5.62],[140.98,-4.6],[140.98,-3.8],[140.98,-2.6]]],[[[117.66,-8.14],[117.5,-8.18],[117.48,-8.34],[117.56,-8.36],[117.66,-8.14]]],[[[120.76,-7.08],[120.62,-7],[120.62,-7.1],[120.68,-7.16],[120.76,-7.08]]],[[[134.6,-6.42],[134.44,-6.28],[134.36,-6.38],[134.46,-6.42],[134.52,-6.52],[134.6,-6.42]]],[[[134.38,-6.26],[134.34,-6.24],[134.24,-6.14],[134.22,-6.02],[134.12,-6.04],[134.12,-6.12],[134.32,-6.3],[134.38,-6.26]]],[[[109.9,-7.84],[110.04,-7.88],[110.48,-8.12],[111,-8.26],[111.12,-8.24],[111.18,-8.28],[111.28,-8.26],[111.44,-8.28],[111.68,-8.36],[111.8,-8.26],[111.92,-8.3],[112.36,-8.34],[112.68,-8.44],[112.84,-8.38],[112.9,-8.4],[112.98,-8.32],[113.2,-8.28],[113.34,-8.32],[113.42,-8.4],[113.64,-8.46],[113.72,-8.52],[114.2,-8.64],[114.3,-8.62],[114.38,-8.66],[114.38,-8.74],[114.6,-8.78],[114.58,-8.66],[114.46,-8.62],[114.36,-8.4],[114.44,-8.02],[114.46,-7.84],[114.38,-7.76],[114.26,-7.7],[114.14,-7.7],[114.02,-7.62],[113.94,-7.68],[113.8,-7.72],[113.52,-7.7],[113.3,-7.78],[113.14,-7.72],[113.04,-7.66],[112.84,-7.6],[112.76,-7.54],[112.82,-7.26],[112.7,-7.26],[112.58,-6.98],[112.5,-6.92],[112.36,-6.88],[112.2,-6.9],[112.06,-6.9],[111.98,-6.78],[111.88,-6.8],[111.74,-6.78],[111.62,-6.66],[111.5,-6.62],[111.42,-6.7],[111.16,-6.7],[111.06,-6.46],[110.92,-6.4],[110.74,-6.46],[110.66,-6.56],[110.64,-6.68],[110.58,-6.84],[110.48,-6.94],[110.36,-6.98],[110.2,-6.9],[109.9,-6.92],[109.72,-6.86],[109.54,-6.84],[109.36,-6.88],[109.14,-6.86],[109,-6.78],[108.92,-6.84],[108.84,-6.78],[108.74,-6.82],[108.6,-6.76],[108.54,-6.48],[108.46,-6.44],[108.38,-6.34],[108.36,-6.24],[108.22,-6.24],[108.1,-6.32],[107.82,-6.18],[107.68,-6.24],[107.62,-6.18],[107.48,-6.14],[107.36,-5.98],[107.16,-5.98],[107.04,-5.92],[107,-6.08],[106.8,-6.1],[106.72,-6.04],[106.54,-6],[106.5,-6.04],[106.26,-5.94],[106.18,-6.02],[106.06,-5.88],[105.88,-6.08],[105.84,-6.22],[105.82,-6.44],[105.72,-6.54],[105.46,-6.8],[105.36,-6.66],[105.26,-6.76],[105.32,-6.82],[105.56,-6.86],[105.78,-6.86],[105.96,-6.82],[106.06,-6.84],[106.28,-6.98],[106.54,-6.98],[106.54,-7.06],[106.4,-7.2],[106.38,-7.32],[106.52,-7.42],[107.1,-7.46],[107.42,-7.5],[107.6,-7.58],[107.68,-7.66],[107.8,-7.68],[107.86,-7.74],[107.96,-7.74],[108.32,-7.82],[108.46,-7.82],[108.54,-7.7],[108.88,-7.68],[109.02,-7.74],[109.1,-7.68],[109.36,-7.72],[109.42,-7.78],[109.66,-7.78],[109.9,-7.84]]],[[[119.84,-0.88],[119.74,-0.64],[119.68,-0.74],[119.54,-0.86],[119.46,-1.1],[119.32,-1.22],[119.3,-1.38],[119.34,-1.58],[119.3,-1.7],[119.36,-1.82],[119.36,-1.94],[119.22,-2],[119.14,-2.2],[119.14,-2.44],[118.92,-2.64],[118.82,-2.62],[118.76,-2.78],[118.78,-2.86],[118.88,-2.86],[118.86,-3.06],[118.76,-3.1],[118.86,-3.3],[118.84,-3.34],[118.92,-3.56],[119.02,-3.5],[119.2,-3.48],[119.3,-3.42],[119.5,-3.5],[119.5,-3.58],[119.46,-3.72],[119.58,-3.98],[119.64,-3.98],[119.6,-4.24],[119.62,-4.32],[119.6,-4.56],[119.5,-4.76],[119.52,-4.88],[119.46,-5.08],[119.38,-5.2],[119.36,-5.36],[119.44,-5.52],[119.54,-5.64],[119.64,-5.68],[119.8,-5.7],[119.92,-5.56],[120.1,-5.6],[120.32,-5.5],[120.46,-5.6],[120.38,-5.34],[120.26,-5.14],[120.3,-5],[120.3,-4.88],[120.38,-4.82],[120.44,-4.62],[120.4,-4.58],[120.38,-4.16],[120.36,-4.1],[120.36,-3.94],[120.44,-3.72],[120.42,-3.66],[120.4,-3.38],[120.42,-3.26],[120.28,-3.16],[120.24,-2.96],[120.54,-2.74],[120.58,-2.68],[120.78,-2.62],[121,-2.66],[121.06,-2.76],[121.08,-2.98],[121.04,-3.06],[121.06,-3.2],[120.98,-3.26],[120.88,-3.44],[120.9,-3.54],[121.16,-3.8],[121.24,-3.8],[121.36,-3.96],[121.56,-4.02],[121.62,-4.08],[121.58,-4.24],[121.54,-4.24],[121.48,-4.66],[121.56,-4.74],[121.7,-4.84],[121.82,-4.82],[122,-4.86],[122.1,-4.8],[122.04,-4.7],[122.1,-4.52],[122.44,-4.42],[122.6,-4.4],[122.68,-4.48],[122.76,-4.48],[122.9,-4.38],[122.9,-4.2],[122.82,-4.14],[122.68,-4.12],[122.62,-3.96],[122.52,-3.86],[122.44,-3.74],[122.36,-3.72],[122.26,-3.66],[122.2,-3.56],[122.3,-3.46],[122.26,-3.38],[122.38,-3.14],[122.28,-3.04],[122.32,-2.92],[122.2,-2.86],[122.18,-2.8],[122.02,-2.7],[122.02,-2.62],[121.88,-2.42],[121.82,-2.28],[121.7,-2.18],[121.56,-2.14],[121.54,-2.06],[121.32,-1.92],[121.32,-1.78],[121.44,-1.82],[121.54,-1.92],[121.7,-1.9],[121.8,-1.72],[122.04,-1.62],[122.18,-1.62],[122.36,-1.5],[122.48,-1.38],[122.64,-1.16],[122.72,-1.1],[122.82,-0.92],[123.06,-0.88],[123.24,-1.02],[123.38,-1],[123.46,-0.76],[123.4,-0.64],[123.24,-0.58],[123.08,-0.56],[123.02,-0.6],[122.82,-0.62],[122.92,-0.76],[122.72,-0.8],[122.62,-0.76],[122.2,-0.76],[122.1,-0.92],[121.92,-0.96],[121.72,-0.94],[121.66,-0.82],[121.5,-0.86],[121.26,-1.14],[121.2,-1.2],[121.16,-1.32],[121.08,-1.42],[120.98,-1.38],[120.88,-1.4],[120.8,-1.34],[120.68,-1.4],[120.56,-1.22],[120.58,-1.1],[120.5,-0.98],[120.42,-0.9],[120.32,-0.94],[120.24,-0.88],[120.08,-0.66],[120,-0.2],[120.02,-0.08],[120.08,0],[120.12,0.18],[120.28,0.38],[120.38,0.48],[120.5,0.52],[120.68,0.54],[120.9,0.42],[120.98,0.44],[121.12,0.42],[121.16,0.46],[121.5,0.48],[121.52,0.54],[121.7,0.52],[121.8,0.42],[122.32,0.5],[122.6,0.48],[122.98,0.48],[123.08,0.52],[123.24,0.32],[123.4,0.3],[123.58,0.3],[123.64,0.26],[123.74,0.32],[124.06,0.36],[124.32,0.4],[124.5,0.54],[124.66,0.8],[124.82,0.94],[124.9,0.98],[125.04,1.18],[125.14,1.42],[125.24,1.48],[125.16,1.58],[125.18,1.66],[125.04,1.68],[124.98,1.72],[124.84,1.58],[124.86,1.48],[124.7,1.4],[124.54,1.36],[124.6,1.2],[124.38,1.18],[124.32,1.04],[124.16,0.94],[124,0.9],[123.94,0.84],[123.84,0.84],[123.56,0.86],[123.36,0.92],[123.1,0.92],[122.96,0.96],[122.92,0.86],[122.84,0.82],[122.62,0.96],[122.46,1.02],[122.24,1],[122.08,1.06],[121.98,1.02],[121.92,1.1],[121.64,1.06],[121.48,1.12],[121.44,1.24],[121.26,1.22],[121.16,1.3],[120.96,1.34],[120.82,1.32],[120.8,1.06],[120.68,1],[120.56,0.78],[120.46,0.8],[120.34,0.88],[120.34,0.96],[120.28,1],[120.24,0.84],[120.06,0.74],[120.02,0.66],[120.04,0.52],[119.92,0.48],[119.8,0.2],[119.88,0.08],[119.82,-0.08],[119.68,0.04],[119.64,-0.06],[119.74,-0.12],[119.8,-0.1],[119.76,-0.46],[119.8,-0.6],[119.86,-0.72],[119.84,-0.88]]],[[[100.94,1.82],[100.86,2],[100.66,2.14],[100.56,2.16],[100.38,2.36],[100.3,2.56],[100.2,2.7],[100.14,2.68],[100.02,2.74],[99.98,2.94],[99.78,3.12],[99.76,3.18],[99.58,3.22],[99.48,3.34],[99.18,3.54],[98.96,3.68],[98.8,3.72],[98.72,3.8],[98.68,3.92],[98.48,4.04],[98.3,4.08],[98.26,4.18],[98.28,4.42],[98.2,4.5],[98.06,4.56],[97.9,4.88],[97.66,5.08],[97.5,5.26],[97.26,5.16],[96.98,5.28],[96.82,5.28],[96.66,5.22],[96.36,5.22],[96.12,5.28],[95.94,5.42],[95.88,5.52],[95.62,5.62],[95.52,5.6],[95.42,5.64],[95.2,5.54],[95.26,5.4],[95.2,5.3],[95.3,5.2],[95.42,4.82],[95.56,4.64],[95.62,4.62],[96.02,4.22],[96.2,4.12],[96.44,3.82],[96.56,3.74],[96.76,3.74],[96.88,3.68],[97.02,3.52],[97.18,3.24],[97.28,3.22],[97.34,3.04],[97.42,2.92],[97.6,2.86],[97.64,2.66],[97.66,2.42],[97.74,2.28],[97.98,2.24],[98.16,2.16],[98.36,2],[98.54,1.94],[98.66,1.76],[98.76,1.76],[98.82,1.62],[98.74,1.52],[98.92,1.12],[98.98,0.84],[99.04,0.78],[99.04,0.66],[99.08,0.62],[99.14,0.28],[99.24,0.22],[99.32,0.24],[99.4,0.16],[99.62,0.1],[99.74,-0.02],[99.76,-0.16],[99.82,-0.3],[100,-0.46],[100.16,-0.66],[100.3,-0.82],[100.36,-0.98],[100.42,-1.04],[100.36,-1.16],[100.4,-1.26],[100.56,-1.34],[100.58,-1.44],[100.78,-1.82],[100.86,-1.9],[100.88,-2.04],[100.84,-2.14],[100.92,-2.34],[101.1,-2.58],[101.32,-2.74],[101.42,-2.92],[101.64,-3.26],[102.06,-3.56],[102.22,-3.64],[102.3,-3.84],[102.32,-4],[102.7,-4.28],[102.88,-4.42],[102.92,-4.5],[103.18,-4.62],[103.4,-4.82],[103.42,-4.86],[103.7,-4.96],[103.92,-5.14],[103.9,-5.22],[104.12,-5.44],[104.26,-5.54],[104.3,-5.64],[104.38,-5.7],[104.54,-5.84],[104.56,-5.92],[104.7,-5.94],[104.68,-5.8],[104.54,-5.56],[104.62,-5.5],[104.8,-5.6],[105.12,-5.78],[105.2,-5.68],[105.26,-5.46],[105.32,-5.46],[105.48,-5.66],[105.54,-5.66],[105.6,-5.8],[105.78,-5.82],[105.82,-5.66],[105.84,-5.38],[105.86,-5.26],[105.86,-5.04],[105.9,-4.94],[105.88,-4.84],[105.9,-4.46],[105.82,-4.24],[105.88,-4],[105.96,-3.84],[105.82,-3.68],[105.88,-3.46],[105.92,-3.36],[106.06,-3.26],[106.06,-3.04],[106.02,-2.96],[105.88,-2.96],[105.8,-2.86],[105.78,-2.7],[105.68,-2.66],[105.6,-2.56],[105.62,-2.4],[105.2,-2.34],[105.12,-2.38],[104.88,-2.28],[104.76,-2.44],[104.74,-2.34],[104.88,-2.16],[104.88,-2.08],[104.78,-2],[104.66,-2.04],[104.64,-1.92],[104.56,-1.86],[104.46,-1.54],[104.44,-1.3],[104.4,-1.2],[104.38,-1.04],[104.22,-1.08],[103.96,-0.98],[103.84,-1.04],[103.66,-0.94],[103.46,-0.76],[103.38,-0.72],[103.42,-0.52],[103.58,-0.48],[103.48,-0.38],[103.4,-0.38],[103.5,-0.26],[103.46,-0.18],[103.5,-0.12],[103.68,-0.02],[103.8,-0.02],[103.76,0.24],[103.72,0.32],[103.54,0.44],[103.36,0.54],[103.22,0.48],[103.16,0.4],[103.08,0.38],[102.9,0.26],[102.76,0.22],[102.72,0.26],[103.08,0.44],[103.06,0.56],[102.88,0.72],[102.66,0.76],[102.56,0.74],[102.42,0.8],[102.24,0.98],[102.2,1.06],[102.2,1.18],[102.14,1.24],[102.12,1.38],[102.02,1.44],[101.78,1.64],[101.6,1.66],[101.42,1.7],[101.38,1.78],[101.3,2.04],[101.06,2.22],[101.06,2.3],[100.9,2.3],[100.82,2.24],[100.8,2.16],[100.88,2.04],[100.94,1.82]]],[[[120.8,-9.96],[120.66,-9.88],[120.58,-9.74],[120.44,-9.64],[120.34,-9.66],[120.26,-9.62],[120.24,-9.5],[120.08,-9.44],[119.94,-9.28],[119.82,-9.38],[119.62,-9.34],[119.16,-9.38],[119.02,-9.44],[118.94,-9.58],[119.04,-9.68],[119.18,-9.74],[119.28,-9.74],[119.4,-9.8],[119.48,-9.74],[119.68,-9.8],[119.7,-9.86],[119.98,-10],[120.08,-10.16],[120.16,-10.22],[120.4,-10.26],[120.44,-10.32],[120.56,-10.22],[120.72,-10.2],[120.82,-10.1],[120.8,-9.96]]],[[[119.72,-8.62],[119.62,-8.72],[119.72,-8.76],[119.72,-8.62]]],[[[119.56,-8.52],[119.42,-8.48],[119.38,-8.58],[119.44,-8.68],[119.56,-8.52]]],[[[123.34,-8.26],[123.24,-8.24],[123.12,-8.26],[123.04,-8.34],[123.04,-8.42],[123.32,-8.38],[123.34,-8.26]]],[[[116.64,-8.28],[116.38,-8.2],[116.26,-8.24],[116.1,-8.4],[116.02,-8.44],[116.08,-8.58],[116.06,-8.72],[115.82,-8.8],[116,-8.9],[116.06,-8.86],[116.2,-8.92],[116.56,-8.9],[116.5,-8.8],[116.68,-8.56],[116.74,-8.4],[116.64,-8.28]]],[[[119.2,-8.62],[119.08,-8.66],[119.04,-8.54],[119.06,-8.48],[118.98,-8.3],[118.82,-8.3],[118.7,-8.38],[118.64,-8.28],[118.44,-8.26],[118.36,-8.34],[118.24,-8.32],[118.12,-8.12],[117.9,-8.1],[117.72,-8.16],[117.7,-8.22],[117.82,-8.36],[118,-8.48],[118.06,-8.46],[118.3,-8.6],[118.2,-8.66],[118.06,-8.66],[117.96,-8.74],[117.88,-8.7],[117.8,-8.72],[117.78,-8.6],[117.64,-8.56],[117.62,-8.46],[117.56,-8.4],[117.36,-8.44],[117.2,-8.36],[116.98,-8.5],[116.8,-8.58],[116.74,-8.66],[116.82,-8.78],[116.74,-8.88],[116.76,-9.02],[117,-9.1],[117.12,-9.1],[117.22,-9.02],[117.34,-9.06],[117.56,-9],[117.74,-8.9],[117.9,-8.94],[118.08,-8.84],[118.16,-8.86],[118.3,-8.76],[118.46,-8.86],[118.74,-8.78],[118.76,-8.72],[118.9,-8.68],[119,-8.76],[119.16,-8.74],[119.2,-8.62]]],[[[123.02,-8.28],[122.98,-8.14],[122.86,-8.06],[122.8,-8.12],[122.8,-8.24],[122.88,-8.28],[122.76,-8.36],[122.6,-8.4],[122.5,-8.48],[122.5,-8.58],[122.28,-8.64],[122.02,-8.5],[121.84,-8.48],[121.68,-8.52],[121.5,-8.6],[121.38,-8.58],[121.3,-8.48],[121.04,-8.4],[120.98,-8.34],[120.74,-8.32],[120.66,-8.26],[120.28,-8.26],[120.1,-8.4],[119.92,-8.46],[119.8,-8.6],[119.82,-8.78],[119.98,-8.82],[120.14,-8.78],[120.24,-8.82],[120.38,-8.8],[120.6,-8.8],[120.76,-8.86],[120.84,-8.82],[120.92,-8.92],[121.06,-8.94],[121.16,-8.9],[121.34,-8.92],[121.4,-8.8],[121.8,-8.88],[122,-8.8],[122.12,-8.74],[122.4,-8.74],[122.56,-8.66],[122.8,-8.62],[122.8,-8.48],[122.9,-8.44],[122.9,-8.36],[123.02,-8.28]]],[[[115.62,-8.28],[115.5,-8.18],[115.22,-8.06],[115.14,-8.08],[115.02,-8.18],[114.86,-8.2],[114.7,-8.14],[114.44,-8.12],[114.46,-8.22],[114.54,-8.34],[114.64,-8.4],[114.8,-8.4],[114.92,-8.46],[115.16,-8.66],[115.26,-8.72],[115.32,-8.62],[115.6,-8.5],[115.72,-8.38],[115.62,-8.28]]],[[[115.58,-6.9],[115.46,-6.84],[115.28,-6.84],[115.22,-6.9],[115.26,-6.98],[115.38,-6.92],[115.58,-6.9]]],[[[112.7,-5.72],[112.58,-5.8],[112.7,-5.84],[112.7,-5.72]]],[[[102.4,-5.4],[102.28,-5.32],[102.18,-5.28],[102.1,-5.34],[102.3,-5.48],[102.4,-5.4]]],[[[116.4,-3.4],[116.32,-3.54],[116.4,-3.64],[116.44,-3.4],[116.4,-3.4]]],[[[116.3,-3.72],[116.26,-3.4],[116.26,-3.22],[116.12,-3.32],[116.06,-3.48],[116.02,-3.66],[116.08,-3.8],[116.06,-4.04],[116.12,-4.04],[116.3,-3.88],[116.3,-3.72]]],[[[100.4,-3.18],[100.48,-3.12],[100.46,-3.02],[100.26,-2.8],[100.18,-2.8],[100.18,-2.96],[100.4,-3.18]]],[[[100.2,-2.7],[99.98,-2.48],[100,-2.82],[100.14,-2.82],[100.2,-2.7]]],[[[99.82,-2.3],[99.72,-2.16],[99.7,-2.06],[99.6,-2.02],[99.54,-2.16],[99.72,-2.32],[99.82,-2.3]]],[[[108.96,-1.58],[108.9,-1.54],[108.8,-1.56],[108.84,-1.66],[108.94,-1.64],[108.96,-1.58]]],[[[109.76,-1.1],[109.7,-0.98],[109.66,-1],[109.58,-0.98],[109.46,-1],[109.42,-1.26],[109.48,-1.3],[109.7,-1.2],[109.76,-1.1]]],[[[99.28,-1.64],[99.2,-1.58],[99.16,-1.42],[99.12,-1.36],[98.88,-0.92],[98.66,-0.96],[98.64,-1.1],[98.6,-1.2],[98.82,-1.52],[98.88,-1.68],[99.1,-1.8],[99.24,-1.78],[99.22,-1.64],[99.28,-1.64]]],[[[98.5,-0.46],[98.5,-0.36],[98.46,-0.26],[98.36,-0.34],[98.32,-0.54],[98.4,-0.58],[98.5,-0.46]]],[[[98.48,-0.16],[98.44,-0.06],[98.34,-0.04],[98.52,-0.32],[98.56,-0.28],[98.48,-0.16]]],[[[103.3,0.62],[103.22,0.7],[103.14,0.58],[103.18,0.52],[103.28,0.54],[103.3,0.62]]],[[[103.48,0.78],[103.4,0.88],[103.34,0.76],[103.42,0.66],[103.48,0.78]]],[[[103.04,0.8],[103.02,0.84],[102.76,1.02],[102.66,1],[102.56,1.12],[102.46,1.06],[102.5,0.98],[102.4,0.88],[102.56,0.78],[102.68,0.8],[102.86,0.8],[103,0.7],[103.04,0.8]]],[[[103.12,0.92],[103.04,1.04],[102.8,1.16],[102.72,1.16],[102.64,1.04],[102.8,1.04],[103.08,0.84],[103.12,0.92]]],[[[104.14,1.16],[104.04,1.18],[103.9,1.1],[103.96,1.02],[104.04,0.98],[104.14,1.04],[104.14,1.16]]],[[[104.66,1.1],[104.58,1.14],[104.4,1.2],[104.24,1.1],[104.32,1],[104.46,1.06],[104.48,0.86],[104.6,0.84],[104.66,0.94],[104.66,1.1]]],[[[102.48,1.24],[102.3,1.4],[102.22,1.4],[102.2,1.3],[102.24,1.22],[102.24,1.1],[102.34,0.96],[102.46,0.96],[102.44,1.1],[102.48,1.24]]],[[[102.5,1.36],[102.5,1.48],[102.34,1.56],[102.16,1.58],[102.08,1.62],[102,1.58],[102.14,1.46],[102.34,1.42],[102.44,1.3],[102.5,1.36]]],[[[101.72,2.06],[101.64,2.12],[101.54,2.06],[101.44,2.06],[101.4,1.94],[101.46,1.76],[101.58,1.7],[101.72,1.78],[101.78,1.94],[101.72,2.06]]],[[[96.48,2.42],[96.44,2.5],[96.24,2.6],[96.1,2.76],[95.98,2.8],[95.88,2.92],[95.78,2.9],[95.7,2.78],[95.94,2.6],[96.06,2.58],[96.3,2.38],[96.42,2.34],[96.48,2.42]]],[[[117.62,3.44],[117.54,3.42],[117.58,3.32],[117.66,3.28],[117.68,3.42],[117.62,3.44]]],[[[117.52,3.48],[117.4,3.56],[117.26,3.6],[117.26,3.5],[117.52,3.48]]],[[[117.7,4.12],[117.6,4.06],[117.66,3.98],[117.74,4.02],[117.7,4.12]]],[[[108.4,3.88],[108.4,4],[108.26,4.14],[108.18,4.18],[107.98,4.02],[108.06,3.86],[108.18,3.82],[108.1,3.7],[108.18,3.66],[108.32,3.68],[108.4,3.88]]],[[[123.4,-10.6],[123.34,-10.5],[123.22,-10.54],[123.16,-10.64],[123.04,-10.72],[122.82,-10.78],[122.84,-10.92],[122.98,-10.86],[123.2,-10.82],[123.24,-10.74],[123.34,-10.68],[123.4,-10.6]]],[[[121.94,-10.44],[121.86,-10.44],[121.74,-10.6],[121.86,-10.6],[122,-10.52],[121.94,-10.44]]],[[[123.46,-10.14],[123.4,-10.16],[123.32,-10.26],[123.4,-10.34],[123.5,-10.2],[123.46,-10.14]]],[[[123.92,-8.22],[123.8,-8.18],[123.64,-8.28],[123.6,-8.36],[123.52,-8.34],[123.36,-8.42],[123.32,-8.54],[123.4,-8.58],[123.58,-8.5],[123.66,-8.4],[123.72,-8.4],[123.78,-8.3],[123.92,-8.22]]],[[[124.3,-8.22],[124.26,-8.18],[124.1,-8.38],[123.98,-8.34],[124.08,-8.56],[124.16,-8.52],[124.2,-8.42],[124.3,-8.32],[124.3,-8.22]]],[[[138.9,-8.34],[138.84,-8.18],[138.68,-8.18],[138.56,-8.3],[138.56,-8.36],[138.9,-8.4],[138.9,-8.34]]],[[[125.14,-8.22],[125.1,-8.16],[124.66,-8.16],[124.56,-8.14],[124.46,-8.14],[124.4,-8.22],[124.42,-8.3],[124.34,-8.42],[124.42,-8.46],[124.66,-8.4],[124.76,-8.4],[125.12,-8.36],[125.14,-8.22]]],[[[128.1,-8.14],[128.02,-8.14],[127.84,-8.1],[127.8,-8.18],[128,-8.26],[128.12,-8.18],[128.1,-8.14]]],[[[131.1,-8.14],[131.04,-8.08],[130.92,-8.2],[131,-8.24],[131.1,-8.14]]],[[[129.84,-7.88],[129.72,-7.8],[129.58,-7.84],[129.6,-7.92],[129.7,-8.04],[129.78,-8.06],[129.86,-7.94],[129.84,-7.88]]],[[[126.84,-7.72],[126.72,-7.66],[126.64,-7.56],[126.5,-7.6],[126.32,-7.7],[126.2,-7.72],[125.94,-7.68],[125.8,-7.86],[125.82,-8],[125.92,-7.92],[126.08,-7.88],[126.18,-7.92],[126.42,-7.94],[126.46,-7.96],[126.56,-7.82],[126.72,-7.74],[126.84,-7.72]]],[[[138.94,-7.54],[138.8,-7.38],[138.62,-7.36],[138.4,-7.4],[138.24,-7.46],[138.02,-7.62],[137.9,-7.82],[137.8,-8.04],[137.76,-8.08],[137.64,-8.38],[137.68,-8.42],[137.84,-8.38],[138.18,-8.38],[138.3,-8.42],[138.44,-8.38],[138.6,-8.26],[138.66,-8.16],[138.82,-8.1],[138.9,-8.08],[138.88,-7.94],[138.98,-7.82],[139.04,-7.56],[138.94,-7.54]]],[[[131.7,-7.22],[131.64,-7.1],[131.52,-7.18],[131.34,-7.44],[131.26,-7.48],[131.18,-7.64],[131.12,-7.74],[131.16,-7.8],[131.08,-7.88],[131.12,-8],[131.22,-8],[131.36,-7.94],[131.38,-7.84],[131.56,-7.7],[131.64,-7.6],[131.7,-7.42],[131.64,-7.26],[131.7,-7.22]]],[[[128.66,-7.14],[128.62,-7.06],[128.54,-7.16],[128.64,-7.22],[128.66,-7.14]]],[[[114.04,-6.92],[113.92,-6.86],[113.52,-6.9],[113.44,-6.88],[112.92,-6.9],[112.7,-7.06],[112.74,-7.16],[112.82,-7.16],[113.12,-7.24],[113.26,-7.22],[113.54,-7.24],[113.58,-7.16],[113.66,-7.12],[113.84,-7.14],[113.9,-7.04],[114.1,-6.98],[114.04,-6.92]]],[[[134.48,-6.58],[134.44,-6.44],[134.34,-6.4],[134.3,-6.3],[134.12,-6.18],[134.12,-6.32],[134.08,-6.82],[134.18,-6.92],[134.32,-6.86],[134.4,-6.72],[134.5,-6.64],[134.48,-6.58]]],[[[120.54,-5.94],[120.44,-5.84],[120.44,-6.14],[120.56,-6.12],[120.54,-5.94]]],[[[132.8,-5.78],[132.68,-5.74],[132.66,-5.88],[132.74,-5.96],[132.8,-5.78]]],[[[134.76,-6.16],[134.72,-5.92],[134.76,-5.9],[134.72,-5.72],[134.76,-5.68],[134.7,-5.54],[134.58,-5.42],[134.5,-5.44],[134.36,-5.72],[134.36,-5.84],[134.28,-6.08],[134.34,-6.22],[134.5,-6.3],[134.6,-6.36],[134.7,-6.32],[134.76,-6.16]]],[[[133.18,-5.32],[133.12,-5.32],[133.02,-5.54],[133.12,-5.6],[133.18,-5.32]]],[[[122.06,-5.22],[121.98,-5.08],[121.86,-5.1],[121.8,-5.26],[121.88,-5.4],[121.96,-5.46],[122.06,-5.44],[122.06,-5.22]]],[[[122.78,-4.92],[122.74,-4.64],[122.66,-4.62],[122.5,-4.72],[122.4,-4.74],[122.32,-4.84],[122.4,-5.06],[122.34,-5.1],[122.28,-5.32],[122.4,-5.36],[122.54,-5.42],[122.66,-5.32],[122.6,-5.24],[122.64,-5.08],[122.78,-4.92]]],[[[123.14,-5.22],[122.98,-5.08],[122.96,-5],[123.02,-4.92],[123.04,-4.76],[123.14,-4.72],[123.2,-4.62],[123.14,-4.5],[123.02,-4.4],[122.9,-4.48],[122.84,-4.64],[122.86,-4.82],[122.76,-5.2],[122.56,-5.5],[122.64,-5.66],[122.72,-5.62],[122.82,-5.68],[122.92,-5.52],[122.88,-5.46],[122.98,-5.4],[123.06,-5.42],[123.22,-5.3],[123.14,-5.22]]],[[[123.2,-4],[123.02,-3.98],[122.96,-4.04],[122.98,-4.12],[123.08,-4.24],[123.16,-4.22],[123.26,-4.08],[123.2,-4]]],[[[128.52,-3.54],[128.42,-3.54],[128.38,-3.62],[128.56,-3.6],[128.52,-3.54]]],[[[128.34,-3.52],[128.16,-3.58],[128.04,-3.58],[127.92,-3.7],[127.98,-3.78],[128.04,-3.72],[128.12,-3.74],[128.24,-3.72],[128.34,-3.62],[128.34,-3.52]]],[[[127.24,-3.48],[127.26,-3.38],[127.04,-3.3],[127.1,-3.2],[126.9,-3.12],[126.84,-3.08],[126.72,-3.06],[126.42,-3.08],[126.3,-3.1],[126.18,-3.18],[126.1,-3.12],[126,-3.24],[126.06,-3.44],[126.14,-3.52],[126.18,-3.6],[126.58,-3.82],[126.74,-3.86],[126.94,-3.76],[127.12,-3.66],[127.24,-3.6],[127.24,-3.48]]],[[[106.9,-2.92],[106.82,-2.9],[106.72,-2.96],[106.86,-3.02],[106.9,-2.92]]],[[[130.88,-3.58],[130.76,-3.4],[130.66,-3.4],[130.58,-3.12],[130.48,-3.08],[130.34,-2.98],[130.04,-3],[129.62,-2.8],[129.44,-2.78],[129.36,-2.86],[129.12,-2.96],[129.06,-2.8],[128.86,-2.86],[128.6,-2.86],[128.52,-2.84],[128.38,-2.86],[128.18,-2.86],[128.1,-2.98],[128.1,-3.06],[128,-3.08],[127.88,-3.2],[127.94,-3.32],[128.02,-3.36],[128.06,-3.2],[128.28,-3.22],[128.4,-3.42],[128.48,-3.46],[128.68,-3.44],[128.7,-3.34],[128.88,-3.2],[128.96,-3.22],[128.96,-3.36],[129.12,-3.34],[129.24,-3.4],[129.36,-3.42],[129.48,-3.46],[129.56,-3.44],[129.54,-3.3],[129.9,-3.34],[129.98,-3.46],[130.12,-3.54],[130.42,-3.64],[130.6,-3.78],[130.82,-3.86],[130.84,-3.7],[130.88,-3.58]]],[[[108.3,-2.84],[108.2,-2.68],[108.06,-2.6],[107.78,-2.56],[107.68,-2.56],[107.64,-2.74],[107.6,-2.78],[107.62,-2.92],[107.58,-3.02],[107.64,-3.12],[107.6,-3.22],[107.76,-3.2],[107.88,-3.08],[107.96,-3.16],[108,-3.24],[108.1,-3.16],[108.18,-3.14],[108.2,-3],[108.3,-2.84]]],[[[126.06,-2.38],[125.98,-2.18],[126,-2.02],[125.88,-2.02],[125.86,-2.08],[125.94,-2.28],[125.96,-2.4],[126.06,-2.38]]],[[[126.32,-1.82],[126,-1.78],[125.7,-1.82],[125.5,-1.8],[125.4,-1.78],[125.44,-1.94],[125.98,-1.9],[126.28,-1.86],[126.32,-1.82]]],[[[130.38,-1.88],[130.44,-1.86],[130.36,-1.74],[130.02,-1.76],[129.74,-1.86],[129.74,-1.92],[129.92,-2],[130.06,-2.02],[130.12,-2.06],[130.38,-2.02],[130.38,-1.88]]],[[[125.32,-1.78],[125.18,-1.7],[125.02,-1.72],[124.64,-1.64],[124.38,-1.66],[124.34,-1.82],[124.4,-2],[124.54,-2],[124.86,-1.9],[125.02,-1.94],[125.12,-1.9],[125.32,-1.86],[125.32,-1.78]]],[[[136.84,-1.76],[136.7,-1.74],[136.4,-1.72],[136.2,-1.66],[135.9,-1.64],[135.46,-1.58],[135.48,-1.68],[135.72,-1.7],[136.28,-1.9],[136.34,-1.86],[136.46,-1.9],[136.64,-1.88],[136.84,-1.76]]],[[[106.76,-2.56],[106.36,-2.46],[106.26,-2.36],[106.16,-2],[106.18,-1.88],[106.04,-1.68],[106.04,-1.58],[105.88,-1.48],[105.72,-1.52],[105.76,-1.64],[105.66,-1.7],[105.62,-1.54],[105.46,-1.56],[105.34,-1.64],[105.4,-1.74],[105.38,-1.82],[105.16,-1.94],[105.14,-2.08],[105.22,-2.08],[105.3,-2.14],[105.46,-2.12],[105.56,-2.06],[105.6,-2.12],[105.8,-2.18],[105.82,-2.4],[105.94,-2.5],[105.9,-2.62],[105.98,-2.82],[106.1,-2.84],[106.44,-2.98],[106.54,-3.1],[106.6,-3.08],[106.7,-3.1],[106.74,-3.02],[106.62,-2.94],[106.68,-2.7],[106.76,-2.56]]],[[[128.14,-1.6],[128.04,-1.54],[127.9,-1.42],[127.62,-1.32],[127.4,-1.5],[127.38,-1.64],[127.54,-1.74],[127.7,-1.7],[127.94,-1.68],[128.06,-1.72],[128.16,-1.66],[128.14,-1.6]]],[[[123.5,-1.26],[123.36,-1.22],[123.26,-1.38],[123.2,-1.3],[123.24,-1.22],[123.2,-1.16],[122.9,-1.18],[122.84,-1.28],[122.82,-1.44],[122.88,-1.58],[123,-1.5],[123.1,-1.34],[123.16,-1.32],[123.18,-1.48],[123.32,-1.42],[123.4,-1.52],[123.52,-1.44],[123.56,-1.28],[123.5,-1.26]]],[[[135,-1.02],[134.94,-0.96],[134.84,-0.96],[134.8,-1.02],[134.86,-1.1],[134.96,-1.12],[135,-1.02]]],[[[131.06,-1],[131.04,-0.92],[130.92,-0.9],[130.68,-0.96],[130.74,-1.22],[130.86,-1.34],[130.98,-1.34],[131.08,-1.08],[131.06,-1]]],[[[130.92,-0.78],[130.74,-0.82],[130.64,-0.8],[130.52,-0.84],[130.54,-0.92],[130.82,-0.88],[130.92,-0.78]]],[[[136.38,-1.1],[136.2,-1.06],[136.06,-0.88],[135.84,-0.7],[135.78,-0.74],[135.68,-0.68],[135.36,-0.66],[135.4,-0.72],[135.48,-0.76],[135.64,-0.88],[135.74,-0.82],[135.78,-0.88],[135.82,-1.1],[135.9,-1.18],[136,-1.16],[136.14,-1.22],[136.3,-1.18],[136.38,-1.1]]],[[[127.3,-0.74],[127.22,-0.62],[127.16,-0.78],[127.3,-0.74]]],[[[104.54,-0.4],[104.46,-0.34],[104.38,-0.4],[104.32,-0.36],[104.26,-0.48],[104.34,-0.54],[104.52,-0.6],[104.6,-0.48],[104.54,-0.4]]],[[[122.02,-0.34],[121.88,-0.34],[121.88,-0.4],[122.02,-0.4],[122.02,-0.34]]],[[[127.88,-0.76],[127.78,-0.68],[127.66,-0.7],[127.6,-0.62],[127.68,-0.46],[127.54,-0.3],[127.46,-0.4],[127.32,-0.34],[127.3,-0.52],[127.4,-0.62],[127.46,-0.82],[127.62,-0.76],[127.66,-0.82],[127.74,-0.88],[127.82,-0.86],[127.88,-0.76]]],[[[127.24,-0.5],[127.28,-0.38],[127.24,-0.26],[127.12,-0.28],[127.1,-0.44],[127.18,-0.52],[127.24,-0.5]]],[[[103.72,-0.26],[103.56,-0.22],[103.46,-0.34],[103.62,-0.38],[103.72,-0.34],[103.72,-0.26]]],[[[131.3,-0.24],[131.3,-0.16],[131.16,-0.08],[130.82,0],[130.5,-0.06],[130.36,-0.12],[130.28,-0.1],[130.32,-0.26],[130.46,-0.28],[130.58,-0.34],[130.68,-0.34],[130.74,-0.44],[130.86,-0.42],[130.94,-0.36],[130.88,-0.3],[130.82,-0.32],[130.62,-0.12],[130.7,-0.08],[130.96,-0.34],[131.02,-0.36],[131.16,-0.34],[131.24,-0.38],[131.34,-0.28],[131.3,-0.24]]],[[[104.92,-0.24],[104.84,-0.14],[104.76,-0.18],[104.62,0],[104.52,0],[104.5,-0.14],[104.44,-0.18],[104.54,-0.28],[104.74,-0.22],[104.86,-0.3],[104.92,-0.24]]],[[[97.92,1],[97.8,1.14],[97.7,1.18],[97.48,1.48],[97.34,1.54],[97.24,1.42],[97.08,1.42],[97.24,1.28],[97.38,1.02],[97.38,0.96],[97.62,0.82],[97.7,0.58],[97.82,0.56],[97.88,0.64],[97.9,0.9],[97.92,1]]],[[[127.66,-0.2],[127.7,-0.28],[127.86,-0.36],[128.04,-0.72],[128.24,-0.8],[128.26,-0.86],[128.4,-0.9],[128.22,-0.7],[128.04,-0.42],[128.02,-0.32],[127.9,-0.02],[127.92,0.14],[127.88,0.3],[127.92,0.44],[127.96,0.48],[128.16,0.46],[128.26,0.4],[128.48,0.38],[128.54,0.32],[128.86,0.24],[128.82,0.32],[128.7,0.34],[128.68,0.54],[128.32,0.66],[128.22,0.78],[128.3,0.82],[128.32,0.9],[128.44,0.94],[128.7,1.08],[128.74,1.4],[128.68,1.44],[128.72,1.58],[128.46,1.54],[128.36,1.5],[128.18,1.38],[128.14,1.3],[128.2,1.2],[128.16,1.14],[128.06,1.12],[127.94,1],[127.92,0.86],[127.8,0.8],[127.66,0.9],[127.64,1],[127.84,1.14],[127.9,1.16],[127.98,1.3],[128.04,1.54],[128,1.62],[128.02,1.72],[127.94,1.8],[127.86,1.82],[127.86,1.92],[127.94,1.98],[128.06,2.14],[127.92,2.18],[127.68,1.92],[127.58,1.76],[127.52,1.54],[127.54,1.48],[127.4,1.22],[127.42,1.12],[127.5,1.06],[127.5,0.88],[127.62,0.84],[127.56,0.74],[127.52,0.56],[127.58,0.42],[127.72,0.28],[127.68,0.16],[127.7,0.04],[127.66,-0.2]]],[[[128.68,2.48],[128.6,2.6],[128.46,2.6],[128.32,2.46],[128.2,2.26],[128.24,2.1],[128.34,2.04],[128.5,2.06],[128.56,2.1],[128.64,2.26],[128.68,2.48]]],[[[125.66,3.46],[125.52,3.7],[125.44,3.64],[125.52,3.58],[125.5,3.48],[125.62,3.4],[125.66,3.46]]],[[[126.88,4.34],[126.88,4.46],[126.82,4.54],[126.74,4.54],[126.7,4.42],[126.72,4.26],[126.8,4.24],[126.66,4.04],[126.76,4],[126.8,4.04],[126.8,4.16],[126.92,4.28],[126.88,4.34]]],[[[123.6,-1.6],[123.54,-1.5],[123.48,-1.56],[123.48,-1.7],[123.58,-1.72],[123.6,-1.6]]],[[[98.54,0.16],[98.54,0.1],[98.68,0.08],[98.84,0.08],[98.84,0.14],[98.72,0.18],[98.54,0.16]]]]},"properties":{"ADMIN":"Indonesia","ADM0_A3":"IDN"}},
{"type":"Feature","geometry":{"type":"MultiPolygon","coordinates":[[[[117.9,4.16],[117.78,4.24],[117.7,4.16],[117.9,4.16]]],[[[117.56,4.16],[117.66,4.28],[117.6,4.38],[117.68,4.42],[117.9,4.26],[118,4.24],[118.14,4.3],[118.54,4.36],[118.64,4.44],[118.6,4.52],[118.44,4.62],[118.34,4.66],[118.22,4.76],[118.14,4.88],[118.22,4.96],[118.36,5.04],[118.5,4.94],[118.58,4.98],[118.68,4.94],[119.16,5.1],[119.26,5.2],[119.28,5.36],[119.2,5.44],[119.08,5.4],[118.98,5.42],[118.74,5.54],[118.6,5.68],[118.42,5.8],[118.26,5.82],[118.18,5.8],[118.12,5.7],[117.96,5.68],[117.94,5.82],[118.06,5.8],[118.12,5.86],[118.02,6.06],[117.88,5.96],[117.66,5.96],[117.66,6.08],[117.6,6.18],[117.72,6.26],[117.74,6.38],[117.64,6.52],[117.5,6.6],[117.44,6.56],[117.3,6.62],[117.22,6.84],[117.24,6.96],[117.14,7],[117.02,6.9],[117.06,6.84],[116.98,6.7],[116.82,6.58],[116.78,6.62],[116.86,6.82],[116.84,6.98],[116.74,7.02],[116.66,6.88],[116.64,6.72],[116.5,6.5],[116.34,6.38],[116.32,6.32],[116.2,6.22],[116.06,5.94],[116.06,5.84],[115.92,5.74],[115.84,5.56],[115.68,5.52],[115.56,5.54],[115.4,5.42],[115.36,5.32],[115.48,5.22],[115.56,5.2],[115.56,5.06],[115.36,4.9],[115.2,4.96],[115.14,4.9],[115.2,4.82],[115.28,4.64],[115.28,4.48],[115.34,4.38],[115.32,4.32],[115.12,4.38],[115.04,4.62],[115.02,4.82],[114.98,4.88],[114.76,4.74],[114.78,4.5],[114.84,4.36],[114.76,4.14],[114.68,4.04],[114.58,4.02],[114.48,4.14],[114.42,4.26],[114.3,4.32],[114.24,4.48],[114,4.6],[113.94,4.28],[113.74,4],[113.44,3.76],[113.4,3.64],[113.28,3.48],[113.06,3.28],[112.98,3.14],[112.02,2.88],[111.86,2.88],[111.66,2.84],[111.44,2.68],[111.4,2.48],[111.44,2.38],[111.36,2.34],[111.26,2.42],[111.2,2.38],[111.18,2.14],[111.22,2.08],[111.1,1.78],[110.96,1.5],[110.84,1.56],[110.72,1.54],[110.36,1.72],[109.92,1.7],[109.88,1.76],[109.74,1.84],[109.66,1.94],[109.64,2.08],[109.52,1.88],[109.54,1.82],[109.64,1.76],[109.68,1.58],[109.84,1.4],[109.94,1.38],[109.98,1.28],[110.1,1.2],[110.18,1.18],[110.26,1.04],[110.42,0.9],[110.56,0.86],[110.62,0.9],[110.78,0.9],[110.86,1],[111.2,1.08],[111.36,1.02],[111.54,1],[111.66,1.04],[111.82,1],[111.92,1.12],[112.1,1.16],[112.18,1.36],[112.18,1.44],[112.48,1.56],[112.76,1.56],[112.86,1.58],[113.02,1.54],[112.98,1.42],[113.08,1.44],[113.32,1.36],[113.4,1.3],[113.5,1.32],[113.64,1.24],[113.8,1.34],[113.9,1.44],[114.06,1.46],[114.16,1.42],[114.36,1.5],[114.5,1.44],[114.66,1.7],[114.68,1.82],[114.84,1.9],[114.84,2.02],[114.78,2.04],[114.76,2.14],[114.78,2.24],[114.92,2.3],[115.12,2.48],[115.16,2.6],[115.06,2.6],[115.06,2.82],[115.24,3.04],[115.34,3],[115.46,3.04],[115.52,3.16],[115.48,3.2],[115.52,3.36],[115.6,3.44],[115.54,3.6],[115.58,3.86],[115.54,3.9],[115.62,4.04],[115.64,4.16],[115.82,4.28],[115.88,4.36],[116.02,4.28],[116.12,4.38],[116.32,4.38],[116.4,4.3],[116.5,4.32],[117.16,4.34],[117.22,4.36],[117.42,4.2],[117.56,4.16]]],[[[102.08,6.26],[102.06,6.1],[101.96,6.02],[101.92,5.86],[101.8,5.74],[101.66,5.78],[101.54,5.9],[101.24,5.78],[101.22,5.7],[101.1,5.64],[100.96,5.78],[101.02,5.9],[101.08,5.92],[101.1,6.08],[101.06,6.14],[101.08,6.24],[100.98,6.28],[100.82,6.26],[100.8,6.42],[100.72,6.5],[100.64,6.44],[100.38,6.52],[100.32,6.58],[100.28,6.68],[100.16,6.7],[100.12,6.44],[100.18,6.3],[100.24,6.22],[100.34,6.02],[100.38,5.82],[100.34,5.66],[100.38,5.5],[100.38,5.38],[100.44,5.3],[100.4,5.12],[100.36,5.08],[100.46,4.9],[100.58,4.86],[100.64,4.54],[100.56,4.32],[100.64,4.16],[100.78,4.08],[100.72,4],[100.72,3.86],[101.04,3.62],[101.1,3.48],[101.3,3.28],[101.38,3],[101.28,2.92],[101.28,2.84],[101.4,2.82],[101.54,2.66],[101.78,2.58],[101.86,2.42],[101.98,2.4],[102.18,2.22],[102.48,2.1],[102.72,1.84],[102.8,1.86],[102.94,1.74],[103.04,1.72],[103.2,1.62],[103.36,1.54],[103.44,1.36],[103.5,1.28],[103.68,1.44],[103.84,1.48],[104.22,1.34],[104.3,1.44],[104.26,1.64],[104.12,1.96],[103.98,2.2],[103.94,2.34],[103.84,2.46],[103.76,2.62],[103.64,2.68],[103.48,2.86],[103.44,2.96],[103.46,3.2],[103.42,3.36],[103.48,3.52],[103.4,3.6],[103.34,3.76],[103.44,3.98],[103.4,4.12],[103.46,4.18],[103.5,4.34],[103.46,4.48],[103.46,4.56],[103.44,4.8],[103.12,5.38],[102.96,5.54],[102.88,5.58],[102.7,5.72],[102.5,5.9],[102.38,6.14],[102.32,6.2],[102.08,6.26]]],[[[111.42,2.4],[111.38,2.52],[111.38,2.7],[111.3,2.7],[111.3,2.46],[111.42,2.4]]],[[[100.3,5.46],[100.2,5.4],[100.2,5.28],[100.28,5.26],[100.34,5.42],[100.3,5.46]]],[[[99.9,6.36],[99.86,6.46],[99.72,6.36],[99.72,6.26],[99.9,6.36]]],[[[117.18,7.34],[117.06,7.28],[117.06,7.12],[117.22,7.2],[117.28,7.3],[117.18,7.34]]]]},"properties":{"ADMIN":"Malaysia","ADM0_A3":"MYS"}},
{"type":"Feature","geometry":{"type":"MultiPolygon","coordinates":[[[[-69.52,-17.5],[-69.68,-17.66],[-69.82,-17.66],[-69.86,-17.74],[-69.78,-17.98],[-69.86,-18.14],[-69.98,-18.26],[-70.14,-18.32],[-70.4,-18.34],[-70.3,-18.44],[-70.36,-18.64],[-70.36,-18.78],[-70.28,-19.1],[-70.28,-19.3],[-70.22,-19.42],[-70.22,-19.6],[-70.16,-19.72],[-70.16,-19.82],[-70.12,-20.08],[-70.2,-20.36],[-70.2,-20.74],[-70.12,-20.94],[-70.16,-21.04],[-70.08,-21.24],[-70.06,-21.44],[-70.1,-21.6],[-70.16,-21.66],[-70.16,-21.86],[-70.2,-22],[-70.28,-22.7],[-70.32,-22.8],[-70.3,-22.92],[-70.38,-23.06],[-70.46,-23.1],[-70.56,-23.06],[-70.6,-23.24],[-70.58,-23.42],[-70.42,-23.52],[-70.4,-23.66],[-70.5,-23.78],[-70.52,-24],[-70.5,-24.1],[-70.58,-24.52],[-70.58,-24.74],[-70.52,-24.92],[-70.48,-24.98],[-70.5,-25.1],[-70.44,-25.2],[-70.44,-25.34],[-70.54,-25.46],[-70.66,-25.54],[-70.64,-25.62],[-70.7,-25.7],[-70.72,-25.84],[-70.64,-26],[-70.68,-26.16],[-70.64,-26.32],[-70.7,-26.5],[-70.74,-26.74],[-70.82,-26.88],[-70.78,-27],[-70.88,-27.12],[-70.96,-27.16],[-70.94,-27.38],[-70.9,-27.5],[-70.92,-27.62],[-71.04,-27.66],[-71.14,-27.94],[-71.18,-28.36],[-71.32,-28.58],[-71.3,-28.68],[-71.4,-28.8],[-71.48,-28.84],[-71.52,-28.94],[-71.48,-29.04],[-71.5,-29.2],[-71.38,-29.28],[-71.3,-29.42],[-71.34,-29.52],[-71.32,-29.78],[-71.28,-29.92],[-71.42,-30],[-71.38,-30.14],[-71.44,-30.16],[-71.52,-30.28],[-71.64,-30.26],[-71.68,-30.34],[-71.72,-30.62],[-71.7,-30.78],[-71.66,-30.98],[-71.66,-31.16],[-71.58,-31.6],[-71.52,-31.78],[-71.5,-31.98],[-71.54,-32.2],[-71.42,-32.36],[-71.48,-32.54],[-71.44,-32.64],[-71.56,-33],[-71.64,-33.02],[-71.72,-33.16],[-71.68,-33.36],[-71.7,-33.44],[-71.64,-33.5],[-71.68,-33.72],[-71.8,-33.78],[-71.86,-33.92],[-72.02,-34.16],[-72,-34.38],[-72.04,-34.4],[-72.06,-34.66],[-72.18,-34.88],[-72.24,-35.12],[-72.36,-35.2],[-72.48,-35.36],[-72.52,-35.5],[-72.64,-35.56],[-72.6,-35.82],[-72.78,-35.96],[-72.84,-36.18],[-72.84,-36.3],[-73,-36.72],[-73.16,-36.74],[-73.14,-36.84],[-73.18,-37.08],[-73.28,-37.22],[-73.46,-37.24],[-73.6,-37.16],[-73.68,-37.36],[-73.6,-37.52],[-73.68,-37.58],[-73.66,-37.72],[-73.5,-37.94],[-73.46,-38.1],[-73.54,-38.42],[-73.48,-38.64],[-73.44,-38.68],[-73.28,-39.08],[-73.22,-39.34],[-73.24,-39.48],[-73.4,-39.7],[-73.4,-39.8],[-73.52,-39.88],[-73.68,-39.94],[-73.66,-40.1],[-73.74,-40.18],[-73.78,-40.44],[-73.72,-40.54],[-73.84,-40.66],[-73.94,-40.98],[-73.92,-41.16],[-73.84,-41.34],[-73.86,-41.42],[-73.8,-41.56],[-73.7,-41.6],[-73.66,-41.76],[-73.52,-41.8],[-73.36,-41.78],[-73.2,-41.78],[-73.06,-41.7],[-73.12,-41.58],[-72.96,-41.48],[-72.76,-41.54],[-72.64,-41.72],[-72.86,-41.9],[-72.74,-42.02],[-72.48,-42.06],[-72.48,-42.3],[-72.62,-42.18],[-72.8,-42.24],[-72.68,-42.5],[-72.82,-42.5],[-72.86,-42.62],[-72.84,-42.84],[-72.74,-42.9],[-72.76,-43],[-72.86,-43.02],[-72.94,-43.1],[-72.92,-43.24],[-73.08,-43.32],[-73.12,-43.46],[-72.98,-43.62],[-72.98,-43.76],[-73.14,-43.98],[-73.14,-44.04],[-73.28,-44.12],[-73.28,-44.18],[-73.14,-44.22],[-72.92,-44.32],[-72.94,-44.36],[-72.68,-44.48],[-72.72,-44.76],[-72.82,-44.76],[-73.12,-44.94],[-73.34,-44.96],[-73.4,-45.02],[-73.3,-45.14],[-73.44,-45.2],[-73.46,-45.26],[-73.32,-45.34],[-73.52,-45.46],[-73.58,-45.72],[-73.56,-45.88],[-73.66,-45.98],[-73.62,-46.1],[-73.64,-46.2],[-73.58,-46.32],[-73.74,-46.42],[-73.84,-46.58],[-73.98,-46.56],[-73.8,-46.36],[-73.76,-46.24],[-73.88,-46.14],[-74.18,-45.8],[-74.7,-45.84],[-74.72,-45.98],[-74.96,-46.22],[-75.1,-46.22],[-75.4,-46.42],[-75.52,-46.56],[-75.7,-46.64],[-75.7,-46.78],[-75.56,-46.94],[-75.36,-46.9],[-75.44,-46.64],[-75.08,-46.64],[-75.02,-46.72],[-74.68,-46.88],[-74.66,-46.78],[-74.26,-46.78],[-74.24,-46.86],[-74.12,-46.98],[-74.02,-46.98],[-73.96,-47.06],[-74.14,-47.22],[-74.32,-47.22],[-74.4,-47.34],[-74.52,-47.42],[-74.42,-47.56],[-74.62,-47.56],[-74.74,-47.7],[-74.62,-47.76],[-74.08,-47.78],[-73.92,-47.84],[-73.7,-47.78],[-73.58,-47.8],[-73.66,-47.94],[-73.6,-48.14],[-73.9,-48.02],[-74.42,-47.98],[-74.62,-48],[-74.44,-48.18],[-74.32,-48.22],[-74.26,-48.34],[-74,-48.42],[-74.06,-48.54],[-74.2,-48.48],[-74.4,-48.6],[-74.38,-48.72],[-74.46,-48.84],[-74.4,-48.98],[-74.4,-49.32],[-74.42,-49.38],[-74.22,-49.52],[-74.32,-49.64],[-74.26,-49.94],[-74.36,-50],[-74.26,-50.08],[-74.58,-50.1],[-74.68,-50.2],[-74.5,-50.26],[-74.48,-50.34],[-74.12,-50.42],[-74.3,-50.48],[-74.12,-50.76],[-73.94,-50.82],[-73.82,-50.74],[-73.82,-50.68],[-73.72,-50.56],[-73.64,-50.62],[-73.78,-50.68],[-73.78,-50.8],[-73.88,-50.88],[-74.1,-50.88],[-74.26,-50.94],[-74.14,-51.06],[-74.12,-51.18],[-73.78,-51.22],[-73.72,-51.36],[-73.94,-51.4],[-73.9,-51.62],[-73.68,-51.76],[-73.54,-52.06],[-73.32,-52.16],[-73.18,-52.08],[-73.14,-51.94],[-72.92,-51.86],[-72.82,-51.76],[-72.72,-51.84],[-72.46,-51.78],[-72.46,-51.92],[-72.52,-51.96],[-72.8,-51.94],[-72.9,-52.06],[-73.08,-52.08],[-73.34,-52.22],[-73.44,-52.16],[-73.58,-52.2],[-73.56,-52.32],[-73.66,-52.42],[-73.54,-52.46],[-73.68,-52.6],[-73.62,-52.74],[-73.44,-52.64],[-73.26,-52.68],[-73.28,-52.9],[-73.4,-52.98],[-73.32,-53.08],[-73.12,-53.1],[-72.96,-53.02],[-73,-52.84],[-72.8,-52.76],[-72.68,-52.66],[-72.8,-52.62],[-72.66,-52.52],[-72.42,-52.64],[-72.32,-52.52],[-72.08,-52.52],[-71.76,-52.56],[-71.58,-52.56],[-71.48,-52.64],[-71.86,-52.7],[-72.16,-52.66],[-72.32,-52.76],[-72.56,-52.84],[-72.62,-52.74],[-72.96,-52.82],[-72.9,-53.06],[-72.98,-53.16],[-73.2,-53.24],[-72.52,-53.54],[-72.36,-53.54],[-72.48,-53.4],[-72.46,-53.28],[-72.32,-53.22],[-72.28,-53.02],[-72.08,-53.14],[-71.9,-53.02],[-71.54,-52.86],[-71.24,-52.78],[-71.16,-52.82],[-71.26,-53.02],[-71.46,-53.14],[-71.84,-53.26],[-71.98,-53.22],[-72.1,-53.26],[-72.28,-53.24],[-72.46,-53.4],[-72.28,-53.58],[-72.06,-53.7],[-71.86,-53.74],[-71.64,-53.82],[-71.22,-53.88],[-70.98,-53.76],[-70.94,-53.6],[-71,-53.38],[-70.96,-53.22],[-70.82,-53],[-70.82,-52.82],[-70.58,-52.68],[-70.52,-52.72],[-70.32,-52.64],[-69.84,-52.48],[-69.68,-52.54],[-69.5,-52.38],[-69.48,-52.3],[-69.24,-52.2],[-69.14,-52.2],[-68.9,-52.3],[-68.44,-52.34],[-68.46,-52.3],[-68.82,-52.24],[-69.22,-52.14],[-69.48,-52.14],[-69.96,-52],[-70.72,-52],[-71.92,-52],[-71.96,-51.86],[-72.08,-51.78],[-72.28,-51.7],[-72.36,-51.58],[-72.32,-51.3],[-72.26,-51.24],[-72.38,-51.16],[-72.3,-51.02],[-72.26,-50.84],[-72.34,-50.76],[-72.3,-50.64],[-72.5,-50.6],[-72.62,-50.66],[-72.78,-50.62],[-73.1,-50.78],[-73.18,-50.74],[-73.26,-50.56],[-73.28,-50.36],[-73.32,-50.26],[-73.54,-50.14],[-73.48,-50.02],[-73.58,-49.94],[-73.46,-49.76],[-73.58,-49.52],[-73.46,-49.38],[-73.46,-49.3],[-73.14,-49.3],[-73.1,-49.28],[-73.18,-49.24],[-73,-49],[-72.74,-48.92],[-72.6,-48.8],[-72.58,-48.46],[-72.44,-48.4],[-72.32,-48.28],[-72.34,-48.08],[-72.54,-47.92],[-72.34,-47.6],[-72.32,-47.42],[-72.18,-47.4],[-72.06,-47.32],[-72,-47.2],[-71.86,-47.16],[-72,-47.04],[-71.94,-46.8],[-71.68,-46.7],[-71.68,-46.52],[-71.76,-46.4],[-71.76,-46.24],[-71.92,-46.16],[-71.78,-46.12],[-71.62,-45.98],[-71.74,-45.86],[-71.8,-45.74],[-71.76,-45.58],[-71.52,-45.52],[-71.5,-45.4],[-71.32,-45.3],[-71.34,-45.24],[-71.5,-45.12],[-71.58,-44.98],[-71.76,-44.94],[-71.88,-44.94],[-72.08,-44.88],[-72.04,-44.76],[-71.86,-44.8],[-71.64,-44.78],[-71.5,-44.74],[-71.34,-44.8],[-71.26,-44.78],[-71.24,-44.66],[-71.12,-44.54],[-71.2,-44.42],[-71.44,-44.4],[-71.82,-44.4],[-71.8,-44.22],[-71.86,-44.1],[-71.76,-44.06],[-71.66,-43.92],[-71.82,-43.76],[-71.7,-43.68],[-71.72,-43.6],[-71.88,-43.54],[-71.94,-43.46],[-71.9,-43.32],[-71.76,-43.3],[-71.74,-43.2],[-71.86,-43.14],[-72,-43.12],[-72.14,-43],[-72.12,-42.86],[-72.14,-42.6],[-72.04,-42.5],[-72.12,-42.26],[-72.04,-42.14],[-71.94,-42.16],[-71.74,-42.08],[-71.8,-41.86],[-71.92,-41.62],[-71.86,-41.56],[-71.9,-41.36],[-71.88,-41.24],[-71.86,-40.94],[-71.96,-40.72],[-71.88,-40.64],[-71.8,-40.42],[-71.68,-40.34],[-71.82,-40.22],[-71.8,-40.08],[-71.68,-40.1],[-71.62,-39.94],[-71.72,-39.72],[-71.72,-39.62],[-71.52,-39.62],[-71.54,-39.54],[-71.46,-39.44],[-71.4,-39.24],[-71.42,-38.94],[-71.22,-38.8],[-70.88,-38.7],[-70.84,-38.52],[-70.98,-38.42],[-71.02,-38.26],[-71,-38.06],[-71.18,-37.7],[-71.14,-37.6],[-71.12,-37.44],[-71.2,-37.3],[-71.14,-37.22],[-71.16,-36.88],[-71.2,-36.84],[-71.14,-36.68],[-71.06,-36.68],[-71.04,-36.48],[-70.94,-36.48],[-70.9,-36.4],[-70.72,-36.42],[-70.7,-36.26],[-70.58,-36.16],[-70.46,-36.16],[-70.38,-36.04],[-70.42,-35.86],[-70.36,-35.82],[-70.42,-35.66],[-70.4,-35.5],[-70.48,-35.32],[-70.54,-35.2],[-70.38,-35.16],[-70.36,-34.96],[-70.28,-34.8],[-70.22,-34.58],[-70.06,-34.4],[-70.04,-34.28],[-69.84,-34.24],[-69.88,-34.14],[-69.86,-33.98],[-69.9,-33.96],[-69.9,-33.66],[-69.78,-33.38],[-69.82,-33.28],[-69.9,-33.24],[-70.02,-33.3],[-70.1,-33.18],[-70.12,-33.04],[-70,-32.88],[-70.14,-32.76],[-70.18,-32.64],[-70.18,-32.46],[-70.24,-32.34],[-70.32,-32.28],[-70.34,-32.14],[-70.24,-31.96],[-70.32,-31.88],[-70.42,-31.88],[-70.48,-31.8],[-70.6,-31.54],[-70.56,-31.3],[-70.48,-31.1],[-70.38,-31.12],[-70.34,-31.04],[-70.32,-30.8],[-70.22,-30.52],[-70.16,-30.46],[-70.14,-30.36],[-70.04,-30.4],[-69.9,-30.32],[-69.84,-30.12],[-69.98,-30.06],[-69.92,-29.94],[-69.92,-29.72],[-70.04,-29.36],[-70.04,-29.28],[-69.92,-29.14],[-69.8,-29.1],[-69.8,-28.96],[-69.74,-28.82],[-69.74,-28.64],[-69.68,-28.56],[-69.66,-28.4],[-69.42,-28.22],[-69.3,-28],[-69.18,-27.92],[-69.12,-27.74],[-69.02,-27.56],[-69.02,-27.44],[-68.94,-27.4],[-68.88,-27.22],[-68.8,-27.12],[-68.58,-27.16],[-68.52,-27.08],[-68.34,-27.04],[-68.32,-26.88],[-68.58,-26.56],[-68.6,-26.46],[-68.58,-26.3],[-68.42,-26.18],[-68.42,-26.1],[-68.5,-25.76],[-68.56,-25.66],[-68.6,-25.44],[-68.52,-25.18],[-68.36,-25.1],[-68.44,-25.02],[-68.48,-24.9],[-68.56,-24.86],[-68.58,-24.76],[-68.5,-24.62],[-68.4,-24.5],[-68.32,-24.48],[-68.24,-24.38],[-67.36,-24.04],[-67.34,-24],[-67.02,-23],[-67.2,-22.82],[-67.54,-22.9],[-67.78,-22.88],[-67.88,-22.84],[-67.9,-22.72],[-67.86,-22.56],[-67.94,-22.36],[-67.94,-22.26],[-68,-22.06],[-68.1,-21.96],[-68.1,-21.78],[-68.2,-21.58],[-68.2,-21.28],[-68.42,-20.96],[-68.58,-20.88],[-68.58,-20.74],[-68.48,-20.64],[-68.68,-20.52],[-68.76,-20.4],[-68.68,-20.32],[-68.78,-20.08],[-68.58,-20.06],[-68.56,-19.86],[-68.7,-19.74],[-68.5,-19.46],[-68.5,-19.38],[-68.66,-19.28],[-68.82,-19.12],[-68.92,-19.06],[-68.98,-18.94],[-68.96,-18.86],[-69.04,-18.6],[-69.04,-18.48],[-69.08,-18.4],[-69.1,-18.24],[-69.16,-18.14],[-69.14,-18.04],[-69.3,-17.98],[-69.34,-17.8],[-69.48,-17.66],[-69.52,-17.5]]],[[[-68.64,-54.8],[-68.64,-54.78],[-68.64,-53.72],[-68.62,-52.64],[-68.74,-52.56],[-68.92,-52.64],[-69.14,-52.68],[-69.38,-52.48],[-69.58,-52.5],[-69.6,-52.64],[-69.74,-52.78],[-70,-52.84],[-70.12,-52.74],[-70.28,-52.74],[-70.26,-52.86],[-70.08,-52.92],[-70.14,-53.02],[-70.24,-53.06],[-70.42,-53.02],[-70.48,-53.3],[-70.26,-53.46],[-69.68,-53.36],[-69.36,-53.36],[-69.36,-53.52],[-69.66,-53.64],[-69.88,-53.66],[-70.14,-53.74],[-70.18,-53.82],[-70.06,-54.08],[-69.88,-54.16],[-69.28,-54.32],[-69.1,-54.44],[-69.18,-54.48],[-69.5,-54.34],[-70.08,-54.24],[-70.32,-54.32],[-70.94,-54.12],[-70.86,-54.24],[-70.58,-54.28],[-70.42,-54.44],[-70.86,-54.32],[-71.02,-54.44],[-71.52,-54.44],[-71.62,-54.5],[-71.72,-54.4],[-71.94,-54.52],[-71.96,-54.64],[-71.76,-54.6],[-71.48,-54.68],[-71.4,-54.56],[-71.26,-54.56],[-71.28,-54.68],[-70.82,-54.76],[-70.76,-54.84],[-70.62,-54.78],[-70.24,-54.86],[-69.8,-54.78],[-69.06,-54.94],[-68.66,-54.88],[-68.64,-54.8]]],[[[-109.24,-27.1],[-109.36,-27.06],[-109.46,-27.18],[-109.24,-27.12],[-109.24,-27.1]]],[[[-68,-55.62],[-68.24,-55.4],[-68.24,-55.3],[-68.54,-55.1],[-68.34,-55.06],[-68.44,-54.94],[-68.74,-54.94],[-68.84,-54.98],[-69.32,-55],[-69.42,-55.04],[-69.88,-55.06],[-70.04,-55.16],[-69.86,-55.22],[-69.6,-55.36],[-69.46,-55.4],[-69.44,-55.5],[-69.2,-55.44],[-69.4,-55.28],[-69.28,-55.22],[-68.86,-55.26],[-68.96,-55.42],[-68.86,-55.5],[-68.6,-55.46],[-68.26,-55.52],[-68.26,-55.62],[-68.14,-55.68],[-68,-55.62]]],[[[-67.88,-55.24],[-67.64,-55.26],[-67.6,-55.18],[-67.42,-55.22],[-67.28,-55.3],[-67.08,-55.2],[-67.06,-55.08],[-67.3,-54.92],[-67.94,-54.9],[-68.18,-54.98],[-68.16,-55.2],[-67.88,-55.24]]],[[[-70.3,-55.08],[-70.5,-54.98],[-70.98,-54.94],[-71,-55.04],[-70.72,-55.12],[-70.3,-55.08]]],[[[-69.9,-55],[-69.78,-55.04],[-69.2,-54.98],[-69.24,-54.94],[-69.68,-54.86],[-69.92,-54.9],[-69.9,-55]]],[[[-71.64,-54.08],[-71.7,-54.16],[-71.5,-54.22],[-71.12,-54.38],[-71,-54.26],[-71.02,-54.1],[-71.22,-54.16],[-71.3,-54],[-71.46,-53.94],[-71.66,-53.98],[-71.64,-54.08]]],[[[-72.02,-54.2],[-71.72,-54.14],[-71.72,-53.9],[-71.94,-53.86],[-72.04,-53.92],[-72.26,-53.94],[-72.22,-54.06],[-72.02,-54.2]]],[[[-70.46,-53.62],[-70.72,-53.7],[-70.7,-53.78],[-70.88,-53.84],[-70.88,-54.02],[-70.82,-54.12],[-70.54,-54.22],[-70.62,-53.94],[-70.44,-54.06],[-70.34,-54],[-70.46,-53.88],[-70.42,-53.8],[-70.46,-53.62]]],[[[-73.4,-53.42],[-73.56,-53.4],[-73.6,-53.5],[-73.4,-53.54],[-73.4,-53.42]]],[[[-72.52,-54.08],[-72.38,-53.98],[-72.32,-53.84],[-72.18,-53.78],[-72.4,-53.64],[-72.66,-53.54],[-72.88,-53.54],[-73.04,-53.4],[-73.14,-53.48],[-73.38,-53.46],[-73.34,-53.54],[-73.58,-53.58],[-73.62,-53.66],[-73.36,-53.72],[-73.2,-53.98],[-73.06,-53.84],[-72.74,-53.9],[-72.94,-54.06],[-72.82,-54.12],[-72.66,-54.06],[-72.52,-54.08]]],[[[-73.2,-53.32],[-73.44,-53.14],[-73.88,-53],[-74.4,-52.92],[-74.42,-52.98],[-74.26,-53.1],[-74.08,-53.1],[-73.88,-53.06],[-73.6,-53.22],[-73.56,-53.32],[-73.42,-53.28],[-73.2,-53.32]]],[[[-73.84,-52.7],[-73.68,-52.48],[-73.9,-52.4],[-74.12,-52.66],[-73.9,-52.66],[-73.84,-52.7]]],[[[-74.68,-52.4],[-74.54,-52.28],[-74.58,-52.22],[-74.82,-52.24],[-74.82,-52.36],[-74.68,-52.4]]],[[[-73.76,-52.38],[-73.82,-52.24],[-74,-52.26],[-73.76,-52.38]]],[[[-74.12,-52.4],[-73.96,-52.3],[-74.12,-52.18],[-74.22,-52.16],[-74.18,-52.36],[-74.12,-52.4]]],[[[-73.7,-52.18],[-73.78,-52.06],[-74.06,-51.9],[-74.1,-52.02],[-73.7,-52.18]]],[[[-74.74,-52.04],[-74.64,-51.9],[-74.78,-51.88],[-74.86,-52.06],[-74.74,-52.04]]],[[[-74.44,-51.84],[-74.24,-51.94],[-74.1,-51.88],[-74.32,-51.76],[-74.44,-51.84]]],[[[-73.94,-51.74],[-74.08,-51.6],[-74.24,-51.7],[-74.04,-51.8],[-73.94,-51.74]]],[[[-75.02,-51.34],[-75.22,-51.3],[-75.22,-51.5],[-75.02,-51.34]]],[[[-74.74,-51.36],[-74.6,-51.4],[-74.54,-51.28],[-74.6,-51.2],[-74.8,-51.22],[-74.96,-51.32],[-74.8,-51.44],[-74.74,-51.36]]],[[[-74.38,-50.98],[-74.4,-50.86],[-74.56,-50.76],[-74.62,-50.92],[-74.88,-50.88],[-74.9,-51.04],[-74.64,-51.04],[-74.38,-50.98]]],[[[-74.9,-50.8],[-74.84,-50.88],[-74.66,-50.82],[-74.76,-50.76],[-74.9,-50.8]]],[[[-75.12,-50.5],[-75.42,-50.52],[-75.48,-50.68],[-75.44,-50.74],[-75.28,-50.78],[-75.3,-50.64],[-75.12,-50.5]]],[[[-74.32,-50.84],[-74.18,-50.84],[-74.28,-50.62],[-74.38,-50.46],[-74.58,-50.64],[-74.52,-50.74],[-74.32,-50.84]]],[[[-75.04,-50.28],[-74.94,-50.22],[-74.96,-50.1],[-75.14,-50.08],[-75.2,-50.26],[-75.4,-50.18],[-75.46,-50.36],[-75.28,-50.32],[-75.18,-50.38],[-75.04,-50.28]]],[[[-75.44,-49.78],[-75.34,-49.86],[-75.22,-49.8],[-75.36,-49.62],[-75.5,-49.56],[-75.62,-49.64],[-75.62,-49.86],[-75.44,-49.78]]],[[[-74.9,-49.08],[-75.1,-49.02],[-75.22,-49.12],[-75.08,-49.16],[-74.92,-49.28],[-74.9,-49.08]]],[[[-75.56,-49.24],[-75.38,-49.18],[-75.44,-49.08],[-75.6,-49.16],[-75.56,-49.24]]],[[[-75.22,-49.02],[-75.3,-48.86],[-75.62,-48.86],[-75.64,-48.96],[-75.32,-48.96],[-75.22,-49.02]]],[[[-75.2,-49.78],[-75.14,-49.86],[-74.96,-49.78],[-74.86,-50.02],[-74.66,-50.06],[-74.48,-49.96],[-74.42,-49.68],[-74.54,-49.5],[-74.44,-49.32],[-74.48,-48.94],[-74.54,-48.86],[-74.52,-48.72],[-74.76,-48.68],[-74.98,-48.76],[-75.06,-48.86],[-74.96,-48.92],[-74.96,-49],[-74.8,-49.1],[-74.94,-49.32],[-75,-49.26],[-75.18,-49.3],[-75.42,-49.28],[-75.46,-49.34],[-75.3,-49.56],[-75.2,-49.78]]],[[[-75.08,-48.64],[-75.22,-48.76],[-75.12,-48.82],[-75.08,-48.64]]],[[[-75.34,-48.62],[-75.46,-48.7],[-75.66,-48.72],[-75.62,-48.8],[-75.48,-48.76],[-75.34,-48.62]]],[[[-75.32,-48.56],[-75.36,-48.46],[-75.6,-48.44],[-75.68,-48.58],[-75.62,-48.64],[-75.34,-48.62],[-75.32,-48.56]]],[[[-74.5,-48.34],[-74.28,-48.46],[-74.24,-48.42],[-74.34,-48.28],[-74.5,-48.34]]],[[[-74.5,-48.58],[-74.6,-48.56],[-74.58,-48.4],[-74.66,-48.26],[-74.8,-48.26],[-74.82,-48.4],[-74.94,-48.42],[-75.04,-48.5],[-74.94,-48.62],[-74.76,-48.62],[-74.62,-48.7],[-74.5,-48.58]]],[[[-74.54,-48.32],[-74.4,-48.28],[-74.4,-48.22],[-74.56,-48.12],[-74.6,-48.24],[-74.54,-48.32]]],[[[-75.16,-48.3],[-75.04,-48.44],[-74.84,-48.34],[-74.82,-48.14],[-75.02,-48.08],[-75.26,-48.06],[-75.16,-48.3]]],[[[-75.14,-48.66],[-75.08,-48.6],[-75.1,-48.46],[-75.2,-48.34],[-75.26,-48.16],[-75.38,-48],[-75.58,-48.08],[-75.52,-48.24],[-75.56,-48.38],[-75.28,-48.42],[-75.3,-48.58],[-75.14,-48.66]]],[[[-75.28,-48.02],[-75.1,-48],[-75.04,-48.04],[-74.72,-48.1],[-74.88,-47.82],[-74.94,-47.88],[-75.08,-47.86],[-75.2,-47.92],[-75.28,-48.02]]],[[[-74.42,-47.94],[-74.32,-47.98],[-73.94,-47.88],[-74.24,-47.8],[-74.4,-47.84],[-74.42,-47.94]]],[[[-75.18,-47.84],[-75.02,-47.8],[-75.1,-47.68],[-75.34,-47.76],[-75.18,-47.84]]],[[[-74.08,-47.02],[-74.24,-47.1],[-74.14,-47.18],[-73.98,-47.04],[-74.08,-47.02]]],[[[-73.72,-46.06],[-73.84,-46.02],[-73.94,-46.06],[-73.74,-46.18],[-73.72,-46.06]]],[[[-74.76,-45.8],[-74.88,-45.88],[-75.12,-45.88],[-75.08,-46.1],[-74.92,-46.1],[-74.76,-45.98],[-74.76,-45.8]]],[[[-73.74,-45.8],[-73.94,-45.9],[-73.86,-45.96],[-73.74,-45.8]]],[[[-73.92,-45.74],[-74.04,-45.74],[-74.1,-45.82],[-73.96,-45.86],[-73.92,-45.74]]],[[[-74.56,-45.58],[-74.66,-45.6],[-74.7,-45.72],[-74.58,-45.74],[-74.56,-45.58]]],[[[-74.08,-45.7],[-73.92,-45.7],[-73.92,-45.6],[-74.04,-45.54],[-74.12,-45.58],[-74.08,-45.7]]],[[[-74.5,-45.74],[-74.34,-45.74],[-74.2,-45.64],[-74.3,-45.48],[-74.42,-45.46],[-74.5,-45.74]]],[[[-73.66,-45.44],[-73.78,-45.52],[-73.82,-45.64],[-73.68,-45.76],[-73.58,-45.48],[-73.66,-45.44]]],[[[-73.74,-45.22],[-73.72,-45.12],[-73.78,-45.04],[-73.92,-45],[-74.2,-45.04],[-74,-45.24],[-73.74,-45.22]]],[[[-74.28,-44.94],[-74.06,-45],[-73.96,-44.9],[-74.18,-44.86],[-74.28,-44.94]]],[[[-73.94,-44.78],[-73.92,-44.9],[-73.76,-44.92],[-73.84,-44.78],[-73.94,-44.78]]],[[[-73.92,-44.62],[-74.02,-44.6],[-74.4,-44.62],[-74.4,-44.7],[-74.28,-44.8],[-74.02,-44.72],[-73.92,-44.62]]],[[[-73.66,-44.68],[-73.7,-44.54],[-73.8,-44.56],[-73.84,-44.66],[-73.76,-44.74],[-73.66,-44.68]]],[[[-74.4,-44.54],[-74.22,-44.46],[-74.3,-44.4],[-74.54,-44.48],[-74.4,-44.54]]],[[[-73.38,-44.58],[-73.46,-44.64],[-73.4,-44.82],[-73.26,-44.94],[-73.14,-44.92],[-72.84,-44.72],[-72.72,-44.52],[-72.9,-44.46],[-73,-44.36],[-73.26,-44.48],[-73.38,-44.58]]],[[[-74.14,-43.82],[-74,-43.94],[-73.76,-43.88],[-73.86,-43.78],[-73.96,-43.82],[-74.14,-43.82]]],[[[-74.82,-43.64],[-74.78,-43.68],[-74.58,-43.64],[-74.64,-43.56],[-74.82,-43.56],[-74.82,-43.64]]],[[[-73.42,-42.52],[-73.54,-42.38],[-73.62,-42.44],[-73.42,-42.52]]],[[[-74.34,-43.28],[-74.3,-43.32],[-73.88,-43.42],[-73.68,-43.38],[-73.72,-43.14],[-73.5,-43.1],[-73.64,-42.88],[-73.5,-42.86],[-73.52,-42.78],[-73.64,-42.74],[-73.8,-42.6],[-73.7,-42.54],[-73.68,-42.38],[-73.38,-42.26],[-73.48,-42.14],[-73.44,-42.06],[-73.54,-41.96],[-73.54,-41.84],[-73.7,-41.8],[-73.86,-41.9],[-73.98,-41.86],[-74.06,-41.94],[-74.06,-42.14],[-74.14,-42.22],[-74.18,-42.44],[-74.12,-42.68],[-74.16,-42.88],[-74.22,-43.02],[-74.34,-43.1],[-74.4,-43.26],[-74.34,-43.28]]],[[[-74.98,-50.28],[-75.12,-50.38],[-74.98,-50.44],[-74.98,-50.28]]]]},"properties":{"ADMIN":"Chile","ADM0_A3":"CHL"}},
{"type":"Feature","geometry":{"type":"Polygon","coordinates":[[[-67.2,-22.82],[-67.04,-22.66],[-67.04,-22.52],[-66.8,-22.44],[-66.74,-22.22],[-66.38,-22.12],[-66.3,-22.06],[-66.24,-21.8],[-66.1,-21.84],[-66.04,-21.92],[-65.94,-21.94],[-65.74,-22.12],[-65.58,-22.08],[-65.46,-22.1],[-65.02,-22.1],[-64.68,-22.18],[-64.58,-22.22],[-64.58,-22.34],[-64.42,-22.54],[-64.46,-22.64],[-64.36,-22.72],[-64.3,-22.7],[-64.26,-22.54],[-64.16,-22.44],[-63.94,-22],[-63.82,-22],[-63.74,-22.06],[-63.64,-22],[-62.8,-22],[-62.8,-22.12],[-62.66,-22.24],[-62.28,-21.06],[-62.28,-20.58],[-61.94,-20.1],[-61.76,-19.66],[-60.84,-19.46],[-60,-19.3],[-59.08,-19.28],[-58.18,-19.82],[-58.14,-19.96],[-58.16,-20.16],[-57.86,-19.98],[-58.12,-19.76],[-58.12,-19.72],[-57.78,-19.06],[-57.72,-19.04],[-57.78,-18.92],[-57.56,-18.26],[-57.56,-18.18],[-57.74,-17.84],[-57.72,-17.74],[-57.78,-17.7],[-57.8,-17.56],[-57.86,-17.5],[-58.02,-17.5],[-58.24,-17.32],[-58.38,-17.26],[-58.46,-16.88],[-58.48,-16.68],[-58.36,-16.5],[-58.34,-16.28],[-58.46,-16.34],[-59.1,-16.3],[-60.12,-16.28],[-60.18,-16.22],[-60.24,-15.5],[-60.26,-15.46],[-60.52,-15.14],[-60.28,-15.1],[-60.3,-14.64],[-60.4,-14.34],[-60.46,-14.28],[-60.48,-14.12],[-60.38,-13.98],[-60.46,-13.82],[-60.66,-13.72],[-60.9,-13.56],[-61.34,-13.5],[-61.46,-13.54],[-61.58,-13.5],[-61.84,-13.54],[-61.86,-13.46],[-62,-13.36],[-62.12,-13.24],[-62.12,-13.16],[-62.22,-13.12],[-62.38,-13.14],[-62.5,-13.06],[-62.64,-13.04],[-62.68,-12.96],[-62.8,-12.98],[-62.92,-12.86],[-62.98,-12.86],[-63.08,-12.66],[-63.14,-12.64],[-63.24,-12.7],[-63.4,-12.66],[-63.5,-12.56],[-63.66,-12.48],[-63.8,-12.46],[-63.92,-12.54],[-64.04,-12.5],[-64.14,-12.52],[-64.22,-12.48],[-64.4,-12.46],[-64.48,-12.38],[-64.46,-12.26],[-64.72,-12.14],[-64.8,-12.04],[-65,-12],[-65.06,-11.76],[-65.2,-11.74],[-65.2,-11.6],[-65.3,-11.5],[-65.36,-11.4],[-65.36,-11.22],[-65.3,-11],[-65.32,-10.86],[-65.4,-10.8],[-65.38,-10.7],[-65.44,-10.62],[-65.44,-10.46],[-65.28,-10.22],[-65.34,-9.92],[-65.3,-9.82],[-65.38,-9.72],[-65.46,-9.68],[-65.58,-9.84],[-65.78,-9.74],[-65.88,-9.78],[-66.2,-9.8],[-66.46,-9.88],[-66.64,-9.9],[-66.9,-10.1],[-67.06,-10.26],[-67.2,-10.32],[-67.34,-10.32],[-67.48,-10.46],[-67.58,-10.5],[-67.76,-10.72],[-67.86,-10.66],[-68.04,-10.66],[-68.1,-10.7],[-68.3,-10.98],[-68.62,-11.12],[-68.78,-11.12],[-68.8,-11],[-68.88,-11.02],[-69.08,-10.96],[-69.4,-10.94],[-69.58,-10.96],[-69.14,-11.72],[-68.68,-12.5],[-68.8,-12.62],[-68.78,-12.72],[-68.86,-12.74],[-68.98,-12.86],[-68.98,-13.16],[-68.96,-13.28],[-68.98,-13.56],[-69.08,-13.7],[-69.02,-13.76],[-68.98,-13.98],[-68.92,-14.02],[-68.88,-14.22],[-69.02,-14.24],[-69,-14.38],[-69.16,-14.5],[-69.24,-14.6],[-69.26,-14.76],[-69.36,-14.78],[-69.4,-14.96],[-69.28,-15.1],[-69.14,-15.24],[-69.3,-15.36],[-69.3,-15.4],[-69.42,-15.6],[-69.42,-15.66],[-69.22,-16.16],[-69.14,-16.22],[-68.98,-16.22],[-68.84,-16.3],[-68.86,-16.36],[-69,-16.42],[-69.04,-16.5],[-69.04,-16.68],[-69.2,-16.74],[-69.22,-16.82],[-69.4,-17.02],[-69.42,-17.08],[-69.62,-17.18],[-69.66,-17.28],[-69.52,-17.36],[-69.52,-17.5],[-69.48,-17.66],[-69.34,-17.8],[-69.3,-17.98],[-69.14,-18.04],[-69.16,-18.14],[-69.1,-18.24],[-69.08,-18.4],[-69.04,-18.48],[-69.04,-18.6],[-68.96,-18.86],[-68.98,-18.94],[-68.92,-19.06],[-68.82,-19.12],[-68.66,-19.28],[-68.5,-19.38],[-68.5,-19.46],[-68.7,-19.74],[-68.56,-19.86],[-68.58,-20.06],[-68.78,-20.08],[-68.68,-20.32],[-68.76,-20.4],[-68.68,-20.52],[-68.48,-20.64],[-68.58,-20.74],[-68.58,-20.88],[-68.42,-20.96],[-68.2,-21.28],[-68.2,-21.58],[-68.1,-21.78],[-68.1,-21.96],[-68,-22.06],[-67.94,-22.26],[-67.94,-22.36],[-67.86,-22.56],[-67.9,-22.72],[-67.88,-22.84],[-67.78,-22.88],[-67.54,-22.9],[-67.2,-22.82]]]},"properties":{"ADMIN":"Bolivia","ADM0_A3":"BOL"}},
{"type":"Feature","geometry":{"type":"Polygon","coordinates":[[[-69.52,-17.5],[-69.52,-17.36],[-69.66,-17.28],[-69.62,-17.18],[-69.42,-17.08],[-69.4,-17.02],[-69.22,-16.82],[-69.2,-16.74],[-69.04,-16.68],[-69.04,-16.5],[-69,-16.42],[-68.86,-16.36],[-68.84,-16.3],[-68.98,-16.22],[-69.14,-16.22],[-69.22,-16.16],[-69.42,-15.66],[-69.42,-15.6],[-69.3,-15.4],[-69.3,-15.36],[-69.14,-15.24],[-69.28,-15.1],[-69.4,-14.96],[-69.36,-14.78],[-69.26,-14.76],[-69.24,-14.6],[-69.16,-14.5],[-69,-14.38],[-69.02,-14.24],[-68.88,-14.22],[-68.92,-14.02],[-68.98,-13.98],[-69.02,-13.76],[-69.08,-13.7],[-68.98,-13.56],[-68.96,-13.28],[-68.98,-13.16],[-68.98,-12.86],[-68.86,-12.74],[-68.78,-12.72],[-68.8,-12.62],[-68.68,-12.5],[-69.14,-11.72],[-69.58,-10.96],[-69.72,-10.96],[-69.8,-10.92],[-69.96,-10.92],[-70.2,-11.04],[-70.28,-11.06],[-70.44,-11.04],[-70.54,-10.94],[-70.64,-11.02],[-70.64,-9.86],[-70.54,-9.72],[-70.62,-9.56],[-70.68,-9.52],[-70.88,-9.66],[-71.02,-9.82],[-71.16,-9.88],[-71.2,-9.94],[-71.4,-10],[-72.2,-10],[-72.16,-9.88],[-72.26,-9.76],[-72.26,-9.66],[-72.34,-9.54],[-72.44,-9.48],[-72.82,-9.42],[-73.22,-9.4],[-72.96,-9.08],[-72.98,-8.98],[-73.06,-8.9],[-73.18,-8.72],[-73.36,-8.6],[-73.36,-8.48],[-73.52,-8.38],[-73.66,-8.02],[-73.78,-7.96],[-73.72,-7.78],[-73.84,-7.72],[-73.96,-7.58],[-73.94,-7.44],[-73.98,-7.38],[-73.76,-7.34],[-73.74,-7.22],[-73.82,-7.1],[-73.76,-6.9],[-73.68,-6.82],[-73.38,-6.58],[-73.2,-6.54],[-73.14,-6.44],[-73.18,-6.2],[-73.24,-6.08],[-73.14,-5.88],[-73,-5.7],[-72.96,-5.56],[-72.98,-5.46],[-72.9,-5.28],[-72.92,-5.14],[-72.62,-5.02],[-72.4,-4.86],[-72.4,-4.8],[-72.26,-4.76],[-72.12,-4.68],[-72.08,-4.6],[-71.9,-4.52],[-71.78,-4.48],[-71.66,-4.5],[-71.5,-4.44],[-70.96,-4.38],[-70.84,-4.24],[-70.84,-4.18],[-70.58,-4.2],[-70.42,-4.14],[-70.32,-4.18],[-70.3,-4.26],[-70.24,-4.3],[-70.1,-4.26],[-69.98,-4.32],[-69.96,-4.24],[-70.06,-4.1],[-70.18,-4.02],[-70.22,-3.92],[-70.32,-3.82],[-70.54,-3.86],[-70.74,-3.78],[-70.06,-2.72],[-70.24,-2.62],[-70.36,-2.48],[-70.46,-2.5],[-70.58,-2.4],[-70.64,-2.46],[-70.7,-2.32],[-70.88,-2.22],[-71,-2.2],[-71.14,-2.26],[-71.22,-2.34],[-71.38,-2.36],[-71.46,-2.26],[-71.76,-2.14],[-71.96,-2.32],[-72.08,-2.34],[-72.16,-2.4],[-72.4,-2.44],[-72.64,-2.34],[-72.72,-2.42],[-72.8,-2.38],[-72.94,-2.42],[-73.06,-2.3],[-73.16,-2.3],[-73.2,-2.18],[-73.12,-2.08],[-73.16,-1.96],[-73.18,-1.8],[-73.34,-1.8],[-73.54,-1.68],[-73.48,-1.58],[-73.5,-1.48],[-73.64,-1.26],[-73.88,-1.2],[-73.92,-1.12],[-74.28,-0.94],[-74.32,-0.8],[-74.38,-0.74],[-74.42,-0.58],[-74.64,-0.34],[-74.68,-0.36],[-74.82,-0.18],[-74.94,-0.2],[-75.14,-0.04],[-75.22,-0.04],[-75.28,-0.1],[-75.46,-0.16],[-75.48,-0.24],[-75.44,-0.4],[-75.28,-0.52],[-75.26,-0.62],[-75.3,-0.74],[-75.22,-0.96],[-75.34,-0.98],[-75.42,-0.92],[-75.56,-1.5],[-76.1,-2.12],[-76.62,-2.54],[-76.68,-2.58],[-77.84,-2.98],[-77.94,-3.06],[-78.2,-3.36],[-78.36,-3.4],[-78.36,-3.48],[-78.5,-3.96],[-78.56,-4],[-78.58,-4.1],[-78.68,-4.32],[-78.64,-4.44],[-78.68,-4.56],[-78.86,-4.66],[-78.92,-4.74],[-78.9,-4.84],[-78.98,-4.88],[-79,-4.96],[-79.1,-4.98],[-79.3,-4.96],[-79.46,-4.82],[-79.52,-4.62],[-79.5,-4.54],[-79.66,-4.44],[-79.8,-4.48],[-79.9,-4.4],[-79.98,-4.38],[-80.08,-4.3],[-80.2,-4.3],[-80.24,-4.36],[-80.4,-4.48],[-80.48,-4.4],[-80.36,-4.22],[-80.46,-4.22],[-80.52,-4.08],[-80.48,-4],[-80.3,-4],[-80.16,-3.9],[-80.22,-3.76],[-80.22,-3.64],[-80.28,-3.48],[-80.34,-3.4],[-80.36,-3.46],[-80.54,-3.5],[-80.62,-3.62],[-80.78,-3.72],[-80.86,-3.88],[-81,-3.98],[-81.08,-4.1],[-81.26,-4.24],[-81.28,-4.4],[-81.32,-4.48],[-81.3,-4.64],[-81.34,-4.68],[-81.06,-5.02],[-81.18,-5.08],[-81.2,-5.2],[-80.94,-5.46],[-80.86,-5.66],[-80.86,-5.74],[-80.94,-5.86],[-81.04,-5.82],[-81.16,-5.88],[-81.1,-6.08],[-80.8,-6.3],[-80.3,-6.54],[-80.12,-6.66],[-79.96,-6.78],[-79.94,-6.88],[-79.7,-7.1],[-79.62,-7.26],[-79.58,-7.46],[-79.44,-7.68],[-79.46,-7.72],[-79.3,-7.94],[-79.12,-8.06],[-78.98,-8.22],[-78.9,-8.38],[-78.94,-8.44],[-78.76,-8.6],[-78.76,-8.78],[-78.68,-8.88],[-78.56,-9.1],[-78.5,-9.18],[-78.48,-9.34],[-78.42,-9.42],[-78.36,-9.62],[-78.22,-9.8],[-78.24,-9.96],[-78.16,-10.14],[-78.1,-10.2],[-78.06,-10.34],[-77.92,-10.54],[-77.84,-10.68],[-77.76,-10.76],[-77.68,-10.92],[-77.6,-11.16],[-77.64,-11.3],[-77.32,-11.5],[-77.22,-11.62],[-77.14,-11.94],[-77.18,-12.08],[-77.06,-12.12],[-77.04,-12.2],[-76.86,-12.3],[-76.8,-12.38],[-76.82,-12.48],[-76.68,-12.62],[-76.64,-12.76],[-76.52,-12.86],[-76.48,-13.04],[-76.22,-13.36],[-76.18,-13.54],[-76.26,-13.86],[-76.36,-13.8],[-76.4,-13.9],[-76.28,-13.94],[-76.28,-14.14],[-76.14,-14.22],[-76.1,-14.38],[-75.98,-14.46],[-75.94,-14.64],[-75.84,-14.72],[-75.56,-14.88],[-75.36,-15.14],[-75.24,-15.2],[-75.16,-15.32],[-75.16,-15.4],[-74.84,-15.56],[-74.46,-15.72],[-74.44,-15.8],[-74.04,-15.96],[-74.04,-16.02],[-73.84,-16.14],[-73.7,-16.22],[-73.42,-16.3],[-73.28,-16.38],[-73.2,-16.4],[-73.06,-16.5],[-72.88,-16.56],[-72.7,-16.66],[-72.58,-16.66],[-72.36,-16.76],[-72.3,-16.88],[-72.2,-16.92],[-71.94,-17.08],[-71.8,-17.2],[-71.52,-17.28],[-71.4,-17.4],[-71.36,-17.64],[-71.38,-17.68],[-71.22,-17.76],[-71.08,-17.86],[-70.92,-17.94],[-70.68,-18.16],[-70.4,-18.34],[-70.14,-18.32],[-69.98,-18.26],[-69.86,-18.14],[-69.78,-17.98],[-69.86,-17.74],[-69.82,-17.66],[-69.68,-17.66],[-69.52,-17.5]]]},"properties":{"ADMIN":"Peru","ADM0_A3":"PER"}},
{"type":"Feature","geometry":{"type":"MultiPolygon","coordinates":[[[[-73.1,-49.28],[-73.12,-49.4],[-73.06,-49.56],[-73.2,-49.68],[-73.46,-49.76],[-73.58,-49.94],[-73.48,-50.02],[-73.54,-50.14],[-73.32,-50.26],[-73.28,-50.36],[-73.26,-50.56],[-73.18,-50.74],[-73.1,-50.78],[-72.78,-50.62],[-72.62,-50.66],[-72.5,-50.6],[-72.3,-50.64],[-72.34,-50.76],[-72.26,-50.84],[-72.3,-51.02],[-72.38,-51.16],[-72.26,-51.24],[-72.32,-51.3],[-72.36,-51.58],[-72.28,-51.7],[-72.08,-51.78],[-71.96,-51.86],[-71.92,-52],[-70.72,-52],[-69.96,-52],[-69.48,-52.14],[-69.22,-52.14],[-68.82,-52.24],[-68.46,-52.3],[-68.44,-52.34],[-68.36,-52.3],[-68.68,-52],[-68.94,-51.64],[-69.12,-51.6],[-68.96,-51.5],[-69.06,-51.32],[-69.16,-50.98],[-69.14,-50.74],[-69.08,-50.56],[-68.88,-50.34],[-68.44,-50.2],[-68.32,-50.12],[-68.08,-50.08],[-67.84,-49.96],[-67.74,-49.78],[-67.66,-49.38],[-67.7,-49.3],[-67.56,-49.02],[-67.4,-48.9],[-67.2,-48.82],[-67.12,-48.68],[-66.66,-48.44],[-66.46,-48.4],[-66.3,-48.26],[-65.96,-48.06],[-65.84,-47.94],[-65.9,-47.76],[-65.84,-47.74],[-65.74,-47.5],[-65.72,-47.34],[-65.74,-47.2],[-65.98,-47.06],[-66.2,-47.08],[-66.62,-47.06],[-66.78,-47],[-67.12,-46.7],[-67.42,-46.56],[-67.54,-46.4],[-67.62,-46.16],[-67.54,-45.94],[-67.36,-45.78],[-67.34,-45.62],[-67.06,-45.34],[-66.86,-45.24],[-66.52,-45.22],[-66.58,-45.14],[-66.46,-45.08],[-66.2,-45],[-65.84,-45],[-65.7,-45.06],[-65.6,-45.02],[-65.58,-44.9],[-65.72,-44.86],[-65.68,-44.72],[-65.32,-44.5],[-65.22,-44.36],[-65.3,-44.2],[-65.22,-44.04],[-65.32,-43.84],[-65.34,-43.68],[-65.28,-43.58],[-65.04,-43.38],[-65.04,-43.3],[-64.76,-43.14],[-64.44,-43.06],[-64.32,-43],[-64.52,-42.94],[-65,-42.78],[-64.94,-42.66],[-64.82,-42.62],[-64.62,-42.52],[-64.44,-42.5],[-64.32,-42.54],[-64.22,-42.66],[-64.26,-42.76],[-64.1,-42.88],[-63.74,-42.82],[-63.62,-42.76],[-63.58,-42.6],[-63.6,-42.34],[-63.7,-42.14],[-63.8,-42.08],[-64.16,-42.2],[-64.06,-42.26],[-64.06,-42.38],[-64.12,-42.44],[-64.56,-42.44],[-64.54,-42.24],[-64.86,-42.2],[-65,-42.1],[-65.06,-41.98],[-65,-41.8],[-65.04,-41.66],[-65,-41.56],[-65.06,-41.44],[-65.14,-41.18],[-65.18,-41.02],[-65.12,-40.84],[-64.94,-40.72],[-64.8,-40.72],[-64.78,-40.8],[-64.42,-40.92],[-64.18,-41],[-64.06,-41],[-63.86,-41.14],[-63.78,-41.16],[-63.1,-41.16],[-62.72,-41.04],[-62.34,-40.88],[-62.26,-40.74],[-62.26,-40.62],[-62.32,-40.5],[-62.42,-40.46],[-62.48,-40.28],[-62.36,-40.22],[-62.36,-40.06],[-62.32,-39.86],[-62.16,-39.86],[-62.12,-39.74],[-62.06,-39.46],[-62.2,-39.4],[-62.16,-39.28],[-62.32,-39.26],[-62.36,-39.1],[-62.28,-38.96],[-62.38,-38.8],[-62.16,-38.82],[-62.02,-38.94],[-61.84,-38.98],[-61.74,-38.96],[-61.52,-39.02],[-61.42,-38.98],[-61.14,-39],[-60.86,-38.98],[-59.88,-38.84],[-59.64,-38.78],[-59.06,-38.7],[-58.72,-38.58],[-58.56,-38.56],[-58.16,-38.44],[-57.6,-38.16],[-57.54,-38.08],[-57.52,-37.88],[-57.3,-37.64],[-57.06,-37.42],[-56.88,-37.16],[-56.68,-36.92],[-56.66,-36.86],[-56.7,-36.4],[-56.76,-36.34],[-56.92,-36.36],[-57.1,-36.28],[-57.24,-36.18],[-57.36,-35.98],[-57.4,-35.86],[-57.36,-35.72],[-57.14,-35.48],[-57.14,-35.42],[-57.24,-35.24],[-57.52,-35.02],[-57.76,-34.9],[-57.88,-34.82],[-58.16,-34.76],[-58.32,-34.66],[-58.48,-34.52],[-58.52,-34.44],[-58.46,-34.28],[-58.38,-34.18],[-58.4,-34.04],[-58.54,-33.68],[-58.52,-33.44],[-58.42,-33.3],[-58.44,-33.24],[-58.38,-33.08],[-58.24,-33.1],[-58.14,-33.04],[-58.14,-32.9],[-58.18,-32.82],[-58.22,-32.54],[-58.2,-32.44],[-58.1,-32.32],[-58.18,-32.16],[-58.14,-32.06],[-58.16,-31.84],[-58.06,-31.82],[-57.98,-31.64],[-57.98,-31.56],[-58.08,-31.48],[-58,-31.4],[-57.9,-31.24],[-57.86,-31.06],[-57.92,-30.94],[-57.8,-30.9],[-57.82,-30.72],[-57.88,-30.58],[-57.84,-30.48],[-57.66,-30.32],[-57.64,-30.2],[-57.62,-30.18],[-57.5,-30.14],[-57.32,-29.98],[-57.3,-29.84],[-57.22,-29.78],[-57.1,-29.76],[-56.96,-29.6],[-56.82,-29.48],[-56.68,-29.32],[-56.62,-29.16],[-56.42,-29.06],[-56.4,-28.96],[-56.3,-28.88],[-56.28,-28.78],[-56.18,-28.74],[-56.02,-28.58],[-56.02,-28.5],[-55.9,-28.46],[-55.84,-28.34],[-55.68,-28.38],[-55.66,-28.32],[-55.78,-28.24],[-55.6,-28.12],[-55.44,-28.08],[-55.32,-27.92],[-55.2,-27.86],[-55.02,-27.84],[-54.92,-27.74],[-54.9,-27.62],[-54.82,-27.54],[-54.7,-27.56],[-54.6,-27.46],[-54.46,-27.42],[-54.28,-27.42],[-54.18,-27.26],[-54.1,-27.28],[-54.02,-27.22],[-53.82,-27.14],[-53.72,-26.88],[-53.74,-26.7],[-53.72,-26.38],[-53.66,-26.22],[-53.76,-26.02],[-53.82,-25.98],[-53.84,-25.8],[-53.9,-25.62],[-54.22,-25.54],[-54.32,-25.56],[-54.46,-25.64],[-54.6,-25.58],[-54.64,-25.68],[-54.58,-25.82],[-54.6,-25.94],[-54.66,-25.98],[-54.64,-26.2],[-54.7,-26.44],[-54.78,-26.52],[-54.8,-26.64],[-54.9,-26.66],[-54.98,-26.78],[-55.12,-26.86],[-55.14,-26.96],[-55.28,-26.94],[-55.42,-26.98],[-55.46,-27.1],[-55.6,-27.18],[-55.6,-27.32],[-55.76,-27.44],[-55.92,-27.32],[-56.12,-27.3],[-56.28,-27.38],[-56.36,-27.58],[-56.46,-27.56],[-56.54,-27.46],[-56.78,-27.5],[-56.9,-27.42],[-57.08,-27.48],[-57.18,-27.48],[-57.34,-27.4],[-57.54,-27.4],[-57.7,-27.34],[-58.02,-27.26],[-58.24,-27.26],[-58.52,-27.28],[-58.6,-27.24],[-58.66,-27.16],[-58.52,-27.06],[-58.46,-26.92],[-58.24,-26.76],[-58.2,-26.4],[-58.16,-26.28],[-58.08,-26.12],[-57.88,-26.02],[-57.88,-25.88],[-57.76,-25.68],[-57.62,-25.62],[-57.56,-25.46],[-57.64,-25.38],[-57.76,-25.18],[-57.9,-25.08],[-57.96,-25.08],[-58.22,-24.94],[-58.32,-25],[-58.48,-24.86],[-58.8,-24.78],[-59,-24.64],[-59.34,-24.48],[-59.46,-24.36],[-60.04,-24],[-60.32,-24.02],[-60.48,-23.98],[-60.6,-23.92],[-60.84,-23.88],[-61,-23.8],[-61.12,-23.66],[-61.1,-23.6],[-61.3,-23.48],[-61.5,-23.42],[-61.6,-23.28],[-61.74,-23.24],[-61.84,-23.1],[-61.96,-23.04],[-62.04,-22.88],[-62.18,-22.72],[-62.18,-22.64],[-62.28,-22.48],[-62.64,-22.3],[-62.66,-22.24],[-62.8,-22.12],[-62.8,-22],[-63.64,-22],[-63.74,-22.06],[-63.82,-22],[-63.94,-22],[-64.16,-22.44],[-64.26,-22.54],[-64.3,-22.7],[-64.36,-22.72],[-64.46,-22.64],[-64.42,-22.54],[-64.58,-22.34],[-64.58,-22.22],[-64.68,-22.18],[-65.02,-22.1],[-65.46,-22.1],[-65.58,-22.08],[-65.74,-22.12],[-65.94,-21.94],[-66.04,-21.92],[-66.1,-21.84],[-66.24,-21.8],[-66.3,-22.06],[-66.38,-22.12],[-66.74,-22.22],[-66.8,-22.44],[-67.04,-22.52],[-67.04,-22.66],[-67.2,-22.82],[-67.02,-23],[-67.34,-24],[-67.36,-24.04],[-68.24,-24.38],[-68.32,-24.48],[-68.4,-24.5],[-68.5,-24.62],[-68.58,-24.76],[-68.56,-24.86],[-68.48,-24.9],[-68.44,-25.02],[-68.36,-25.1],[-68.52,-25.18],[-68.6,-25.44],[-68.56,-25.66],[-68.5,-25.76],[-68.42,-26.1],[-68.42,-26.18],[-68.58,-26.3],[-68.6,-26.46],[-68.58,-26.56],[-68.32,-26.88],[-68.34,-27.04],[-68.52,-27.08],[-68.58,-27.16],[-68.8,-27.12],[-68.88,-27.22],[-68.94,-27.4],[-69.02,-27.44],[-69.02,-27.56],[-69.12,-27.74],[-69.18,-27.92],[-69.3,-28],[-69.42,-28.22],[-69.66,-28.4],[-69.68,-28.56],[-69.74,-28.64],[-69.74,-28.82],[-69.8,-28.96],[-69.8,-29.1],[-69.92,-29.14],[-70.04,-29.28],[-70.04,-29.36],[-69.92,-29.72],[-69.92,-29.94],[-69.98,-30.06],[-69.84,-30.12],[-69.9,-30.32],[-70.04,-30.4],[-70.14,-30.36],[-70.16,-30.46],[-70.22,-30.52],[-70.32,-30.8],[-70.34,-31.04],[-70.38,-31.12],[-70.48,-31.1],[-70.56,-31.3],[-70.6,-31.54],[-70.48,-31.8],[-70.42,-31.88],[-70.32,-31.88],[-70.24,-31.96],[-70.34,-32.14],[-70.32,-32.28],[-70.24,-32.34],[-70.18,-32.46],[-70.18,-32.64],[-70.14,-32.76],[-70,-32.88],[-70.12,-33.04],[-70.1,-33.18],[-70.02,-33.3],[-69.9,-33.24],[-69.82,-33.28],[-69.78,-33.38],[-69.9,-33.66],[-69.9,-33.96],[-69.86,-33.98],[-69.88,-34.14],[-69.84,-34.24],[-70.04,-34.28],[-70.06,-34.4],[-70.22,-34.58],[-70.28,-34.8],[-70.36,-34.96],[-70.38,-35.16],[-70.54,-35.2],[-70.48,-35.32],[-70.4,-35.5],[-70.42,-35.66],[-70.36,-35.82],[-70.42,-35.86],[-70.38,-36.04],[-70.46,-36.16],[-70.58,-36.16],[-70.7,-36.26],[-70.72,-36.42],[-70.9,-36.4],[-70.94,-36.48],[-71.04,-36.48],[-71.06,-36.68],[-71.14,-36.68],[-71.2,-36.84],[-71.16,-36.88],[-71.14,-37.22],[-71.2,-37.3],[-71.12,-37.44],[-71.14,-37.6],[-71.18,-37.7],[-71,-38.06],[-71.02,-38.26],[-70.98,-38.42],[-70.84,-38.52],[-70.88,-38.7],[-71.22,-38.8],[-71.42,-38.94],[-71.4,-39.24],[-71.46,-39.44],[-71.54,-39.54],[-71.52,-39.62],[-71.72,-39.62],[-71.72,-39.72],[-71.62,-39.94],[-71.68,-40.1],[-71.8,-40.08],[-71.82,-40.22],[-71.68,-40.34],[-71.8,-40.42],[-71.88,-40.64],[-71.96,-40.72],[-71.86,-40.94],[-71.88,-41.24],[-71.9,-41.36],[-71.86,-41.56],[-71.92,-41.62],[-71.8,-41.86],[-71.74,-42.08],[-71.94,-42.16],[-72.04,-42.14],[-72.12,-42.26],[-72.04,-42.5],[-72.14,-42.6],[-72.12,-42.86],[-72.14,-43],[-72,-43.12],[-71.86,-43.14],[-71.74,-43.2],[-71.76,-43.3],[-71.9,-43.32],[-71.94,-43.46],[-71.88,-43.54],[-71.72,-43.6],[-71.7,-43.68],[-71.82,-43.76],[-71.66,-43.92],[-71.76,-44.06],[-71.86,-44.1],[-71.8,-44.22],[-71.82,-44.4],[-71.44,-44.4],[-71.2,-44.42],[-71.12,-44.54],[-71.24,-44.66],[-71.26,-44.78],[-71.34,-44.8],[-71.5,-44.74],[-71.64,-44.78],[-71.86,-44.8],[-72.04,-44.76],[-72.08,-44.88],[-71.88,-44.94],[-71.76,-44.94],[-71.58,-44.98],[-71.5,-45.12],[-71.34,-45.24],[-71.32,-45.3],[-71.5,-45.4],[-71.52,-45.52],[-71.76,-45.58],[-71.8,-45.74],[-71.74,-45.86],[-71.62,-45.98],[-71.78,-46.12],[-71.92,-46.16],[-71.76,-46.24],[-71.76,-46.4],[-71.68,-46.52],[-71.68,-46.7],[-71.94,-46.8],[-72,-47.04],[-71.86,-47.16],[-72,-47.2],[-72.06,-47.32],[-72.18,-47.4],[-72.32,-47.42],[-72.34,-47.6],[-72.54,-47.92],[-72.34,-48.08],[-72.32,-48.28],[-72.44,-48.4],[-72.58,-48.46],[-72.6,-48.8],[-72.74,-48.92],[-73,-49],[-73.18,-49.24],[-73.1,-49.28]]],[[[-68.64,-54.78],[-68.52,-54.86],[-68.08,-54.84],[-67.04,-54.9],[-66.8,-54.94],[-66.54,-55.06],[-66.32,-55],[-66,-54.98],[-65.96,-54.9],[-65.5,-54.94],[-65.34,-54.92],[-65.16,-54.64],[-65.3,-54.62],[-65.7,-54.66],[-65.84,-54.64],[-66.48,-54.46],[-66.76,-54.24],[-67.3,-54.06],[-67.58,-53.9],[-67.56,-53.84],[-67.8,-53.72],[-67.98,-53.6],[-68.12,-53.34],[-68.46,-53.3],[-68.56,-53.24],[-68.52,-53.12],[-68.26,-52.98],[-68.62,-52.64],[-68.64,-53.72],[-68.64,-54.78]]],[[[-63.88,-54.72],[-64.08,-54.74],[-64.38,-54.72],[-64.76,-54.84],[-64.6,-54.9],[-64.32,-54.78],[-64.28,-54.82],[-63.88,-54.72]]],[[[-62.16,-40.38],[-62.24,-40.5],[-62.1,-40.56],[-62.02,-40.46],[-62.16,-40.38]]]]},"properties":{"ADMIN":"Argentina","ADM0_A3":"ARG"}},
{"type":"Feature","geometry":{"type":"Polygon","coordinates":[[[33.78,34.98],[33.9,34.96],[33.72,35.06],[33.7,34.98],[33.78,34.98]]]},"properties":{"ADMIN":"Dhekelia Sovereign Base Area","ADM0_A3":"ESB"}},
{"type":"Feature","geometry":{"type":"Polygon","coordinates":[[[33.9,34.96],[34.06,35.04],[33.9,35.16],[33.98,35.32],[34.06,35.32],[34.14,35.42],[34.58,35.64],[34.18,35.56],[34.04,35.48],[33.66,35.36],[33.42,35.32],[32.92,35.4],[32.92,35.24],[32.86,35.16],[32.66,35.18],[32.52,35.16],[32.38,35.04],[32.32,34.88],[32.42,34.76],[32.66,34.66],[32.76,34.66],[32.84,34.7],[33.02,34.64],[33.08,34.68],[33.24,34.7],[33.6,34.82],[33.7,34.98],[33.72,35.06],[33.9,34.96]]]},"properties":{"ADMIN":"Cyprus","ADM0_A3":"CYP"}},
{"type":"Feature","geometry":{"type":"MultiPolygon","coordinates":[[[[81,30.2],[80.98,30.26],[80.78,30.32],[80.72,30.4],[80.32,30.54],[80.18,30.56],[80,30.8],[79.84,30.96],[79.74,30.98],[79.52,30.96],[79.38,31.08],[78.96,31.1],[78.86,31.28],[78.76,31.3],[78.76,31.44],[78.7,31.52],[78.82,31.6],[78.68,31.78],[78.72,31.88],[78.68,31.96],[78.48,32.14],[78.44,32.4],[78.38,32.52],[78.44,32.56],[78.64,32.58],[78.72,32.64],[78.78,32.46],[78.94,32.34],[79.1,32.4],[79.12,32.48],[79.22,32.5],[79.24,32.7],[79.18,33],[79.1,33.06],[79.14,33.12],[79.12,33.3],[78.96,33.34],[78.82,33.46],[78.78,33.56],[78.8,33.74],[78.72,34],[78.74,34.08],[78.9,34.16],[78.98,34.28],[78.92,34.38],[78.8,34.42],[78.6,34.54],[78.38,34.58],[78.28,34.66],[78.14,35.06],[78,35.26],[78.06,35.46],[77.98,35.5],[77.88,35.44],[77.8,35.5],[77.66,35.46],[77.42,35.46],[77.26,35.54],[77.1,35.54],[77.04,35.58],[76.9,35.58],[76.78,35.64],[77.04,35.12],[77.02,34.98],[76.92,34.92],[76.78,34.94],[76.74,34.82],[76.56,34.72],[76.4,34.76],[76.26,34.68],[76.02,34.68],[75.78,34.5],[75.62,34.5],[75.34,34.56],[75.22,34.64],[75.02,34.62],[74.66,34.68],[74.42,34.76],[74.28,34.76],[74.12,34.7],[73.96,34.66],[73.78,34.38],[73.94,34.3],[74,34.2],[73.88,34.08],[73.94,34],[74.22,34.02],[74.24,33.9],[74.04,33.82],[73.98,33.76],[73.98,33.64],[74.14,33.54],[74.1,33.34],[74,33.28],[74,33.18],[74.16,33.04],[74.32,32.98],[74.34,32.84],[74.42,32.78],[74.64,32.72],[74.62,32.58],[74.72,32.46],[74.9,32.44],[75.02,32.46],[75.2,32.4],[75.36,32.26],[75.3,32.14],[74.96,32.04],[74.82,32.02],[74.56,31.84],[74.48,31.72],[74.56,31.62],[74.62,31.44],[74.54,31.3],[74.5,31.18],[74.6,31.06],[74.52,30.96],[74.32,30.9],[74.16,30.66],[74.06,30.6],[73.94,30.42],[73.86,30.38],[73.94,30.18],[73.74,30.04],[73.56,30.02],[73.38,29.92],[73.24,29.54],[73.06,29.22],[72.9,29.02],[72.38,28.78],[72.26,28.64],[72.14,28.36],[71.98,28.22],[71.9,28.1],[71.86,27.96],[71.56,27.86],[71.32,27.86],[71.16,27.82],[70.84,27.7],[70.72,27.74],[70.64,27.94],[70.46,28.04],[70.34,28.02],[70.1,27.8],[70.02,27.6],[69.84,27.42],[69.58,27.18],[69.5,27.06],[69.46,26.8],[69.5,26.74],[69.66,26.68],[69.82,26.58],[70.06,26.58],[70.16,26.54],[70.14,26.18],[70.06,25.98],[70.12,25.88],[70.26,25.7],[70.48,25.68],[70.6,25.7],[70.66,25.64],[70.64,25.44],[70.72,25.28],[70.86,25.14],[70.9,25],[71.06,24.68],[70.96,24.58],[71,24.36],[70.92,24.36],[70.76,24.24],[70.62,24.24],[70.56,24.28],[70.56,24.42],[70.42,24.4],[70.1,24.3],[70.06,24.2],[69.98,24.16],[69.76,24.16],[69.68,24.18],[69.56,24.28],[69.28,24.28],[68.98,24.26],[68.9,24.32],[68.72,24.28],[68.72,23.96],[68.44,23.96],[68.26,23.9],[68.18,23.84],[68.16,23.76],[68.32,23.58],[68.42,23.7],[68.42,23.44],[68.56,23.36],[68.56,23.26],[68.7,23.14],[68.86,23.02],[69.24,22.84],[69.58,22.76],[69.72,22.74],[69.84,22.86],[70.26,22.96],[70.4,22.94],[70.4,23.06],[70.46,23.12],[70.52,23.02],[70.38,22.9],[70.32,22.78],[70.18,22.56],[69.96,22.54],[69.78,22.42],[69.74,22.48],[69.62,22.36],[69.36,22.32],[69.22,22.28],[69.2,22.4],[68.98,22.4],[68.94,22.3],[69,22.2],[69.2,21.98],[69.48,21.76],[69.82,21.44],[70.06,21.16],[70.34,20.92],[70.54,20.8],[70.84,20.7],[70.98,20.72],[71.32,20.84],[71.46,20.88],[71.72,21.04],[72.1,21.2],[72.1,21.32],[72.24,21.48],[72.3,21.66],[72.16,21.8],[72.12,21.98],[72.26,22.02],[72.32,22.18],[72.56,22.28],[72.64,22.22],[72.54,22.16],[72.5,21.96],[72.56,21.84],[72.54,21.72],[72.8,21.68],[72.76,21.56],[72.62,21.48],[72.58,21.4],[72.6,21.26],[72.8,21.12],[72.78,21.04],[72.94,20.78],[72.88,20.62],[72.88,20.52],[72.74,20.28],[72.7,20.02],[72.66,19.84],[72.72,19.74],[72.72,19.6],[72.8,19.52],[72.74,19.46],[72.78,19.26],[72.82,19.06],[72.9,19],[72.92,18.82],[72.86,18.76],[72.86,18.68],[72.92,18.56],[72.88,18.44],[72.98,18.3],[72.98,18.08],[73.02,17.96],[73.12,17.72],[73.14,17.54],[73.16,17.42],[73.24,17.3],[73.28,16.98],[73.28,16.84],[73.32,16.7],[73.32,16.5],[73.44,16.06],[73.58,15.9],[73.68,15.72],[73.76,15.5],[73.88,15.44],[73.94,15.16],[73.92,15.08],[74.04,15],[74.04,14.92],[74.12,14.84],[74.12,14.78],[74.26,14.7],[74.3,14.52],[74.4,14.42],[74.42,14.24],[74.5,14.02],[74.62,13.84],[74.72,13.34],[74.82,12.86],[74.96,12.54],[75.14,12.2],[75.2,12.02],[75.3,11.98],[75.54,11.7],[75.62,11.48],[75.7,11.42],[75.84,11.1],[75.92,10.76],[76.06,10.52],[76.18,10.18],[76.24,10.1],[76.28,9.98],[76.36,9.92],[76.4,9.68],[76.34,9.7],[76.32,9.5],[76.36,9.32],[76.54,8.92],[77,8.36],[77.32,8.12],[77.52,8.08],[78.06,8.38],[78.12,8.48],[78.14,8.66],[78.18,8.86],[78.24,8.96],[78.44,9.12],[78.62,9.14],[78.84,9.24],[78.96,9.28],[79.08,9.26],[78.94,9.42],[78.92,9.48],[78.98,9.66],[79.2,9.98],[79.28,10.04],[79.24,10.16],[79.3,10.26],[79.4,10.32],[79.54,10.32],[79.76,10.26],[79.86,10.28],[79.86,10.38],[79.84,10.96],[79.86,11.16],[79.82,11.4],[79.76,11.58],[79.78,11.76],[79.86,12.02],[80.16,12.48],[80.22,12.68],[80.28,13.06],[80.34,13.2],[80.32,13.44],[80.12,13.5],[80.06,13.6],[80.1,13.66],[80.2,13.64],[80.24,13.84],[80.16,13.98],[80.12,14.24],[80.18,14.34],[80.2,14.56],[80.12,14.7],[80.06,15.02],[80.1,15.3],[80.18,15.44],[80.26,15.68],[80.36,15.78],[80.46,15.84],[80.7,15.9],[80.78,15.88],[80.84,15.74],[80.92,15.86],[81,15.84],[81.16,15.98],[81.24,16.32],[81.32,16.36],[81.5,16.36],[81.76,16.32],[82,16.4],[82.3,16.58],[82.36,16.82],[82.26,16.86],[82.3,17.04],[82.48,17.2],[82.72,17.34],[82.9,17.4],[83.08,17.54],[83.24,17.6],[83.42,17.8],[83.44,17.86],[83.62,18.04],[83.78,18.14],[84.08,18.28],[84.28,18.52],[84.42,18.64],[84.64,18.92],[84.74,19.02],[84.88,19.22],[85.18,19.48],[85.1,19.52],[85.22,19.74],[85.46,19.9],[85.58,19.88],[85.54,19.7],[85.74,19.76],[86.26,19.92],[86.38,19.96],[86.5,20.18],[86.7,20.28],[86.74,20.46],[86.92,20.62],[87,20.66],[86.96,20.84],[86.84,21.08],[86.84,21.18],[86.92,21.32],[87.06,21.48],[87.2,21.56],[87.34,21.56],[87.46,21.62],[87.7,21.66],[87.98,21.84],[88.06,21.98],[88.14,22.06],[88.16,21.88],[88.2,21.8],[88.18,21.68],[88.24,21.56],[88.4,21.6],[88.58,21.58],[88.62,21.72],[88.56,21.86],[88.62,21.96],[88.68,21.94],[88.68,21.7],[88.76,21.56],[88.88,21.68],[89,21.6],[89.08,21.62],[89,21.92],[89.06,21.94],[89.06,22.12],[89.06,22.22],[88.98,22.38],[88.9,22.74],[88.94,22.84],[88.84,22.96],[88.86,23.08],[88.96,23.18],[88.84,23.24],[88.72,23.24],[88.68,23.3],[88.72,23.46],[88.54,23.64],[88.6,23.86],[88.72,23.92],[88.72,24.02],[88.68,24.08],[88.74,24.28],[88.48,24.32],[88.14,24.5],[88.02,24.64],[88.2,24.94],[88.32,24.88],[88.42,25.06],[88.44,25.18],[88.6,25.2],[88.78,25.16],[88.9,25.16],[88.98,25.3],[88.84,25.34],[88.78,25.5],[88.64,25.46],[88.54,25.5],[88.42,25.6],[88.42,25.66],[88.22,25.8],[88.12,25.78],[88.08,25.9],[88.16,26.14],[88.3,26.2],[88.36,26.32],[88.5,26.38],[88.46,26.46],[88.36,26.48],[88.36,26.58],[88.66,26.42],[88.8,26.24],[88.9,26.28],[88.9,26.36],[88.96,26.44],[89.04,26.38],[89.14,26.14],[89.36,26],[89.48,26],[89.6,26.06],[89.56,26.14],[89.66,26.2],[89.74,26.08],[89.84,25.9],[89.78,25.82],[89.84,25.64],[89.8,25.38],[89.9,25.3],[90.14,25.22],[90.36,25.14],[90.74,25.16],[90.82,25.14],[91.24,25.2],[91.48,25.14],[91.56,25.16],[92,25.18],[92.3,25.08],[92.46,24.96],[92.48,24.86],[92.38,24.84],[92.26,24.9],[92.24,24.78],[92.1,24.4],[91.94,24.38],[91.9,24.26],[91.6,24.1],[91.36,24.1],[91.22,23.9],[91.2,23.76],[91.14,23.62],[91.22,23.46],[91.3,23.14],[91.46,23.18],[91.54,22.98],[91.7,22.98],[91.8,23.08],[91.74,23.28],[91.8,23.36],[91.94,23.5],[91.92,23.68],[92,23.64],[92.16,23.74],[92.26,23.6],[92.36,23.28],[92.32,23.18],[92.38,22.9],[92.5,22.7],[92.58,22.16],[92.54,22.12],[92.58,21.98],[92.66,22.02],[92.7,22.14],[92.86,22.02],[92.96,22.06],[93.16,22.24],[93.16,22.38],[93.1,22.52],[93.08,22.78],[93.18,22.88],[93.14,23],[93.2,23.06],[93.3,23.02],[93.38,23.12],[93.38,23.32],[93.44,23.64],[93.38,23.74],[93.36,23.9],[93.3,24.04],[93.36,24.08],[93.46,23.96],[93.62,24],[93.74,24],[93.8,23.94],[94,23.92],[94.1,23.84],[94.2,24],[94.28,24.32],[94.52,24.7],[94.58,24.74],[94.7,25.02],[94.68,25.14],[94.58,25.18],[94.56,25.24],[94.6,25.4],[94.7,25.48],[94.86,25.56],[95,25.74],[95,25.92],[95.14,26.02],[95.04,26.24],[95.04,26.48],[95.12,26.6],[95.4,26.7],[95.48,26.82],[95.6,26.82],[95.78,27],[95.88,27.02],[96.02,27.2],[96.14,27.26],[96.4,27.3],[96.52,27.3],[96.58,27.36],[96.76,27.34],[96.86,27.24],[96.86,27.18],[97.02,27.1],[97.14,27.12],[96.9,27.4],[96.88,27.62],[97.04,27.74],[97.04,27.78],[96.76,27.94],[96.66,27.96],[96.56,28.06],[96.4,28.16],[96.28,28.14],[96.18,28.22],[95.98,28.16],[95.84,28.26],[95.78,28.26],[95.28,28.08],[95.24,27.9],[94.88,27.74],[94.48,27.6],[94.2,27.54],[94.14,27.44],[93.8,27.16],[93.78,27.02],[93.58,26.92],[93.1,26.86],[92.76,26.88],[92.64,26.96],[92.46,26.9],[92.14,26.86],[92.04,26.86],[91.8,26.86],[91.7,26.8],[91.52,26.8],[91.4,26.86],[91.28,26.78],[91.2,26.8],[90.72,26.76],[90.58,26.78],[90.38,26.9],[90.18,26.84],[90.08,26.74],[89.82,26.7],[89.68,26.72],[89.34,26.86],[89.18,26.82],[88.96,26.92],[88.82,27.1],[88.74,27.16],[88.8,27.26],[88.9,27.32],[88.78,27.4],[88.74,27.54],[88.8,27.66],[88.86,27.84],[88.82,28],[88.62,28.1],[88.38,27.98],[88.12,27.96],[88.12,27.86],[88.16,27.78],[88.02,27.5],[88.04,27.32],[87.98,27.1],[88.08,27],[88.16,26.84],[88.16,26.74],[88.08,26.46],[88,26.36],[87.88,26.46],[87.76,26.46],[87.58,26.38],[87.38,26.42],[87.32,26.36],[87.08,26.44],[87.04,26.58],[86.8,26.44],[86.72,26.42],[86.28,26.62],[86.2,26.58],[86.02,26.66],[85.82,26.58],[85.72,26.66],[85.68,26.82],[85.6,26.86],[85.28,26.74],[85.2,26.76],[85.16,26.86],[85.04,26.84],[84.92,26.96],[84.8,27.02],[84.64,27.02],[84.66,27.2],[84.58,27.32],[84.28,27.38],[84.08,27.5],[84.02,27.46],[83.84,27.44],[83.84,27.36],[83.6,27.46],[83.36,27.46],[83.3,27.34],[83.14,27.44],[83.02,27.44],[82.76,27.5],[82.66,27.7],[82.4,27.68],[82.06,27.9],[81.98,27.92],[81.86,27.86],[81.68,27.96],[81.46,28.08],[81.4,28.16],[81.3,28.12],[81.14,28.38],[81,28.4],[80.78,28.52],[80.64,28.62],[80.5,28.68],[80.34,28.62],[80.24,28.74],[80.04,28.84],[80.14,29.12],[80.24,29.14],[80.28,29.26],[80.22,29.42],[80.38,29.6],[80.36,29.76],[80.48,29.8],[80.58,29.94],[80.66,29.98],[80.82,30.12],[80.84,30.18],[81,30.2]]],[[[93.92,7.02],[93.86,7.2],[93.82,7.24],[93.68,7.18],[93.64,7.02],[93.72,7],[93.82,6.8],[93.88,6.8],[93.92,7.02]]],[[[92.58,10.78],[92.52,10.9],[92.42,10.86],[92.38,10.78],[92.4,10.58],[92.52,10.5],[92.58,10.58],[92.58,10.78]]],[[[93.06,13.28],[93.04,13.58],[92.96,13.56],[92.84,13.34],[92.86,13.14],[92.8,13.02],[92.8,12.86],[92.74,12.8],[92.76,12.66],[92.72,12.6],[92.72,12.36],[92.78,12.32],[92.8,12.2],[92.64,12.14],[92.64,12.04],[92.54,11.9],[92.56,11.74],[92.64,11.58],[92.72,11.5],[92.8,11.86],[92.74,11.96],[92.76,12.08],[92.9,12.22],[92.94,12.44],[93,12.52],[93,12.7],[92.96,12.86],[92.9,12.98],[93.02,13.04],[93.06,13.14],[93.06,13.28]]]]},"properties":{"ADMIN":"India","ADM0_A3":"IND"}},
{"type":"Feature","geometry":{"type":"MultiPolygon","coordinates":[[[[88.9,27.32],[89,27.34],[88.96,27.48],[89.1,27.52],[89.12,27.62],[89.22,27.8],[89.34,27.86],[89.44,28.04],[89.56,28.14],[89.76,28.18],[90.08,28.16],[90.32,28.16],[90.36,28.06],[90.72,28.06],[90.9,28.04],[91.1,27.98],[91.18,28.06],[91.26,28.08],[91.42,28],[91.62,27.96],[91.62,27.72],[91.58,27.66],[91.6,27.54],[91.66,27.48],[91.78,27.46],[91.98,27.48],[92.08,27.3],[92,27.16],[92,27.08],[92.08,26.94],[92.04,26.86],[92.14,26.86],[92.46,26.9],[92.64,26.96],[92.76,26.88],[93.1,26.86],[93.58,26.92],[93.78,27.02],[93.8,27.16],[94.14,27.44],[94.2,27.54],[94.48,27.6],[94.88,27.74],[95.24,27.9],[95.28,28.08],[95.78,28.26],[95.84,28.26],[95.98,28.16],[96.18,28.22],[96.28,28.14],[96.4,28.16],[96.56,28.06],[96.66,27.96],[96.76,27.94],[97.04,27.78],[97.04,27.74],[97.26,27.92],[97.34,27.9],[97.36,28.02],[97.3,28.12],[97.34,28.24],[97.44,28.28],[97.44,28.38],[97.52,28.52],[97.7,28.48],[97.74,28.38],[97.9,28.36],[98.12,28.14],[98.1,27.98],[98.18,27.9],[98.2,27.72],[98.3,27.54],[98.38,27.56],[98.4,27.68],[98.68,27.58],[98.68,27.38],[98.7,27.3],[98.68,27.18],[98.74,26.78],[98.76,26.62],[98.72,26.4],[98.66,26.32],[98.7,26.18],[98.54,26.1],[98.58,25.98],[98.7,25.88],[98.62,25.8],[98.46,25.8],[98.34,25.56],[98.16,25.62],[98.1,25.5],[98.1,25.38],[98.04,25.32],[97.88,25.2],[97.82,25.26],[97.74,25.1],[97.66,24.82],[97.54,24.74],[97.52,24.44],[97.64,24.44],[97.72,24.28],[97.7,24.12],[97.52,23.94],[97.64,23.86],[97.88,24.02],[98.18,24.12],[98.34,24.1],[98.5,24.12],[98.58,24.08],[98.86,24.14],[98.86,24.08],[98.66,23.96],[98.66,23.8],[98.78,23.76],[98.86,23.6],[98.78,23.54],[98.88,23.44],[98.92,23.3],[98.86,23.18],[99.02,23.16],[99.08,23.1],[99.22,23.06],[99.36,23.12],[99.48,23.06],[99.54,22.94],[99.42,22.94],[99.42,22.86],[99.3,22.72],[99.36,22.5],[99.28,22.42],[99.16,22.2],[99.16,22.14],[99.36,22.1],[99.44,22.12],[99.74,22.06],[99.82,22.02],[99.94,22.04],[99.96,21.96],[99.92,21.86],[99.96,21.72],[100.08,21.68],[100.08,21.52],[100.18,21.42],[100.32,21.52],[100.46,21.46],[100.62,21.46],[100.8,21.62],[101.06,21.76],[101.18,21.62],[101.16,21.56],[101.18,21.4],[101.24,21.36],[101.2,21.24],[101.28,21.18],[101.5,21.24],[101.76,21.14],[101.82,21.24],[101.72,21.3],[101.74,21.56],[101.8,21.58],[101.72,21.72],[101.76,21.8],[101.68,21.94],[101.6,21.96],[101.52,22.22],[101.6,22.28],[101.66,22.44],[101.72,22.5],[101.82,22.4],[102.02,22.44],[102.12,22.4],[102.22,22.42],[102.26,22.5],[102.38,22.62],[102.44,22.76],[102.54,22.7],[102.7,22.68],[102.84,22.58],[102.9,22.48],[102.98,22.44],[103.14,22.54],[103.14,22.6],[103.26,22.68],[103.3,22.78],[103.4,22.74],[103.48,22.6],[103.56,22.64],[103.6,22.76],[103.64,22.8],[103.86,22.58],[103.98,22.52],[104.02,22.72],[104.08,22.78],[104.22,22.82],[104.24,22.72],[104.34,22.68],[104.56,22.84],[104.72,22.84],[104.82,22.96],[104.8,23.08],[104.88,23.16],[104.94,23.16],[105.06,23.24],[105.34,23.32],[105.44,23.26],[105.52,23.16],[105.56,23.06],[105.7,23.04],[105.86,22.9],[106,22.98],[106.2,22.94],[106.32,22.86],[106.48,22.92],[106.66,22.86],[106.74,22.8],[106.74,22.7],[106.68,22.58],[106.56,22.58],[106.52,22.42],[106.66,22.22],[106.68,22.1],[106.72,22],[107.02,21.9],[107.06,21.8],[107.18,21.72],[107.28,21.72],[107.34,21.6],[107.62,21.6],[107.74,21.66],[108,21.48],[108.14,21.58],[108.44,21.66],[108.5,21.7],[108.46,21.86],[108.58,21.82],[108.76,21.66],[108.86,21.68],[108.98,21.6],[109.14,21.6],[109.14,21.52],[109.22,21.42],[109.32,21.46],[109.54,21.5],[109.58,21.58],[109.7,21.48],[109.92,21.48],[109.9,21.4],[109.8,21.36],[109.78,21.22],[109.68,21.12],[109.7,21.06],[109.66,20.92],[109.68,20.84],[109.78,20.82],[109.74,20.62],[109.82,20.52],[110.02,20.42],[110.02,20.3],[110.12,20.24],[110.28,20.26],[110.4,20.3],[110.54,20.48],[110.4,20.58],[110.34,20.72],[110.38,20.82],[110.16,20.84],[110.16,20.98],[110.48,21.22],[110.64,21.24],[110.68,21.3],[110.8,21.4],[110.86,21.38],[111.2,21.54],[111.3,21.5],[111.44,21.54],[111.64,21.52],[111.7,21.6],[112,21.76],[112.18,21.82],[112.24,21.7],[112.36,21.74],[112.44,21.82],[112.6,21.78],[112.64,21.84],[112.82,21.96],[112.88,21.88],[112.96,21.88],[113.02,21.96],[113.02,22.14],[113.16,22.02],[113.24,22.04],[113.3,22.18],[113.48,22.16],[113.58,22.24],[113.54,22.44],[113.6,22.58],[113.44,22.74],[113.5,22.78],[113.36,22.88],[113.48,22.92],[113.54,23.06],[113.62,23],[113.66,22.8],[113.74,22.76],[113.9,22.46],[113.96,22.52],[114.08,22.52],[114.22,22.56],[114.4,22.62],[114.54,22.56],[114.52,22.68],[114.72,22.8],[114.74,22.6],[114.86,22.6],[115.06,22.8],[115.24,22.84],[115.34,22.78],[115.38,22.7],[115.52,22.74],[115.58,22.88],[115.66,22.9],[115.8,22.8],[115.96,22.8],[116.08,22.86],[116.18,22.86],[116.3,22.96],[116.5,22.94],[116.56,23.02],[116.54,23.1],[116.74,23.26],[116.74,23.32],[116.86,23.46],[116.86,23.52],[116.92,23.64],[117.02,23.66],[117.08,23.56],[117.26,23.66],[117.3,23.76],[117.46,23.78],[117.58,23.88],[117.8,24],[117.9,24.02],[117.98,24.2],[118.12,24.26],[118.1,24.34],[117.98,24.4],[118.04,24.58],[118.14,24.62],[118.36,24.58],[118.42,24.64],[118.58,24.56],[118.74,24.72],[118.72,24.84],[119,24.96],[118.88,25.04],[118.98,25.22],[119.28,25.18],[119.34,25.24],[119.28,25.32],[119.1,25.4],[119.36,25.52],[119.5,25.48],[119.48,25.38],[119.64,25.4],[119.56,25.56],[119.46,25.64],[119.6,25.7],[119.62,25.9],[119.7,25.98],[119.56,26.06],[119.44,25.96],[119.24,25.96],[119.2,26.08],[119.46,25.98],[119.68,26.28],[119.68,26.46],[119.82,26.46],[119.68,26.62],[119.56,26.62],[119.58,26.8],[119.74,26.76],[119.88,26.68],[119.94,26.8],[120.08,26.64],[120.12,26.8],[120.02,26.84],[120.12,26.92],[120.24,26.92],[120.28,27.12],[120.36,27.1],[120.52,27.2],[120.54,27.4],[120.62,27.38],[120.68,27.5],[120.6,27.58],[120.66,27.62],[120.8,27.84],[120.84,27.96],[120.96,27.98],[121,28.1],[121.12,28.22],[121.14,28.34],[121.24,28.3],[121.28,28.18],[121.4,28.3],[121.66,28.34],[121.52,28.66],[121.66,28.82],[121.68,29.02],[121.62,29.12],[121.5,29.1],[121.48,29.2],[121.62,29.2],[121.84,29.16],[121.94,29.22],[121.9,29.28],[121.96,29.6],[121.92,29.64],[121.46,29.42],[121.46,29.52],[121.7,29.58],[121.98,29.82],[121.92,29.92],[121.68,30],[121.5,30.22],[121.38,30.32],[121.14,30.32],[120.9,30.16],[120.74,30.24],[120.94,30.42],[120.98,30.54],[121.14,30.6],[121.2,30.66],[121.42,30.76],[121.64,30.84],[121.9,30.86],[121.98,30.92],[121.88,31.1],[121.72,31.28],[121.54,31.36],[121.32,31.5],[121.14,31.68],[120.9,31.76],[120.82,31.82],[120.76,31.98],[120.52,32.02],[120.22,31.9],[120,31.96],[119.86,32.08],[119.78,32.2],[119.7,32.24],[119.7,32.32],[119.82,32.32],[119.92,32.2],[119.9,32.14],[120,32.02],[120.14,31.94],[120.26,31.94],[120.5,32.08],[120.64,32.08],[120.82,32.02],[120.98,31.82],[121.12,31.8],[121.28,31.9],[121.68,31.72],[121.82,31.7],[121.92,31.76],[121.82,31.96],[121.66,32.06],[121.44,32.12],[121.36,32.42],[121.12,32.5],[120.92,32.64],[120.86,32.72],[120.9,32.84],[120.9,33.02],[120.74,33.2],[120.62,33.48],[120.52,33.66],[120.5,33.76],[120.4,33.86],[120.38,34.04],[120.26,34.32],[119.94,34.46],[119.82,34.48],[119.64,34.56],[119.34,34.78],[119.2,34.78],[119.2,35.04],[119.36,35.1],[119.42,35.32],[119.56,35.38],[119.64,35.58],[119.82,35.64],[119.9,35.74],[120,35.72],[120.04,35.84],[120.24,35.98],[120.1,36.1],[120.1,36.2],[120.28,36.24],[120.36,36.2],[120.3,36.06],[120.36,36.04],[120.7,36.14],[120.64,36.34],[120.76,36.46],[120.94,36.46],[120.92,36.56],[121.16,36.66],[121.4,36.76],[121.56,36.76],[121.78,36.9],[122.04,36.98],[122.22,36.92],[122.32,36.82],[122.52,36.94],[122.44,37.06],[122.44,37.14],[122.6,37.2],[122.54,37.32],[122.66,37.38],[122.3,37.42],[122.12,37.48],[121.66,37.48],[121.6,37.42],[121.48,37.46],[121.38,37.56],[121.2,37.58],[121.14,37.7],[121.04,37.72],[120.92,37.82],[120.74,37.84],[120.46,37.74],[120.3,37.66],[120.3,37.6],[120.06,37.44],[119.86,37.36],[119.9,37.24],[119.78,37.16],[119.44,37.12],[119.14,37.18],[118.98,37.28],[118.94,37.38],[118.98,37.62],[119.04,37.72],[119.24,37.76],[119,37.96],[118.84,38.16],[118.66,38.14],[118.54,38.06],[118.22,38.14],[118.08,38.14],[117.84,38.28],[117.72,38.38],[117.56,38.62],[117.58,38.82],[117.7,38.98],[117.72,39.1],[117.88,39.2],[118.04,39.22],[118.14,39.18],[118.24,39.06],[118.34,39.04],[118.62,39.16],[118.94,39.14],[119.18,39.36],[119.3,39.44],[119.26,39.54],[119.34,39.72],[119.54,39.9],[119.92,40],[119.96,40.06],[120.44,40.2],[120.62,40.48],[120.8,40.6],[120.82,40.68],[120.94,40.7],[121,40.84],[121.18,40.92],[121.36,40.94],[121.58,40.84],[121.86,40.84],[122.04,40.74],[122.14,40.62],[122.3,40.5],[122.22,40.38],[122.1,40.32],[122.1,40.22],[121.78,39.92],[121.54,39.86],[121.46,39.74],[121.44,39.62],[121.3,39.6],[121.3,39.5],[121.44,39.5],[121.54,39.36],[121.78,39.38],[121.6,39.22],[121.68,39.08],[121.1,38.9],[121.16,38.72],[121.34,38.82],[121.48,38.8],[121.66,38.86],[121.64,39],[121.82,38.98],[122.12,39.14],[122.12,39.2],[122.4,39.42],[123,39.68],[123.18,39.66],[123.24,39.74],[123.42,39.8],[123.6,39.78],[123.62,39.88],[123.98,39.82],[124.2,39.88],[124.36,40],[124.36,40.1],[124.64,40.3],[124.72,40.32],[124.9,40.48],[125.36,40.64],[125.54,40.72],[125.56,40.78],[125.76,40.88],[126,40.9],[126.14,41.1],[126.26,41.14],[126.5,41.44],[126.62,41.66],[126.78,41.7],[126.88,41.78],[127.04,41.74],[127.04,41.66],[127.26,41.5],[127.48,41.5],[127.64,41.42],[127.84,41.44],[127.94,41.48],[128.06,41.38],[128.18,41.4],[128.3,41.58],[128.16,41.72],[128.04,41.88],[128.04,42],[128.26,42.04],[128.5,42],[128.72,42.04],[128.94,42.04],[128.96,42.08],[129.22,42.22],[129.24,42.38],[129.36,42.44],[129.52,42.4],[129.7,42.44],[129.76,42.74],[129.88,43],[130.12,42.98],[130.24,42.9],[130.24,42.74],[130.44,42.56],[130.54,42.54],[130.58,42.56],[130.4,42.74],[130.76,42.86],[131,42.84],[131.1,42.92],[131.08,43.04],[131.28,43.38],[131.2,43.58],[131.18,43.78],[131.26,44.06],[131.06,44.68],[130.94,44.84],[131.06,44.9],[131.16,44.9],[131.32,44.96],[131.42,44.96],[131.6,45.08],[131.62,45.2],[131.72,45.22],[131.82,45.34],[131.96,45.24],[132.84,45.06],[132.96,45.02],[133.12,45.12],[133.1,45.24],[133.14,45.44],[133.2,45.52],[133.42,45.58],[133.48,45.68],[133.52,45.88],[133.66,45.94],[133.72,46.08],[133.68,46.14],[133.9,46.26],[133.92,46.42],[133.84,46.48],[133.98,46.62],[134.02,46.84],[134.12,47.08],[134.22,47.12],[134.16,47.26],[134.3,47.4],[134.48,47.44],[134.68,47.58],[134.78,47.72],[134.56,48.04],[134.68,48.14],[134.7,48.26],[134.54,48.36],[134.38,48.38],[134.06,48.32],[133.98,48.28],[133.72,48.24],[133.56,48.12],[133.46,48.08],[133.18,48.12],[133.1,48.1],[132.82,47.94],[132.68,47.96],[132.66,47.86],[132.52,47.7],[132.34,47.74],[132.16,47.7],[131.9,47.68],[131.7,47.7],[131.58,47.66],[131.42,47.74],[131.02,47.68],[130.94,47.72],[130.9,47.88],[130.68,48.06],[130.66,48.12],[130.82,48.28],[130.72,48.5],[130.54,48.64],[130.68,48.88],[130.38,48.9],[130.24,48.86],[129.92,49.04],[129.76,49.18],[129.72,49.28],[129.58,49.28],[129.5,49.42],[129.36,49.34],[129.2,49.38],[129.06,49.38],[128.88,49.48],[128.8,49.58],[128.66,49.6],[128.1,49.54],[128,49.6],[127.84,49.6],[127.72,49.64],[127.64,49.76],[127.5,49.82],[127.48,50.02],[127.58,50.22],[127.34,50.32],[127.28,50.46],[127.36,50.56],[127.28,50.76],[127.14,50.9],[126.94,51.06],[126.9,51.16],[126.96,51.32],[126.8,51.42],[126.8,51.54],[126.44,51.98],[126.54,52.16],[126.32,52.2],[126.42,52.28],[126.22,52.54],[125.98,52.64],[126.04,52.72],[125.84,52.9],[125.62,53.06],[125.52,53.04],[125.12,53.2],[124.72,53.14],[124.68,53.2],[124.4,53.24],[124.24,53.38],[124.12,53.36],[123.98,53.46],[123.64,53.56],[123.48,53.52],[123.26,53.56],[123.16,53.52],[122.86,53.48],[122.48,53.46],[122.34,53.5],[122.08,53.42],[121.88,53.44],[121.52,53.32],[121.2,53.28],[120.88,53.28],[120.46,53],[120.28,52.86],[120.04,52.76],[120.06,52.6],[120.18,52.58],[120.42,52.64],[120.72,52.54],[120.62,52.34],[120.76,52.24],[120.78,52.12],[120.64,51.92],[120.5,51.88],[120.16,51.66],[120.1,51.66],[119.92,51.34],[119.76,51.2],[119.74,51.08],[119.52,50.9],[119.5,50.74],[119.3,50.6],[119.24,50.44],[119.36,50.34],[119.32,50.1],[119.1,49.98],[118.64,49.96],[118.16,49.68],[117.9,49.54],[117.76,49.52],[117.48,49.62],[117.26,49.62],[117.06,49.68],[116.68,49.82],[116.04,48.88],[116.02,48.76],[115.8,48.54],[115.8,48.28],[115.78,48.22],[115.52,48.12],[115.56,47.94],[115.86,47.7],[115.98,47.7],[116.08,47.8],[116.24,47.86],[116.5,47.84],[116.86,47.88],[117.06,47.82],[117.32,47.66],[117.52,47.78],[117.74,47.98],[118.18,48.02],[118.54,47.96],[118.76,47.76],[119.08,47.66],[119.16,47.52],[119.32,47.48],[119.32,47.4],[119.7,47.16],[119.78,47],[119.9,46.84],[119.9,46.7],[119.68,46.6],[119.46,46.62],[119.32,46.62],[119.06,46.66],[118.96,46.74],[118.82,46.76],[118.72,46.68],[118.24,46.72],[117.88,46.6],[117.7,46.52],[117.58,46.6],[117.4,46.58],[117.36,46.38],[117.3,46.36],[116.8,46.38],[116.6,46.3],[116.36,46.1],[116.22,45.9],[116.26,45.8],[116.16,45.7],[116.02,45.68],[115.64,45.44],[115.34,45.4],[114.94,45.38],[114.74,45.42],[114.54,45.38],[114.42,45.2],[114.16,45.04],[114.06,44.94],[113.88,44.9],[113.64,44.74],[113.1,44.8],[112.62,44.9],[112.44,45.06],[112.02,45.08],[111.84,45.04],[111.74,44.96],[111.56,44.7],[111.54,44.6],[111.4,44.42],[111.52,44.18],[111.64,44.06],[111.84,43.94],[111.94,43.78],[111.94,43.7],[111.76,43.66],[111.6,43.52],[111.1,43.36],[110.94,43.28],[110.68,43.06],[110.6,42.94],[110.4,42.76],[110.08,42.64],[109.92,42.62],[109.66,42.54],[109.48,42.44],[109.26,42.42],[109,42.44],[108.8,42.4],[108.54,42.44],[108.18,42.46],[106.76,42.28],[105.86,42],[105.28,41.76],[105.2,41.74],[105.02,41.6],[104.9,41.64],[104.5,41.66],[104.5,41.88],[103.72,41.76],[103.08,42],[102.04,42.18],[101.88,42.28],[101.74,42.46],[101.64,42.52],[101.42,42.54],[101.22,42.52],[100.02,42.68],[99.48,42.56],[98.66,42.64],[97.2,42.78],[96.48,42.74],[96.36,42.74],[96.3,42.94],[95.9,43.22],[95.84,43.4],[95.7,43.64],[95.58,43.86],[95.52,43.98],[95.32,44],[95.32,44.14],[95.38,44.28],[95.04,44.26],[94.7,44.34],[94.58,44.44],[94.34,44.52],[94.2,44.66],[93.98,44.66],[93.88,44.72],[93.72,44.88],[93.52,44.96],[93.16,45],[92.94,45],[92.76,45.04],[92.48,45],[92.2,45.02],[92,45.08],[91.66,45.06],[91.46,45.14],[91.24,45.12],[91.14,45.2],[90.9,45.18],[90.8,45.3],[90.74,45.44],[90.66,45.5],[90.72,45.76],[91,46.02],[91,46.12],[90.9,46.3],[91.04,46.56],[91,46.74],[90.82,46.98],[90.72,47.02],[90.46,47.3],[90.44,47.5],[90.32,47.62],[90.08,47.76],[90.04,47.88],[89.88,47.82],[89.76,47.82],[89.54,48.04],[89.34,48.04],[89.24,47.98],[89.04,48],[88.94,48.1],[88.8,48.1],[88.58,48.22],[88.56,48.34],[88.24,48.5],[87.94,48.6],[88.04,48.72],[87.8,48.8],[87.76,48.92],[87.82,49.02],[87.82,49.16],[87.32,49.08],[87.12,49.12],[86.88,49.1],[86.72,49],[86.78,48.84],[86.74,48.7],[86.56,48.52],[86.34,48.5],[86.2,48.42],[85.78,48.4],[85.72,48.36],[85.58,48.14],[85.52,47.92],[85.6,47.62],[85.58,47.52],[85.68,47.38],[85.66,47.2],[85.56,47.18],[85.5,47.06],[85.2,47.04],[84.92,46.86],[84.74,46.82],[84.74,46.94],[84.66,46.98],[84.16,47],[83.9,46.98],[83.52,47.06],[83.16,47.22],[83.02,47.2],[82.98,46.94],[82.84,46.74],[82.68,46.34],[82.56,46.2],[82.48,45.9],[82.38,45.74],[82.3,45.54],[82.36,45.48],[82.62,45.44],[82.64,45.34],[82.58,45.18],[82.48,45.12],[82.3,45.22],[81.96,45.14],[81.8,45.18],[81.74,45.34],[81.14,45.2],[80.86,45.12],[80.7,45.14],[80.42,45.1],[80.36,45.04],[80.06,45.02],[79.86,44.9],[80,44.8],[80.22,44.82],[80.48,44.74],[80.38,44.68],[80.34,44.42],[80.38,44.28],[80.34,44.1],[80.48,43.92],[80.72,43.46],[80.64,43.32],[80.74,43.28],[80.78,43.12],[80.58,43.12],[80.36,43.02],[80.48,42.86],[80.22,42.8],[80.14,42.62],[80.26,42.24],[80.22,42.18],[80.26,42.08],[80.18,42.02],[79.84,42],[79.74,41.88],[79.62,41.86],[79.42,41.78],[79.3,41.78],[78.98,41.64],[78.68,41.54],[78.62,41.48],[78.36,41.38],[78.36,41.28],[78.18,41.1],[78.08,41.04],[77.86,41.06],[77.66,41],[77.48,40.98],[77.34,41.02],[77.12,41.02],[77,41.04],[76.86,41.02],[76.76,40.94],[76.78,40.86],[76.64,40.72],[76.62,40.62],[76.44,40.42],[76.34,40.34],[76.24,40.44],[76.08,40.4],[75.92,40.3],[75.68,40.3],[75.66,40.46],[75.56,40.64],[75.48,40.62],[75.2,40.44],[75.04,40.44],[74.84,40.52],[74.7,40.34],[74.36,40.1],[74.16,40.1],[74,40.06],[73.82,39.8],[73.92,39.6],[73.82,39.46],[73.64,39.44],[73.6,39.24],[73.7,39.08],[73.82,39],[73.68,38.86],[73.8,38.6],[73.94,38.52],[74.14,38.66],[74.34,38.66],[74.78,38.52],[74.84,38.38],[74.78,38.3],[74.8,38.08],[74.9,38],[74.88,37.84],[74.96,37.76],[74.9,37.6],[75.16,37.4],[75.06,37.32],[74.9,37.24],[74.78,37.22],[74.72,37.3],[74.62,37.24],[74.48,37.22],[74.36,37.14],[74.54,37.02],[74.66,37.06],[74.92,36.96],[75.1,37],[75.36,36.92],[75.42,36.74],[75.58,36.76],[75.8,36.68],[75.88,36.62],[75.98,36.46],[75.96,36.3],[76.02,36.24],[75.9,36.1],[75.92,36.04],[76.06,36],[76.16,35.8],[76.32,35.8],[76.44,35.86],[76.56,35.86],[76.58,35.76],[76.78,35.64],[76.9,35.58],[77.04,35.58],[77.1,35.54],[77.26,35.54],[77.42,35.46],[77.66,35.46],[77.8,35.5],[77.88,35.44],[77.98,35.5],[78.06,35.46],[78,35.26],[78.14,35.06],[78.28,34.66],[78.38,34.58],[78.6,34.54],[78.8,34.42],[78.92,34.38],[78.98,34.28],[78.9,34.16],[78.74,34.08],[78.72,34],[78.8,33.74],[78.78,33.56],[78.82,33.46],[78.96,33.34],[79.12,33.3],[79.14,33.12],[79.1,33.06],[79.18,33],[79.24,32.7],[79.22,32.5],[79.12,32.48],[79.1,32.4],[78.94,32.34],[78.78,32.46],[78.72,32.64],[78.64,32.58],[78.44,32.56],[78.38,32.52],[78.44,32.4],[78.48,32.14],[78.68,31.96],[78.72,31.88],[78.68,31.78],[78.82,31.6],[78.7,31.52],[78.76,31.44],[78.76,31.3],[78.86,31.28],[78.96,31.1],[79.38,31.08],[79.52,30.96],[79.74,30.98],[79.84,30.96],[80,30.8],[80.18,30.56],[80.32,30.54],[80.72,30.4],[80.78,30.32],[80.98,30.26],[81,30.2],[81.1,30.02],[81.2,30],[81.28,30.14],[81.36,30.18],[81.38,30.38],[81.48,30.34],[81.6,30.42],[81.78,30.36],[82.08,30.34],[82.1,30.22],[82.16,30.18],[82.14,30.06],[82.4,30],[82.54,29.92],[82.84,29.66],[82.9,29.68],[83.04,29.62],[83.16,29.62],[83.32,29.48],[83.52,29.2],[83.66,29.16],[83.72,29.24],[83.94,29.3],[84.1,29.24],[84.14,29.14],[84.24,29.02],[84.24,28.9],[84.36,28.86],[84.46,28.74],[84.6,28.7],[84.68,28.6],[84.8,28.54],[84.92,28.54],[85.06,28.64],[85.16,28.58],[85.08,28.44],[85.08,28.32],[85.26,28.26],[85.44,28.3],[85.62,28.26],[85.68,28.3],[85.76,28.2],[85.84,28.16],[85.98,27.88],[86.12,27.92],[86.06,28.08],[86.16,28.16],[86.2,28],[86.44,27.92],[86.5,27.94],[86.54,28.1],[86.66,28.1],[86.76,28.02],[86.9,27.96],[87.04,27.94],[87.16,27.82],[87.38,27.8],[87.54,27.84],[87.76,27.82],[87.82,27.9],[88.12,27.86],[88.12,27.96],[88.38,27.98],[88.62,28.1],[88.82,28],[88.86,27.84],[88.8,27.66],[88.74,27.54],[88.78,27.4],[88.9,27.32]]],[[[111.02,19.68],[110.94,20],[110.78,20.02],[110.64,20.1],[110.56,20.08],[110.58,19.98],[110.38,20.08],[110.26,20.04],[110.16,20.06],[110.08,19.98],[109.88,19.98],[109.8,19.96],[109.72,20.02],[109.52,19.96],[109.46,19.84],[109.3,19.92],[109.16,19.8],[109.16,19.64],[109.02,19.6],[108.94,19.52],[108.78,19.4],[108.7,19.38],[108.64,19.28],[108.66,19.16],[108.62,19.1],[108.66,18.92],[108.62,18.84],[108.7,18.72],[108.7,18.5],[108.8,18.48],[109,18.36],[109.1,18.36],[109.22,18.3],[109.44,18.28],[109.56,18.2],[109.68,18.24],[109.74,18.4],[109.92,18.42],[110.06,18.4],[110.1,18.54],[110.28,18.66],[110.42,18.68],[110.46,18.88],[110.56,19.06],[110.58,19.18],[110.7,19.42],[110.76,19.44],[110.82,19.56],[110.88,19.54],[111.02,19.68]]],[[[121.9,24.96],[121.9,25.12],[121.72,25.16],[121.6,25.28],[121.44,25.24],[121.38,25.16],[121.06,25.06],[120.92,24.88],[120.84,24.72],[120.7,24.6],[120.64,24.48],[120.58,24.4],[120.5,24.24],[120.34,24.02],[120.18,23.78],[120.12,23.52],[120.14,23.36],[120.06,23.16],[120.18,23.02],[120.18,22.88],[120.34,22.52],[120.52,22.42],[120.62,22.3],[120.7,22.12],[120.7,21.98],[120.84,21.92],[120.88,22.06],[120.88,22.28],[120.94,22.52],[121.02,22.64],[121.14,22.74],[121.2,22.84],[121.3,22.96],[121.4,23.14],[121.46,23.34],[121.52,23.66],[121.62,24.02],[121.66,24.2],[121.78,24.3],[121.78,24.44],[121.86,24.56],[121.82,24.64],[121.82,24.86],[121.9,24.96]]],[[[119.84,25.54],[119.78,25.66],[119.7,25.5],[119.72,25.42],[119.84,25.54]]],[[[122.32,30.02],[122.08,30.14],[121.98,30.14],[122.02,30.04],[122.18,30],[122.3,29.94],[122.32,30.02]]],[[[121.84,31.6],[121.66,31.66],[121.48,31.78],[121.26,31.84],[121.18,31.78],[121.32,31.66],[121.86,31.44],[121.98,31.48],[121.98,31.54],[121.84,31.6]]]]},"properties":{"ADMIN":"China","ADM0_A3":"CHN"}},
{"type":"Feature","geometry":{"type":"Polygon","coordinates":[[[34.24,31.22],[34.48,30.66],[34.54,30.4],[34.6,30.34],[34.74,30],[34.82,29.74],[34.88,29.5],[34.96,29.56],[35.04,29.84],[35.08,30.04],[35.14,30.16],[35.14,30.44],[35.2,30.62],[35.38,30.96],[35.44,31.1],[35.4,31.26],[35.46,31.5],[35.4,31.48],[35.22,31.38],[34.92,31.34],[34.86,31.4],[34.98,31.64],[35.14,31.74],[35.18,31.8],[35.04,31.86],[34.96,32.18],[35.06,32.46],[35.2,32.54],[35.4,32.5],[35.4,32.42],[35.56,32.38],[35.56,32.64],[35.62,32.68],[35.64,32.88],[35.62,33.06],[35.68,33.16],[35.6,33.24],[35.48,33.08],[35.34,33.06],[35.28,33.1],[35.1,33.08],[35.08,32.9],[34.94,32.82],[34.94,32.72],[34.84,32.28],[34.72,31.96],[34.48,31.58],[34.56,31.54],[34.36,31.4],[34.36,31.28],[34.24,31.22]]]},"properties":{"ADMIN":"Israel","ADM0_A3":"ISR"}},
{"type":"Feature","geometry":{"type":"MultiPolygon","coordinates":[[[[34.48,31.58],[34.2,31.32],[34.24,31.22],[34.36,31.28],[34.36,31.4],[34.56,31.54],[34.48,31.58]]],[[[35.46,31.5],[35.48,31.64],[35.56,31.76],[35.52,32.06],[35.58,32.24],[35.56,32.38],[35.4,32.42],[35.4,32.5],[35.2,32.54],[35.06,32.46],[34.96,32.18],[35.04,31.86],[35.18,31.8],[35.14,31.74],[34.98,31.64],[34.86,31.4],[34.92,31.34],[35.22,31.38],[35.4,31.48],[35.46,31.5]]]]},"properties":{"ADMIN":"Palestine","ADM0_A3":"PSX"}},
{"type":"Feature","geometry":{"type":"Polygon","coordinates":[[[35.6,33.24],[35.92,33.46],[36.02,33.6],[35.92,33.64],[36.06,33.82],[36.26,33.92],[36.4,34.04],[36.6,34.2],[36.52,34.36],[36.54,34.42],[36.38,34.56],[36.26,34.62],[35.96,34.64],[35.98,34.54],[35.8,34.46],[35.62,34.2],[35.64,34.12],[35.58,33.92],[35.48,33.9],[35.48,33.8],[35.34,33.52],[35.28,33.46],[35.18,33.18],[35.1,33.08],[35.28,33.1],[35.34,33.06],[35.48,33.08],[35.6,33.24]]]},"properties":{"ADMIN":"Lebanon","ADM0_A3":"LBN"}},
{"type":"Feature","geometry":{"type":"Polygon","coordinates":[[[34.08,9.46],[34.12,8.62],[34.06,8.54],[33.98,8.44],[33.7,8.38],[33.6,8.46],[33.36,8.44],[33.26,8.46],[33.18,8.4],[33.16,8.3],[33.2,8.24],[32.98,7.92],[33.06,7.8],[33.24,7.78],[33.36,7.72],[33.46,7.74],[33.58,7.68],[33.72,7.66],[33.88,7.54],[34,7.4],[34.04,7.26],[34.2,7.12],[34.2,7.06],[34.3,6.96],[34.5,6.9],[34.52,6.76],[34.64,6.72],[34.74,6.64],[34.84,6.24],[34.96,6.08],[34.98,5.84],[35.1,5.62],[35.26,5.52],[35.26,5.42],[35.32,5.34],[35.44,5.42],[35.6,5.36],[35.66,5.38],[35.8,5.32],[35.8,5.16],[35.76,5.06],[35.76,4.86],[35.78,4.76],[35.92,4.62],[35.94,4.52],[36.04,4.44],[36.62,4.44],[36.84,4.44],[37.02,4.38],[37.12,4.28],[37.98,3.72],[38.1,3.62],[38.38,3.6],[38.5,3.62],[38.66,3.6],[38.9,3.52],[39.06,3.52],[39.18,3.48],[39.44,3.46],[39.54,3.4],[39.58,3.5],[39.74,3.66],[39.84,3.86],[40.38,4.12],[40.7,4.24],[40.76,4.28],[40.88,4.16],[41,4.08],[41.12,3.96],[41.22,3.94],[41.42,3.94],[41.7,4],[41.84,3.94],[41.88,3.98],[41.92,4.08],[42.14,4.2],[42.3,4.2],[42.78,4.28],[42.86,4.32],[42.96,4.52],[43.12,4.64],[43.52,4.84],[43.96,4.96],[44.92,4.9],[44.94,4.92],[45.3,5.3],[45.94,6],[46.42,6.5],[46.96,7.02],[47.4,7.44],[47.98,8],[46.98,8],[46.92,8.02],[46.1,8.3],[45.52,8.5],[44.54,8.82],[44.02,8.98],[43.62,9.34],[43.54,9.34],[43.42,9.42],[43.38,9.54],[43.24,9.7],[43.18,9.88],[43.06,9.92],[42.96,10.12],[42.84,10.2],[42.78,10.42],[42.64,10.64],[42.7,10.66],[42.82,10.88],[42.92,11],[42.78,11],[42.72,11.06],[42.62,11.08],[42.4,11],[42.06,10.98],[41.96,10.94],[41.8,10.98],[41.78,11.26],[41.74,11.54],[41.8,11.74],[41.94,11.82],[42.1,12.08],[42.28,12.32],[42.38,12.46],[42.14,12.78],[41.94,12.88],[41.82,13.12],[41.72,13.24],[41.54,13.4],[41.2,13.62],[41.04,13.88],[40.84,14.1],[40.7,14.18],[40.58,14.2],[40.42,14.28],[40.28,14.4],[40.1,14.46],[39.92,14.42],[39.76,14.5],[39.48,14.52],[39.2,14.44],[39.16,14.56],[39.08,14.64],[38.86,14.5],[38.6,14.44],[38.42,14.42],[38.32,14.5],[38.22,14.68],[38,14.72],[37.9,14.88],[37.56,14.12],[37.48,14.2],[37.4,14.36],[37.3,14.46],[37.12,14.42],[37.08,14.28],[36.74,14.34],[36.52,14.26],[36.44,14],[36.46,13.82],[36.38,13.58],[36.24,13.36],[36.12,12.94],[36.14,12.84],[36.12,12.72],[35.72,12.68],[35.62,12.58],[35.36,12.14],[35.32,12.02],[35.22,11.9],[35.08,11.84],[35.04,11.78],[35.08,11.54],[34.94,11.28],[34.98,11.16],[34.92,10.96],[34.94,10.84],[34.84,10.72],[34.76,10.74],[34.58,10.88],[34.44,10.8],[34.28,10.56],[34.32,10.26],[34.3,10.12],[34.22,10.02],[34.1,9.68],[34.08,9.46]]]},"properties":{"ADMIN":"Ethiopia","ADM0_A3":"ETH"}},
{"type":"Feature","geometry":{"type":"Polygon","coordinates":[[[34.08,9.46],[33.9,9.46],[33.88,9.54],[33.9,9.72],[33.96,9.84],[33.96,10.04],[33.9,10.2],[33.46,10.54],[33.38,10.66],[33.16,10.74],[33.18,10.84],[33.08,11.58],[33.14,11.68],[33.14,11.94],[33.2,12.22],[32.74,12.22],[32.74,12],[32.08,12],[32.34,11.7],[32.34,11.42],[32.36,11.24],[32.44,11.1],[32.42,11.06],[31.94,10.66],[31.86,10.48],[31.66,10.22],[31.24,9.8],[31.16,9.76],[30.74,9.74],[30.48,9.98],[30.02,10.28],[29.62,10.06],[29.62,9.92],[29.48,9.76],[29.26,9.72],[29,9.6],[28.82,9.42],[28.84,9.32],[28.04,9.34],[27.9,9.6],[27.34,9.62],[27.08,9.6],[26.7,9.48],[26.56,9.52],[26.18,9.96],[26.1,9.98],[26.02,10.12],[25.9,10.2],[25.9,10.34],[25.84,10.42],[25.48,10.34],[25.08,10.3],[25.02,10.16],[24.98,9.96],[24.8,9.8],[24.8,9.54],[24.68,9.38],[24.66,9.18],[24.56,9.02],[24.56,8.88],[24.38,8.84],[24.18,8.68],[24.24,8.58],[24.14,8.44],[24.14,8.34],[24.34,8.24],[24.44,8.28],[24.52,8.2],[24.62,8.22],[24.84,8.16],[24.92,8.08],[24.96,8],[25.08,7.88],[25.22,7.86],[25.28,7.66],[25.16,7.58],[25.2,7.5],[25.32,7.42],[25.36,7.34],[25.6,7.22],[25.78,7.14],[25.8,7.1],[26.02,7],[26.08,6.84],[26.24,6.72],[26.38,6.66],[26.28,6.48],[26.28,6.38],[26.46,6.28],[26.52,6.04],[26.7,6],[26.8,5.96],[26.82,5.9],[26.98,5.86],[27.02,5.78],[27.18,5.72],[27.26,5.56],[27.22,5.44],[27.24,5.32],[27.3,5.2],[27.44,5.08],[27.44,5.02],[27.56,4.9],[27.64,4.9],[27.76,4.74],[27.78,4.6],[27.84,4.56],[28.02,4.56],[28,4.5],[28.18,4.34],[28.3,4.36],[28.4,4.28],[28.54,4.38],[28.76,4.56],[28.82,4.48],[28.98,4.5],[29.18,4.34],[29.3,4.38],[29.5,4.66],[29.62,4.64],[29.78,4.52],[29.78,4.4],[29.88,4.34],[29.92,4.26],[30.06,4.12],[30.12,4.1],[30.2,3.96],[30.34,3.92],[30.54,3.84],[30.58,3.6],[30.7,3.64],[30.84,3.56],[30.84,3.5],[30.94,3.68],[31.14,3.78],[31.3,3.78],[31.5,3.66],[31.66,3.7],[31.78,3.82],[31.92,3.68],[31.94,3.6],[32.04,3.58],[32.18,3.52],[32.18,3.62],[32.38,3.74],[32.76,3.76],[33.02,3.88],[33.2,3.76],[33.44,3.74],[33.54,3.78],[33.98,4.22],[34.38,4.62],[34.96,4.62],[35.92,4.62],[35.78,4.76],[35.76,4.86],[35.76,5.06],[35.8,5.16],[35.8,5.32],[35.66,5.38],[35.6,5.36],[35.44,5.42],[35.32,5.34],[35.26,5.42],[35.26,5.52],[35.1,5.62],[34.98,5.84],[34.96,6.08],[34.84,6.24],[34.74,6.64],[34.64,6.72],[34.52,6.76],[34.5,6.9],[34.3,6.96],[34.2,7.06],[34.2,7.12],[34.04,7.26],[34,7.4],[33.88,7.54],[33.72,7.66],[33.58,7.68],[33.46,7.74],[33.36,7.72],[33.24,7.78],[33.06,7.8],[32.98,7.92],[33.2,8.24],[33.16,8.3],[33.18,8.4],[33.26,8.46],[33.36,8.44],[33.6,8.46],[33.7,8.38],[33.98,8.44],[34.06,8.54],[34.12,8.62],[34.08,9.46]]]},"properties":{"ADMIN":"South Sudan","ADM0_A3":"SDS"}},
{"type":"Feature","geometry":{"type":"Polygon","coordinates":[[[41.88,3.98],[41.34,3.2],[40.98,2.84],[40.96,2.82],[40.96,1.74],[40.96,0.62],[40.96,0],[40.98,-0.88],[41.52,-1.58],[41.54,-1.7],[41.66,-1.56],[41.84,-1.26],[41.84,-1.22],[42.08,-0.86],[42.2,-0.78],[42.26,-0.68],[42.64,-0.22],[42.78,-0.12],[43.1,0.22],[43.28,0.42],[43.46,0.62],[43.78,0.92],[43.94,1],[44.14,1.22],[44.56,1.56],[45,1.86],[45.24,1.96],[45.82,2.3],[46.02,2.44],[46.24,2.66],[46.62,3.02],[46.84,3.24],[47.02,3.44],[47.48,3.94],[47.58,4.06],[47.94,4.46],[48.06,4.62],[48.2,4.9],[48.44,5.2],[48.54,5.38],[48.64,5.48],[48.7,5.58],[48.86,5.82],[49.04,6.14],[49.08,6.3],[49.08,6.42],[49.24,6.82],[49.36,7.02],[49.58,7.32],[49.82,7.74],[49.8,7.82],[49.84,7.96],[50.06,8.14],[50.16,8.32],[50.3,8.48],[50.32,8.64],[50.38,8.74],[50.42,8.86],[50.64,9.12],[50.68,9.26],[50.76,9.32],[50.84,9.46],[50.8,9.62],[50.9,10.02],[50.88,10.1],[50.92,10.32],[51.1,10.4],[51.24,10.42],[51.36,10.36],[51.4,10.48],[51.3,10.48],[51.2,10.54],[51.14,10.68],[51.12,11],[51.18,11.16],[51.08,11.18],[51.08,11.34],[51.12,11.5],[51.24,11.66],[51.3,11.84],[51.02,11.88],[50.8,11.98],[50.58,11.92],[50.52,11.78],[50.44,11.7],[50.26,11.58],[50.08,11.5],[49.94,11.52],[49.86,11.46],[49.58,11.46],[49.52,11.4],[49.24,11.3],[48.9,11.24],[48.66,11.34],[48.34,11.28],[48.16,11.14],[47.68,11.1],[47.52,11.18],[47.36,11.18],[47.18,11.08],[47,10.94],[46.88,10.9],[46.66,10.76],[46.44,10.7],[46.34,10.7],[46.2,10.8],[46.1,10.78],[45.8,10.88],[45.58,10.76],[45.48,10.68],[45.34,10.68],[45.26,10.6],[45,10.46],[44.96,10.42],[44.76,10.42],[44.58,10.38],[44.38,10.4],[44.28,10.46],[43.82,10.8],[43.66,10.98],[43.58,11.14],[43.48,11.24],[43.46,11.36],[43.24,11.48],[42.92,11],[42.82,10.88],[42.7,10.66],[42.64,10.64],[42.78,10.42],[42.84,10.2],[42.96,10.12],[43.06,9.92],[43.18,9.88],[43.24,9.7],[43.38,9.54],[43.42,9.42],[43.54,9.34],[43.62,9.34],[44.02,8.98],[44.54,8.82],[45.52,8.5],[46.1,8.3],[46.92,8.02],[46.98,8],[47.98,8],[47.4,7.44],[46.96,7.02],[46.42,6.5],[45.94,6],[45.3,5.3],[44.94,4.92],[44.92,4.9],[43.96,4.96],[43.52,4.84],[43.12,4.64],[42.96,4.52],[42.86,4.32],[42.78,4.28],[42.3,4.2],[42.14,4.2],[41.92,4.08],[41.88,3.98]]]},"properties":{"ADMIN":"Somalia","ADM0_A3":"SOM"}},
{"type":"Feature","geometry":{"type":"Polygon","coordinates":[[[34.96,-11.58],[34.96,-11.5],[34.88,-11.38],[34.76,-11.34],[34.72,-11.2],[34.62,-11.12],[34.6,-11.02],[34.64,-10.92],[34.68,-10.74],[34.58,-10.54],[34.58,-10.3],[34.48,-9.94],[34.28,-9.7],[34.1,-9.52],[34.02,-9.48],[33.94,-9.56],[33.96,-9.68],[33.86,-9.66],[33.74,-9.58],[33.4,-9.6],[33.3,-9.5],[33.18,-9.52],[33,-9.4],[32.92,-9.4],[33,-9.5],[32.98,-9.6],[33.08,-9.64],[33.18,-9.6],[33.22,-9.72],[33.34,-9.82],[33.36,-9.9],[33.3,-10.02],[33.54,-10.24],[33.52,-10.32],[33.68,-10.58],[33.5,-10.76],[33.32,-10.82],[33.28,-10.92],[33.3,-11.04],[33.4,-11.16],[33.24,-11.42],[33.22,-11.56],[33.3,-11.6],[33.32,-11.9],[33.26,-12.08],[33.34,-12.3],[33.46,-12.32],[33.52,-12.38],[33.38,-12.52],[33.26,-12.54],[33.02,-12.62],[32.94,-12.76],[33,-12.9],[32.96,-13.12],[33,-13.2],[32.92,-13.3],[32.88,-13.44],[32.72,-13.58],[32.86,-13.8],[33.04,-14],[33.16,-13.94],[33.2,-14.02],[33.28,-14.06],[33.3,-14.16],[33.44,-14.38],[33.6,-14.52],[33.72,-14.48],[33.78,-14.54],[33.88,-14.48],[34.06,-14.5],[34.08,-14.46],[34.34,-14.38],[34.5,-14.58],[34.5,-14.7],[34.58,-14.98],[34.54,-15.06],[34.56,-15.28],[34.42,-15.48],[34.4,-15.64],[34.24,-15.8],[34.24,-15.88],[34.38,-16.04],[34.38,-16.18],[34.44,-16.3],[34.52,-16.3],[34.66,-16.48],[34.74,-16.52],[35,-16.82],[35.1,-16.82],[35.12,-16.96],[35.04,-17.04],[35.08,-17.12],[35.24,-17.14],[35.3,-17.1],[35.28,-16.96],[35.28,-16.7],[35.18,-16.62],[35.14,-16.54],[35.22,-16.48],[35.26,-16.36],[35.26,-16.28],[35.38,-16.14],[35.52,-16.14],[35.7,-16.1],[35.8,-16],[35.84,-15.42],[35.78,-15.2],[35.9,-14.88],[35.86,-14.88],[35.86,-14.66],[35.52,-14.26],[35.46,-14.14],[35.08,-13.7],[34.9,-13.54],[34.8,-13.5],[34.64,-13.5],[34.54,-13.32],[34.54,-13.16],[34.5,-12.68],[34.36,-12.2],[34.38,-12.1],[34.56,-11.84],[34.6,-11.74],[34.6,-11.6],[34.66,-11.58],[34.96,-11.58]]]},"properties":{"ADMIN":"Malawi","ADM0_A3":"MWI"}},
{"type":"Feature","geometry":{"type":"MultiPolygon","coordinates":[[[[34.96,-11.58],[35.66,-11.58],[35.7,-11.5],[35.82,-11.42],[35.94,-11.44],[36.16,-11.58],[36.2,-11.7],[36.5,-11.68],[36.56,-11.74],[36.74,-11.66],[36.82,-11.58],[37.04,-11.6],[37.1,-11.66],[37.22,-11.7],[37.34,-11.68],[37.42,-11.72],[37.64,-11.64],[37.78,-11.56],[37.88,-11.32],[38.08,-11.26],[38.26,-11.28],[38.34,-11.36],[38.5,-11.42],[38.66,-11.28],[38.76,-11.26],[38.9,-11.16],[39.12,-11.14],[39.28,-11.16],[39.48,-11],[39.76,-10.94],[40,-10.82],[40.44,-10.48],[40.44,-10.34],[40.34,-10.34],[40.24,-10.2],[39.98,-10.14],[39.92,-10.04],[39.78,-9.94],[39.8,-9.82],[39.76,-9.74],[39.66,-9.44],[39.64,-9.18],[39.58,-9.1],[39.5,-9.08],[39.5,-8.94],[39.4,-8.88],[39.44,-8.76],[39.36,-8.7],[39.36,-8.62],[39.3,-8.5],[39.28,-8.3],[39.34,-8.26],[39.46,-8.02],[39.44,-7.84],[39.3,-7.68],[39.28,-7.6],[39.3,-7.44],[39.42,-7.2],[39.54,-7.12],[39.56,-7],[39.46,-6.86],[39.3,-6.82],[39.22,-6.64],[39.04,-6.48],[38.96,-6.48],[38.86,-6.34],[38.86,-6.16],[38.78,-6.04],[38.84,-5.82],[39,-5.46],[39.08,-5.18],[39.14,-5.1],[39.14,-4.92],[39.2,-4.88],[39.2,-4.68],[38.5,-4.18],[37.78,-3.66],[37.72,-3.54],[37.6,-3.52],[37.6,-3.4],[37.7,-3.32],[37.64,-3.04],[36.7,-2.52],[35.84,-2.04],[35.42,-1.8],[34.56,-1.32],[34.06,-1.04],[33.9,-1],[33.28,-1],[32.36,-1],[31.44,-1],[30.82,-1],[30.78,-0.98],[30.64,-1.08],[30.48,-1.06],[30.56,-1.32],[30.74,-1.4],[30.74,-1.48],[30.84,-1.6],[30.82,-1.96],[30.88,-2.08],[30.84,-2.34],[30.68,-2.36],[30.56,-2.4],[30.42,-2.64],[30.46,-2.74],[30.42,-2.86],[30.5,-2.94],[30.54,-2.9],[30.72,-2.98],[30.84,-3.18],[30.8,-3.28],[30.64,-3.34],[30.62,-3.44],[30.46,-3.52],[30.38,-3.68],[30.2,-3.94],[30.14,-4.08],[30,-4.28],[29.9,-4.34],[29.8,-4.36],[29.72,-4.46],[29.4,-4.44],[29.4,-4.58],[29.32,-4.84],[29.38,-5.08],[29.46,-5.22],[29.5,-5.4],[29.6,-5.62],[29.6,-5.78],[29.48,-6],[29.52,-6.28],[29.74,-6.66],[30.1,-6.9],[30.24,-7.06],[30.36,-7.32],[30.44,-7.6],[30.66,-7.92],[30.76,-8.2],[30.82,-8.38],[30.96,-8.56],[31.12,-8.62],[31.26,-8.62],[31.36,-8.58],[31.54,-8.7],[31.56,-8.8],[31.68,-8.92],[31.78,-8.9],[31.94,-8.94],[31.92,-9.02],[32.14,-9.06],[32.22,-9.12],[32.38,-9.14],[32.52,-9.26],[32.72,-9.28],[32.76,-9.34],[32.92,-9.4],[33,-9.4],[33.18,-9.52],[33.3,-9.5],[33.4,-9.6],[33.74,-9.58],[33.86,-9.66],[33.96,-9.68],[33.94,-9.56],[34.02,-9.48],[34.1,-9.52],[34.28,-9.7],[34.48,-9.94],[34.58,-10.3],[34.58,-10.54],[34.68,-10.74],[34.64,-10.92],[34.6,-11.02],[34.62,-11.12],[34.72,-11.2],[34.76,-11.34],[34.88,-11.38],[34.96,-11.5],[34.96,-11.58]]],[[[39.9,-7.64],[39.8,-7.8],[39.72,-7.82],[39.62,-7.94],[39.64,-8],[39.82,-7.92],[39.9,-7.76],[39.9,-7.64]]],[[[39.54,-6.32],[39.52,-6.18],[39.46,-6.2],[39.36,-5.9],[39.36,-5.8],[39.2,-5.92],[39.22,-6.12],[39.18,-6.16],[39.26,-6.3],[39.5,-6.46],[39.56,-6.42],[39.54,-6.32]]],[[[39.64,-5.42],[39.8,-5.4],[39.86,-5.22],[39.8,-4.96],[39.68,-4.94],[39.74,-5.16],[39.64,-5.42]]]]},"properties":{"ADMIN":"United Republic of Tanzania","ADM0_A3":"TZA"}},
{"type":"Feature","geometry":{"type":"Polygon","coordinates":[[[35.62,32.68],[35.74,32.74],[35.9,32.72],[36.06,32.52],[36.18,32.52],[36.38,32.38],[36.82,32.32],[38.06,33],[38.78,33.38],[39.88,33.92],[40.7,34.34],[40.94,34.38],[40.98,34.42],[41.2,34.76],[41.2,35.18],[41.26,35.5],[41.36,35.66],[41.34,35.86],[41.24,36.04],[41.28,36.36],[41.42,36.52],[41.78,36.58],[41.84,36.62],[42.28,37],[42.36,37.1],[42.36,37.22],[42.18,37.3],[42,37.18],[41.48,37.08],[41.2,37.06],[40.9,37.12],[40.7,37.1],[40.4,37],[40.2,36.88],[39.76,36.74],[39.24,36.66],[39.04,36.7],[38.8,36.68],[38.66,36.72],[38.52,36.84],[38.2,36.9],[37.82,36.76],[37.66,36.74],[37.44,36.64],[37.24,36.66],[37.02,36.64],[36.96,36.76],[36.66,36.82],[36.6,36.74],[36.54,36.5],[36.58,36.32],[36.66,36.22],[36.5,36.22],[36.36,36.18],[36.36,36.02],[36.2,35.96],[36.14,35.82],[35.92,35.92],[35.82,35.84],[35.84,35.74],[35.78,35.68],[35.78,35.54],[35.9,35.42],[35.92,35.28],[35.96,35.2],[35.88,35.1],[35.86,34.92],[35.96,34.64],[36.26,34.62],[36.38,34.56],[36.54,34.42],[36.52,34.36],[36.6,34.2],[36.4,34.04],[36.26,33.92],[36.06,33.82],[35.92,33.64],[36.02,33.6],[35.92,33.46],[35.6,33.24],[35.68,33.16],[35.62,33.06],[35.64,32.88],[35.62,32.68]]]},"properties":{"ADMIN":"Syria","ADM0_A3":"SYR"}},
{"type":"Feature","geometry":{"type":"MultiPolygon","coordinates":[[[[-54.62,2.32],[-54.48,2.22],[-54.14,2.12],[-54.06,2.18],[-53.94,2.22],[-53.86,2.3],[-53.74,2.32],[-53.54,2.24],[-53.34,2.34],[-53.24,2.26],[-52.96,2.18],[-52.88,2.26],[-52.7,2.36],[-52.56,2.58],[-52.58,2.64],[-52.36,3.06],[-52.36,3.14],[-52.22,3.26],[-52.02,3.62],[-51.98,3.7],[-51.84,3.86],[-51.78,3.98],[-51.68,4.04],[-51.66,4.2],[-51.72,4.34],[-51.8,4.62],[-51.9,4.66],[-51.94,4.6],[-52.1,4.76],[-52.24,4.86],[-52.3,4.94],[-52.4,4.98],[-52.76,5.26],[-52.78,5.32],[-53,5.46],[-53.26,5.54],[-53.3,5.54],[-53.52,5.58],[-53.78,5.72],[-53.94,5.74],[-54.06,5.44],[-54.18,5.34],[-54.26,5.26],[-54.44,5.06],[-54.48,4.92],[-54.48,4.76],[-54.44,4.7],[-54.42,4.56],[-54.46,4.48],[-54.4,4.32],[-54.42,4.2],[-54.34,4.16],[-54.36,4.06],[-54.18,3.82],[-54.12,3.78],[-54.06,3.64],[-53.98,3.62],[-54,3.46],[-54.2,3.18],[-54.16,2.96],[-54.22,2.78],[-54.28,2.68],[-54.36,2.5],[-54.52,2.34],[-54.62,2.32]]],[[[2.52,51.08],[1.98,51],[1.72,50.94],[1.58,50.86],[1.58,50.44],[1.52,50.22],[1.4,50.08],[1.18,49.96],[0.76,49.88],[0.68,49.88],[0.24,49.72],[0.08,49.54],[0.26,49.46],[0.08,49.36],[-0.22,49.28],[-0.42,49.34],[-0.82,49.36],[-1.08,49.4],[-1.12,49.34],[-1.3,49.56],[-1.24,49.64],[-1.4,49.72],[-1.6,49.66],[-1.82,49.7],[-1.88,49.54],[-1.82,49.4],[-1.62,49.22],[-1.56,48.74],[-1.58,48.64],[-1.84,48.62],[-1.98,48.7],[-2.22,48.6],[-2.32,48.68],[-2.64,48.54],[-2.82,48.6],[-2.82,48.66],[-3.08,48.82],[-3.1,48.88],[-3.38,48.82],[-3.52,48.84],[-3.62,48.68],[-3.74,48.72],[-3.94,48.66],[-3.98,48.74],[-4.56,48.62],[-4.76,48.52],[-4.78,48.38],[-4.62,48.34],[-4.42,48.4],[-4.32,48.36],[-4.46,48.24],[-4.3,48.2],[-4.36,48.12],[-4.68,48.06],[-4.44,47.98],[-4.34,47.86],[-4.22,47.8],[-4.1,47.88],[-3.9,47.86],[-3.86,47.8],[-3.52,47.78],[-3.34,47.72],[-3.08,47.58],[-2.76,47.64],[-2.74,47.56],[-2.5,47.52],[-2.4,47.28],[-2.28,47.24],[-2,47.06],[-2.1,46.94],[-2.12,46.82],[-1.86,46.64],[-1.8,46.5],[-1.5,46.42],[-1.18,46.22],[-1.04,46.04],[-1.08,45.9],[-1.24,45.8],[-1.2,45.72],[-0.84,45.52],[-0.92,45.46],[-1.06,45.52],[-1.14,45.5],[-1.2,45.12],[-1.24,44.7],[-1.18,44.66],[-1.24,44.5],[-1.34,44.02],[-1.48,43.58],[-1.66,43.4],[-1.8,43.38],[-1.74,43.3],[-1.56,43.28],[-1.4,43.24],[-1.44,43.04],[-1.28,43.04],[-0.98,42.96],[-0.76,42.94],[-0.74,42.88],[-0.56,42.78],[-0.3,42.84],[-0.16,42.78],[-0.04,42.68],[0.16,42.72],[0.28,42.66],[0.6,42.68],[0.66,42.84],[0.82,42.84],[1.06,42.78],[1.14,42.72],[1.32,42.72],[1.42,42.6],[1.46,42.64],[1.72,42.6],[1.7,42.5],[1.92,42.44],[2.06,42.36],[2.14,42.42],[2.28,42.42],[2.46,42.34],[2.64,42.38],[2.94,42.48],[3.18,42.44],[3.06,42.56],[3.04,42.94],[3.12,43.1],[3.24,43.22],[3.38,43.28],[3.52,43.28],[3.62,43.38],[3.74,43.42],[3.94,43.54],[4.1,43.56],[4.2,43.46],[4.52,43.46],[4.56,43.38],[4.82,43.34],[5.02,43.56],[5.22,43.46],[5.06,43.42],[5.06,43.32],[5.34,43.34],[5.34,43.22],[5.54,43.2],[5.78,43.14],[6.02,43.08],[6.68,43.2],[6.74,43.4],[6.9,43.42],[6.98,43.54],[7.08,43.56],[7.16,43.66],[7.36,43.72],[7.4,43.76],[7.44,43.74],[7.5,43.8],[7.48,43.86],[7.7,44.08],[7.62,44.18],[7.38,44.12],[7.04,44.24],[6.86,44.38],[6.84,44.5],[7.02,44.74],[6.98,44.84],[6.86,44.86],[6.72,44.92],[6.72,45.02],[6.6,45.1],[6.74,45.16],[6.84,45.14],[6.96,45.2],[7.06,45.22],[7.16,45.42],[6.98,45.52],[6.96,45.64],[6.8,45.72],[6.8,45.82],[7.02,45.92],[6.86,46.12],[6.76,46.42],[6.48,46.44],[6.3,46.4],[6.22,46.32],[6.28,46.24],[6.14,46.16],[6.08,46.24],[6.14,46.36],[6.06,46.48],[6.14,46.6],[6.42,46.76],[6.44,46.94],[6.66,47.02],[6.96,47.24],[7.04,47.34],[6.9,47.4],[7.1,47.5],[7.24,47.42],[7.38,47.44],[7.58,47.58],[7.52,47.68],[7.52,47.78],[7.62,48],[7.58,48.1],[7.76,48.36],[7.82,48.62],[7.98,48.76],[8.1,48.82],[8.18,48.96],[7.94,49.04],[7.64,49.04],[7.4,49.18],[7.26,49.1],[6.84,49.22],[6.72,49.16],[6.5,49.44],[6.34,49.46],[6.14,49.5],[5.96,49.44],[5.8,49.54],[5.64,49.54],[5.48,49.5],[5.4,49.6],[4.98,49.8],[4.84,49.8],[4.78,49.98],[4.86,50.08],[4.68,50.08],[4.66,49.98],[4.44,49.94],[4.14,49.98],[4.22,50.06],[4.16,50.22],[4.02,50.34],[3.76,50.34],[3.64,50.44],[3.46,50.52],[3.28,50.52],[3.14,50.76],[2.78,50.72],[2.62,50.82],[2.6,50.96],[2.52,51.08]]],[[[-60.82,14.46],[-60.84,14.6],[-61,14.82],[-61.18,14.88],[-61.22,14.82],[-61.16,14.66],[-61.04,14.56],[-61,14.48],[-60.82,14.46]]],[[[-61.56,16.28],[-61.72,16.36],[-61.8,16.26],[-61.76,16.08],[-61.7,15.94],[-61.6,16],[-61.56,16.08],[-61.58,16.22],[-61.56,16.28]]],[[[-61.54,16.28],[-61.5,16.22],[-61.18,16.26],[-61.4,16.38],[-61.46,16.52],[-61.54,16.44],[-61.5,16.36],[-61.54,16.28]]],[[[55.78,-21.1],[55.7,-20.94],[55.58,-20.88],[55.4,-20.86],[55.3,-20.9],[55.22,-21.04],[55.36,-21.28],[55.56,-21.36],[55.7,-21.36],[55.82,-21.32],[55.86,-21.16],[55.78,-21.1]]],[[[45.2,-12.72],[45.08,-12.76],[45.14,-12.98],[45.22,-12.86],[45.2,-12.72]]],[[[8.56,42.2],[8.74,42.04],[8.8,41.9],[8.7,41.72],[8.9,41.7],[8.78,41.6],[8.94,41.48],[9.22,41.44],[9.4,41.7],[9.4,41.96],[9.56,42.12],[9.56,42.3],[9.52,42.56],[9.46,42.6],[9.48,42.84],[9.42,43.02],[9.3,42.84],[9.34,42.74],[9.1,42.72],[9.02,42.66],[8.82,42.6],[8.66,42.5],[8.62,42.36],[8.68,42.28],[8.56,42.2]]]]},"properties":{"ADMIN":"France","ADM0_A3":"FRA"}},
{"type":"Feature","geometry":{"type":"Polygon","coordinates":[[[-54.18,5.34],[-54.08,5.48],[-54.04,5.66],[-53.98,5.74],[-54.04,5.84],[-54.48,5.94],[-54.78,5.98],[-55.02,6],[-55.14,5.98],[-55.22,5.9],[-55.34,5.96],[-55.64,5.98],[-55.84,5.98],[-56,5.82],[-56.3,5.9],[-56.58,5.94],[-56.66,5.98],[-56.96,6.02],[-57.06,5.96],[-57.12,5.82],[-57.16,5.56],[-57.24,5.48],[-57.32,5.34],[-57.18,5.18],[-57.28,5.18],[-57.32,5.02],[-57.5,5],[-57.72,4.98],[-57.86,4.92],[-57.92,4.82],[-57.84,4.66],[-57.96,4.4],[-57.96,4.28],[-58.06,4.16],[-58.04,3.98],[-57.94,3.9],[-57.86,3.76],[-57.82,3.66],[-57.72,3.6],[-57.64,3.52],[-57.66,3.4],[-57.56,3.34],[-57.36,3.36],[-57.28,3.34],[-57.28,3.14],[-57.2,3.02],[-57.24,2.98],[-57.18,2.82],[-57.02,2.64],[-57,2.5],[-56.94,2.44],[-56.88,2.3],[-56.7,2.02],[-56.58,2.02],[-56.48,1.94],[-56.36,1.92],[-56.02,1.84],[-55.92,1.92],[-55.92,2.06],[-56.04,2.16],[-56.12,2.34],[-56.02,2.4],[-55.98,2.52],[-55.78,2.44],[-55.72,2.4],[-55.6,2.44],[-55.4,2.44],[-55.36,2.5],[-55.26,2.5],[-55.18,2.56],[-55.12,2.52],[-55.02,2.6],[-54.88,2.44],[-54.7,2.44],[-54.7,2.32],[-54.62,2.32],[-54.52,2.34],[-54.36,2.5],[-54.28,2.68],[-54.22,2.78],[-54.16,2.96],[-54.2,3.18],[-54,3.46],[-53.98,3.62],[-54.06,3.64],[-54.12,3.78],[-54.18,3.82],[-54.36,4.06],[-54.34,4.16],[-54.42,4.2],[-54.4,4.32],[-54.46,4.48],[-54.42,4.56],[-54.44,4.7],[-54.48,4.76],[-54.48,4.92],[-54.44,5.06],[-54.26,5.26],[-54.18,5.34]]]},"properties":{"ADMIN":"Suriname","ADM0_A3":"SUR"}},
{"type":"Feature","geometry":{"type":"Polygon","coordinates":[[[-57.24,5.48],[-57.16,5.64],[-57.18,5.74],[-57.14,5.88],[-57.16,6.08],[-57.28,6.24],[-57.46,6.34],[-57.54,6.3],[-57.6,6.42],[-57.9,6.7],[-58.06,6.82],[-58.18,6.82],[-58.28,6.88],[-58.4,6.88],[-58.46,6.82],[-58.56,6.64],[-58.62,6.68],[-58.56,6.94],[-58.48,7.02],[-58.46,7.32],[-58.66,7.58],[-58.78,7.66],[-59.02,7.94],[-59.16,8.06],[-59.46,8.24],[-59.76,8.42],[-59.8,8.36],[-60.02,8.56],[-59.82,8.28],[-59.84,8.22],[-60,8.16],[-60.02,8.06],[-60.24,7.96],[-60.38,7.82],[-60.5,7.82],[-60.58,7.74],[-60.6,7.64],[-60.74,7.52],[-60.6,7.34],[-60.64,7.22],[-60.54,7.12],[-60.48,7.18],[-60.38,7.18],[-60.3,7.1],[-60.42,6.94],[-60.62,6.84],[-60.72,6.76],[-60.8,6.8],[-60.94,6.74],[-61.12,6.72],[-61.2,6.6],[-61.14,6.42],[-61.16,6.34],[-61.12,6.18],[-61.26,6.1],[-61.38,5.9],[-60.74,5.2],[-60.68,5.22],[-60.46,5.18],[-60.34,5.2],[-60.22,5.26],[-60.14,5.24],[-60.1,5.16],[-59.98,5.08],[-60.04,4.78],[-60.08,4.6],[-60.06,4.5],[-59.94,4.5],[-59.68,4.38],[-59.74,4.2],[-59.66,4.08],[-59.52,3.94],[-59.68,3.7],[-59.84,3.6],[-59.82,3.38],[-59.96,3.06],[-60,2.7],[-59.9,2.46],[-59.9,2.36],[-59.74,2.26],[-59.76,1.92],[-59.68,1.76],[-59.58,1.72],[-59.24,1.38],[-59.02,1.32],[-58.9,1.22],[-58.78,1.2],[-58.68,1.28],[-58.52,1.26],[-58.48,1.34],[-58.52,1.44],[-58.42,1.48],[-58.34,1.6],[-58.18,1.56],[-58.14,1.52],[-58.02,1.52],[-58,1.66],[-57.9,1.64],[-57.8,1.7],[-57.56,1.7],[-57.42,1.9],[-57.34,1.96],[-57.24,1.94],[-57.1,2.02],[-57.02,1.92],[-56.8,1.88],[-56.64,1.94],[-56.48,1.94],[-56.58,2.02],[-56.7,2.02],[-56.88,2.3],[-56.94,2.44],[-57,2.5],[-57.02,2.64],[-57.18,2.82],[-57.24,2.98],[-57.2,3.02],[-57.28,3.14],[-57.28,3.34],[-57.36,3.36],[-57.56,3.34],[-57.66,3.4],[-57.64,3.52],[-57.72,3.6],[-57.82,3.66],[-57.86,3.76],[-57.94,3.9],[-58.04,3.98],[-58.06,4.16],[-57.96,4.28],[-57.96,4.4],[-57.84,4.66],[-57.92,4.82],[-57.86,4.92],[-57.72,4.98],[-57.5,5],[-57.32,5.02],[-57.28,5.18],[-57.18,5.18],[-57.32,5.34],[-57.24,5.48]]]},"properties":{"ADMIN":"Guyana","ADM0_A3":"GUY"}},
{"type":"Feature","geometry":{"type":"MultiPolygon","coordinates":[[[[128.36,38.62],[128.28,38.58],[128.26,38.46],[128.18,38.36],[128.04,38.3],[127.8,38.3],[127.76,38.32],[127.48,38.3],[127.16,38.3],[127.02,38.26],[126.76,37.98],[126.66,37.94],[126.66,37.82],[126.68,37.78],[126.54,37.76],[126.6,37.54],[126.6,37.44],[126.74,37.3],[126.66,37.26],[126.76,37.04],[126.72,37],[126.56,37],[126.34,36.82],[126.22,36.88],[126.14,36.76],[126.2,36.7],[126.42,36.6],[126.58,36.3],[126.54,36.22],[126.7,36],[126.74,35.88],[126.6,35.72],[126.46,35.64],[126.52,35.58],[126.36,35.26],[126.36,35.18],[126.46,35.06],[126.38,35.02],[126.4,34.84],[126.28,34.64],[126.32,34.56],[126.5,34.5],[126.48,34.34],[126.8,34.46],[126.88,34.42],[127,34.54],[127.02,34.62],[127.14,34.7],[127.3,34.72],[127.22,34.54],[127.32,34.44],[127.5,34.62],[127.38,34.76],[127.52,34.88],[127.64,34.7],[127.74,34.74],[127.78,34.82],[127.64,34.9],[127.74,34.96],[127.84,34.94],[128.02,35],[128.06,34.92],[128.22,34.94],[128.44,34.84],[128.44,34.96],[128.52,35.1],[129,35.08],[129.2,35.16],[129.26,35.32],[129.36,35.36],[129.36,35.46],[129.46,35.52],[129.44,35.64],[129.5,35.74],[129.54,36.06],[129.44,36],[129.38,36.2],[129.38,36.32],[129.44,36.4],[129.42,36.62],[129.48,36.78],[129.42,37.02],[129.34,37.28],[129.14,37.5],[129.06,37.68],[128.92,37.8],[128.64,38.14],[128.36,38.62]]],[[[126.94,33.48],[126.8,33.56],[126.48,33.52],[126.32,33.46],[126.2,33.38],[126.18,33.26],[126.28,33.2],[126.84,33.32],[126.94,33.48]]],[[[126.38,34.5],[126.28,34.54],[126.12,34.44],[126.2,34.36],[126.34,34.4],[126.38,34.5]]],[[[128.06,34.82],[127.96,34.8],[127.86,34.72],[128.06,34.7],[128.06,34.82]]],[[[128.74,34.86],[128.7,34.98],[128.48,34.86],[128.62,34.72],[128.74,34.86]]],[[[126.5,37.6],[126.52,37.76],[126.36,37.78],[126.42,37.6],[126.5,37.6]]]]},"properties":{"ADMIN":"South Korea","ADM0_A3":"KOR"}},
{"type":"Feature","geometry":{"type":"Polygon","coordinates":[[[124.36,40.1],[124.36,39.94],[124.44,39.84],[124.56,39.82],[124.68,39.62],[124.86,39.72],[125.04,39.6],[125.22,39.6],[125.34,39.46],[125.44,39.3],[125.28,39.16],[125.14,38.8],[125.26,38.66],[125.06,38.56],[124.88,38.36],[124.9,38.12],[125.02,38.06],[125.02,37.9],[125.16,37.86],[125.3,37.9],[125.34,37.74],[125.48,37.74],[125.6,37.8],[125.72,37.96],[125.8,37.98],[125.9,37.86],[126.06,37.8],[126.4,37.9],[126.58,37.78],[126.66,37.82],[126.66,37.94],[126.76,37.98],[127.02,38.26],[127.16,38.3],[127.48,38.3],[127.76,38.32],[127.8,38.3],[128.04,38.3],[128.18,38.36],[128.26,38.46],[128.28,38.58],[128.36,38.62],[128.28,38.76],[128.22,38.72],[128.1,38.84],[128.02,38.86],[127.76,39.1],[127.46,39.16],[127.38,39.24],[127.38,39.38],[127.48,39.44],[127.58,39.6],[127.52,39.74],[127.62,39.84],[127.88,39.9],[128,40.04],[128.3,40.04],[128.36,40.1],[128.66,40.2],[128.66,40.32],[128.86,40.38],[128.98,40.46],[129.08,40.48],[129.18,40.56],[129.2,40.68],[129.58,40.84],[129.72,40.84],[129.76,40.9],[129.72,41.12],[129.8,41.36],[129.66,41.46],[129.7,41.64],[129.78,41.76],[129.96,41.9],[130.08,42.08],[130.2,42.1],[130.2,42.18],[130.48,42.34],[130.62,42.28],[130.7,42.3],[130.54,42.54],[130.44,42.56],[130.24,42.74],[130.24,42.9],[130.12,42.98],[129.88,43],[129.76,42.74],[129.7,42.44],[129.52,42.4],[129.36,42.44],[129.24,42.38],[129.22,42.22],[128.96,42.08],[128.94,42.04],[128.72,42.04],[128.5,42],[128.26,42.04],[128.04,42],[128.04,41.88],[128.16,41.72],[128.3,41.58],[128.18,41.4],[128.06,41.38],[127.94,41.48],[127.84,41.44],[127.64,41.42],[127.48,41.5],[127.26,41.5],[127.04,41.66],[127.04,41.74],[126.88,41.78],[126.78,41.7],[126.62,41.66],[126.5,41.44],[126.26,41.14],[126.14,41.1],[126,40.9],[125.76,40.88],[125.56,40.78],[125.54,40.72],[125.36,40.64],[124.9,40.48],[124.72,40.32],[124.64,40.3],[124.36,40.1]]]},"properties":{"ADMIN":"North Korea","ADM0_A3":"PRK"}},
{"type":"Feature","geometry":{"type":"Polygon","coordinates":[[[-13.18,27.66],[-13.3,27.32],[-13.4,27.18],[-13.5,26.86],[-13.62,26.68],[-13.92,26.5],[-14.16,26.44],[-14.3,26.3],[-14.42,26.26],[-14.5,26.14],[-14.52,25.92],[-14.62,25.78],[-14.72,25.52],[-14.78,25.44],[-14.84,25.22],[-14.84,24.92],[-14.9,24.68],[-15.02,24.56],[-15.18,24.5],[-15.3,24.34],[-15.44,24.22],[-15.62,24.02],[-15.76,23.96],[-15.78,23.78],[-15.96,23.52],[-16.14,23.18],[-16.18,22.98],[-16.28,22.9],[-16.36,22.58],[-16.42,22.52],[-16.52,22.32],[-16.7,22.28],[-16.82,22.14],[-16.92,21.94],[-16.96,21.78],[-16.98,21.6],[-17.02,21.44],[-17.1,20.84],[-17.06,20.76],[-17.08,20.88],[-16.96,21.34],[-16.26,21.34],[-15,21.34],[-14.02,21.34],[-13.02,21.34],[-13.1,22.5],[-13.16,22.76],[-13.12,22.88],[-13.02,23.02],[-12.62,23.28],[-12.36,23.32],[-12.14,23.42],[-12.02,23.5],[-12.02,24.26],[-12.02,25.32],[-12.02,26],[-10.9,26],[-9.7,26],[-8.7,26],[-8.68,26.02],[-8.68,27.28],[-8.68,27.66],[-9.38,27.66],[-10.22,27.66],[-11.22,27.66],[-11.98,27.66],[-13.18,27.66]]]},"properties":{"ADMIN":"Western Sahara","ADM0_A3":"SAH"}},
{"type":"Feature","geometry":{"type":"Polygon","coordinates":[[[-83.7,10.94],[-83.66,10.8],[-83.94,10.72],[-84.02,10.78],[-84.2,10.78],[-84.2,10.86],[-84.68,11.08],[-84.94,10.94],[-85.64,11.2],[-85.7,11.08],[-85.74,10.94],[-85.88,10.94],[-85.9,10.88],[-85.66,10.78],[-85.64,10.62],[-85.8,10.5],[-85.86,10.34],[-85.84,10.24],[-85.78,10.08],[-85.64,9.9],[-85.34,9.82],[-85.14,9.62],[-84.96,9.72],[-84.86,9.82],[-84.96,9.94],[-85.14,10],[-85.24,10.12],[-85.08,10.18],[-84.86,9.96],[-84.76,9.98],[-84.64,9.78],[-84.68,9.7],[-84.62,9.58],[-84.52,9.52],[-84.28,9.48],[-84.1,9.38],[-83.92,9.3],[-83.78,9.2],[-83.62,9.04],[-83.58,8.84],[-83.64,8.74],[-83.74,8.62],[-83.58,8.44],[-83.46,8.44],[-83.34,8.38],[-83.28,8.4],[-83.28,8.52],[-83.4,8.58],[-83.48,8.72],[-83.38,8.74],[-83.14,8.56],[-83.1,8.44],[-83.16,8.36],[-82.96,8.22],[-82.9,8.04],[-82.88,8.1],[-82.94,8.24],[-83.06,8.32],[-82.88,8.44],[-82.84,8.62],[-82.92,8.74],[-82.86,8.84],[-82.72,8.92],[-82.74,8.98],[-82.94,9.06],[-82.94,9.44],[-82.86,9.48],[-82.82,9.6],[-82.62,9.48],[-82.58,9.58],[-82.64,9.64],[-82.78,9.66],[-83.02,9.96],[-83.2,10.12],[-83.4,10.38],[-83.46,10.5],[-83.62,10.9],[-83.66,10.94],[-83.68,10.94],[-83.7,10.94]]]},"properties":{"ADMIN":"Costa Rica","ADM0_A3":"CRI"}},
{"type":"Feature","geometry":{"type":"Polygon","coordinates":[[[-83.7,10.94],[-83.76,10.98],[-83.84,11.14],[-83.86,11.38],[-83.8,11.44],[-83.76,11.56],[-83.66,11.62],[-83.7,11.84],[-83.78,11.82],[-83.84,11.88],[-83.72,12.04],[-83.66,12.26],[-83.76,12.54],[-83.58,12.64],[-83.64,12.78],[-83.54,12.8],[-83.56,12.6],[-83.62,12.58],[-83.6,12.42],[-83.5,12.4],[-83.54,12.58],[-83.5,12.9],[-83.58,13.28],[-83.5,13.74],[-83.44,13.96],[-83.22,14.26],[-83.2,14.38],[-83.3,14.78],[-83.42,14.82],[-83.3,14.92],[-83.14,15],[-83.26,14.98],[-83.4,15.04],[-83.46,14.98],[-83.86,14.78],[-84.02,14.76],[-84.28,14.66],[-84.48,14.62],[-84.52,14.66],[-84.7,14.68],[-84.78,14.8],[-84.9,14.82],[-85,14.74],[-85.02,14.58],[-85.2,14.4],[-85.2,14.3],[-85.32,14.28],[-85.44,14.14],[-85.7,13.96],[-85.82,13.84],[-86.1,14.04],[-86.28,13.84],[-86.32,13.78],[-86.42,13.74],[-86.54,13.78],[-86.76,13.74],[-86.78,13.66],[-86.7,13.32],[-86.92,13.24],[-86.94,13.06],[-87.08,13],[-87.32,12.98],[-87.44,12.92],[-87.58,13.06],[-87.66,12.98],[-87.64,12.88],[-87.46,12.74],[-87.34,12.62],[-87.12,12.46],[-87.08,12.38],[-86.8,12.22],[-86.68,12.02],[-86.5,11.76],[-86.34,11.62],[-85.92,11.32],[-85.78,11.12],[-85.7,11.08],[-85.64,11.2],[-84.94,10.94],[-84.68,11.08],[-84.2,10.86],[-84.2,10.78],[-84.02,10.78],[-83.94,10.72],[-83.66,10.8],[-83.7,10.94]]]},"properties":{"ADMIN":"Nicaragua","ADM0_A3":"NIC"}},
{"type":"Feature","geometry":{"type":"Polygon","coordinates":[[[18.62,3.48],[18.52,3.6],[18.24,3.58],[18.18,3.48],[18.08,3.56],[17.86,3.54],[17.8,3.6],[17.62,3.62],[17.46,3.7],[17.34,3.62],[16.96,3.54],[16.64,3.52],[16.56,3.46],[16.52,3.22],[16.46,3.16],[16.5,3.06],[16.44,2.96],[16.48,2.84],[16.2,2.24],[16.1,2.2],[16.06,1.98],[16.16,1.74],[16.06,1.66],[16.02,1.76],[15.88,1.8],[15.76,1.9],[15.48,1.98],[15.34,1.92],[15.24,2.04],[15.1,1.98],[14.96,2.02],[14.88,2.1],[14.7,2.1],[14.56,2.2],[14.42,2.14],[14.26,2.16],[13.3,2.16],[13.28,2.04],[13.2,2],[13.2,1.84],[13.12,1.6],[13.24,1.42],[13.26,1.22],[13.42,1.3],[13.54,1.28],[13.64,1.36],[13.76,1.38],[13.8,1.44],[13.98,1.42],[14.04,1.38],[14.18,1.38],[14.26,1.34],[14.28,1.16],[14.4,0.98],[14.46,0.92],[14.44,0.82],[14.34,0.7],[14.32,0.62],[14.24,0.54],[14.08,0.54],[14.04,0.42],[13.94,0.36],[13.88,0.2],[13.92,-0.06],[13.84,-0.2],[14.06,-0.26],[14.12,-0.3],[14.16,-0.46],[14.3,-0.44],[14.46,-0.56],[14.5,-0.64],[14.46,-0.76],[14.46,-0.86],[14.4,-1.02],[14.46,-1.22],[14.44,-1.36],[14.48,-1.38],[14.38,-1.6],[14.4,-1.68],[14.38,-1.92],[14.26,-1.96],[14.24,-2.12],[14.16,-2.26],[14.22,-2.32],[14.14,-2.4],[14.08,-2.5],[13.88,-2.48],[13.86,-2.32],[13.78,-2.12],[13.6,-2.32],[13.44,-2.42],[13.36,-2.42],[13.02,-2.28],[12.88,-2.06],[12.8,-1.92],[12.68,-1.84],[12.58,-1.82],[12.5,-1.92],[12.42,-1.9],[12.48,-2.16],[12.46,-2.32],[12.06,-2.42],[11.94,-2.32],[11.76,-2.42],[11.66,-2.36],[11.56,-2.34],[11.62,-2.68],[11.54,-2.8],[11.64,-2.84],[11.76,-2.98],[11.7,-3.04],[11.68,-3.18],[11.94,-3.3],[11.82,-3.54],[11.9,-3.62],[11.82,-3.72],[11.64,-3.68],[11.56,-3.54],[11.48,-3.5],[11.42,-3.58],[11.22,-3.7],[11.12,-3.94],[11.36,-4.12],[11.4,-4.22],[11.7,-4.46],[11.8,-4.58],[11.78,-4.68],[11.86,-4.76],[11.9,-4.88],[12,-5.02],[12.24,-4.8],[12.34,-4.76],[12.38,-4.62],[12.6,-4.56],[12.76,-4.4],[12.86,-4.4],[12.9,-4.48],[13.08,-4.64],[13.36,-4.8],[13.4,-4.88],[13.5,-4.8],[13.58,-4.78],[13.7,-4.7],[13.72,-4.46],[13.78,-4.42],[13.88,-4.5],[13.96,-4.5],[14.02,-4.42],[14.14,-4.38],[14.36,-4.28],[14.46,-4.44],[14.34,-4.56],[14.4,-4.68],[14.4,-4.86],[14.52,-4.84],[14.64,-4.9],[14.84,-4.82],[14.94,-4.64],[15.1,-4.5],[15.2,-4.34],[15.46,-4.22],[15.56,-4.04],[15.88,-3.94],[16.06,-3.62],[16.2,-3.36],[16.18,-2.88],[16.22,-2.64],[16.18,-2.28],[16.24,-2.12],[16.52,-1.86],[16.62,-1.72],[16.64,-1.62],[16.84,-1.26],[17.02,-1.1],[17.3,-1.02],[17.42,-0.92],[17.74,-0.52],[17.72,-0.2],[17.76,0],[17.86,0.24],[17.94,0.36],[17.96,0.48],[17.9,0.58],[17.9,0.74],[17.86,1.02],[17.96,1.2],[18.02,1.42],[18.08,1.56],[18.08,2.16],[18.18,2.34],[18.24,2.52],[18.4,2.72],[18.52,3.06],[18.62,3.12],[18.64,3.32],[18.62,3.48]]]},"properties":{"ADMIN":"Republic of the Congo","ADM0_A3":"COG"}},
{"type":"Feature","geometry":{"type":"Polygon","coordinates":[[[27.44,5.08],[27.12,5.2],[26.96,5.16],[26.86,5.04],[26.76,5.08],[26.46,5.06],[26.4,5.14],[26.3,5.16],[26.12,5.26],[26.02,5.18],[25.74,5.26],[25.58,5.38],[25.36,5.32],[25.3,5.18],[25.34,5.14],[25.3,5.04],[25.12,5.02],[25.08,4.96],[24.96,5],[24.78,4.92],[24.66,4.92],[24.62,5.02],[24.46,5.1],[24.36,5.06],[24.16,4.9],[24.08,4.92],[23.94,4.82],[23.82,4.82],[23.56,4.72],[23.38,4.58],[23.26,4.64],[23.16,4.74],[23.02,4.76],[22.98,4.82],[22.9,4.82],[22.86,4.72],[22.78,4.72],[22.68,4.5],[22.58,4.44],[22.6,4.36],[22.5,4.18],[22.42,4.14],[22.2,4.16],[22,4.24],[21.86,4.24],[21.72,4.3],[21.54,4.24],[21.36,4.28],[21.3,4.34],[21.16,4.32],[21.08,4.38],[20.88,4.46],[20.6,4.4],[20.46,4.52],[20.46,4.6],[20.34,4.78],[20,4.98],[19.9,5],[19.82,5.1],[19.72,5.14],[19.4,5.14],[19.24,5.02],[19.2,4.96],[19.08,4.9],[19.02,4.76],[18.82,4.56],[18.72,4.38],[18.58,4.38],[18.54,4.3],[18.62,4.16],[18.64,3.98],[18.6,3.7],[18.62,3.48],[18.64,3.32],[18.62,3.12],[18.52,3.06],[18.4,2.72],[18.24,2.52],[18.18,2.34],[18.08,2.16],[18.08,1.56],[18.02,1.42],[17.96,1.2],[17.86,1.02],[17.9,0.74],[17.9,0.58],[17.96,0.48],[17.94,0.36],[17.86,0.24],[17.76,0],[17.72,-0.2],[17.74,-0.52],[17.42,-0.92],[17.3,-1.02],[17.02,-1.1],[16.84,-1.26],[16.64,-1.62],[16.62,-1.72],[16.52,-1.86],[16.24,-2.12],[16.18,-2.28],[16.22,-2.64],[16.18,-2.88],[16.2,-3.36],[16.06,-3.62],[15.88,-3.94],[15.56,-4.04],[15.46,-4.22],[15.2,-4.34],[15.1,-4.5],[14.94,-4.64],[14.84,-4.82],[14.64,-4.9],[14.52,-4.84],[14.4,-4.86],[14.4,-4.68],[14.34,-4.56],[14.46,-4.44],[14.36,-4.28],[14.14,-4.38],[14.02,-4.42],[13.96,-4.5],[13.88,-4.5],[13.78,-4.42],[13.72,-4.46],[13.7,-4.7],[13.58,-4.78],[13.5,-4.8],[13.4,-4.88],[13.36,-4.8],[13.08,-4.64],[13.02,-4.68],[12.84,-4.72],[12.68,-4.92],[12.58,-5],[12.44,-5.06],[12.54,-5.16],[12.5,-5.72],[12.34,-5.72],[12.22,-5.76],[12.44,-6.06],[12.72,-5.98],[12.72,-5.94],[12.82,-5.82],[12.92,-5.82],[13.04,-5.86],[13.18,-5.86],[13.34,-5.9],[13.38,-5.86],[13.64,-5.86],[13.94,-5.84],[14.02,-5.88],[14.58,-5.9],[14.7,-5.88],[15.62,-5.86],[16.32,-5.86],[16.42,-5.9],[16.6,-5.92],[16.6,-6.06],[16.72,-6.18],[16.74,-6.56],[16.84,-6.82],[16.92,-6.88],[16.98,-7.02],[16.92,-7.08],[17,-7.3],[17.1,-7.4],[17.28,-7.7],[17.42,-7.84],[17.44,-7.92],[17.54,-8.02],[17.54,-8.08],[17.78,-8.08],[17.9,-8.04],[17.98,-8.1],[18.1,-8.1],[18.18,-8],[18.36,-8.02],[18.5,-8],[18.52,-7.94],[18.74,-7.94],[18.78,-8],[19.36,-8],[19.34,-7.86],[19.38,-7.74],[19.36,-7.58],[19.42,-7.58],[19.52,-7.48],[19.48,-7.32],[19.52,-7],[20.3,-7],[20.34,-6.92],[20.62,-6.92],[20.52,-7.14],[20.52,-7.28],[21.78,-7.28],[21.84,-7.36],[21.86,-7.58],[21.78,-7.8],[21.76,-8.02],[21.86,-8.14],[21.94,-8.42],[21.88,-8.78],[21.86,-8.84],[21.84,-9.28],[21.8,-9.4],[21.86,-9.62],[22,-9.8],[22.16,-9.94],[22.2,-10.14],[22.32,-10.36],[22.28,-10.5],[22.3,-10.56],[22.32,-10.74],[22.16,-10.86],[22.28,-11.24],[22.46,-11.12],[22.54,-11.04],[22.72,-11.1],[22.82,-11.06],[23.02,-11.1],[23.2,-11.08],[23.38,-10.98],[23.5,-10.96],[23.84,-11.02],[23.96,-10.88],[24.12,-10.92],[24.12,-11.04],[24.3,-11.06],[24.38,-11.12],[24.4,-11.28],[24.32,-11.4],[24.44,-11.46],[24.56,-11.44],[24.68,-11.34],[24.94,-11.26],[25.12,-11.26],[25.28,-11.2],[25.32,-11.28],[25.28,-11.4],[25.36,-11.64],[25.48,-11.72],[25.52,-11.78],[25.62,-11.72],[25.72,-11.8],[25.86,-11.8],[26,-11.9],[26.16,-11.9],[26.3,-11.94],[26.42,-11.92],[26.48,-11.96],[26.64,-11.98],[26.88,-11.96],[26.96,-11.88],[27.02,-11.6],[27.18,-11.56],[27.24,-11.8],[27.42,-11.92],[27.52,-12.18],[27.64,-12.3],[27.94,-12.3],[27.96,-12.36],[28.08,-12.38],[28.14,-12.42],[28.34,-12.46],[28.42,-12.52],[28.52,-12.7],[28.48,-12.74],[28.58,-12.88],[28.66,-12.84],[28.8,-13],[28.86,-13.14],[28.9,-13.16],[28.94,-13.3],[29,-13.4],[29.12,-13.38],[29.16,-13.44],[29.58,-13.22],[29.66,-13.3],[29.6,-13.38],[29.7,-13.46],[29.8,-13.42],[29.8,-12.16],[29.64,-12.22],[29.48,-12.24],[29.44,-12.34],[29.5,-12.46],[29.3,-12.4],[29.26,-12.36],[29.04,-12.38],[28.94,-12.2],[28.84,-12.1],[28.5,-11.86],[28.46,-11.78],[28.36,-11.44],[28.44,-11.34],[28.48,-11.08],[28.56,-10.82],[28.7,-10.64],[28.64,-10.52],[28.62,-10.3],[28.56,-10.22],[28.62,-10.14],[28.62,-9.96],[28.66,-9.82],[28.62,-9.64],[28.52,-9.38],[28.36,-9.3],[28.38,-9.24],[28.6,-9.1],[28.76,-8.94],[28.94,-8.68],[28.92,-8.48],[29.86,-8.32],[30.76,-8.2],[30.66,-7.92],[30.44,-7.6],[30.36,-7.32],[30.24,-7.06],[30.1,-6.9],[29.74,-6.66],[29.52,-6.28],[29.48,-6],[29.6,-5.78],[29.6,-5.62],[29.5,-5.4],[29.46,-5.22],[29.38,-5.08],[29.32,-4.84],[29.4,-4.58],[29.4,-4.44],[29.34,-4.1],[29.22,-3.9],[29.22,-3.58],[29.2,-3.34],[29.24,-3.26],[29.22,-3.16],[29.24,-3.04],[29.08,-2.92],[29.02,-2.72],[28.9,-2.66],[28.86,-2.42],[28.98,-2.28],[29.1,-2.24],[29.16,-2.16],[29.12,-1.92],[29.14,-1.8],[29.24,-1.64],[29.36,-1.5],[29.44,-1.5],[29.58,-1.38],[29.58,-1.24],[29.56,-0.92],[29.62,-0.86],[29.6,-0.74],[29.62,-0.44],[29.72,0.1],[29.8,0.18],[29.84,0.34],[29.94,0.5],[29.92,0.78],[30.04,0.88],[30.14,0.9],[30.22,1.02],[30.24,1.14],[30.48,1.24],[30.68,1.5],[31.02,1.78],[31.24,2.06],[31.26,2.18],[31.2,2.22],[31.18,2.3],[31.06,2.3],[30.98,2.4],[30.88,2.34],[30.8,2.44],[30.72,2.44],[30.74,2.6],[30.86,2.9],[30.74,3.04],[30.8,3.24],[30.92,3.4],[30.84,3.5],[30.84,3.56],[30.7,3.64],[30.58,3.6],[30.54,3.84],[30.34,3.92],[30.2,3.96],[30.12,4.1],[30.06,4.12],[29.92,4.26],[29.88,4.34],[29.78,4.4],[29.78,4.52],[29.62,4.64],[29.5,4.66],[29.3,4.38],[29.18,4.34],[28.98,4.5],[28.82,4.48],[28.76,4.56],[28.54,4.38],[28.4,4.28],[28.3,4.36],[28.18,4.34],[28,4.5],[28.02,4.56],[27.84,4.56],[27.78,4.6],[27.76,4.74],[27.64,4.9],[27.56,4.9],[27.44,5.02],[27.44,5.08]]]},"properties":{"ADMIN":"Democratic Republic of the Congo","ADM0_A3":"COD"}},
{"type":"Feature","geometry":{"type":"Polygon","coordinates":[[[92.04,26.86],[92.08,26.94],[92,27.08],[92,27.16],[92.08,27.3],[91.98,27.48],[91.78,27.46],[91.66,27.48],[91.6,27.54],[91.58,27.66],[91.62,27.72],[91.62,27.96],[91.42,28],[91.26,28.08],[91.18,28.06],[91.1,27.98],[90.9,28.04],[90.72,28.06],[90.36,28.06],[90.32,28.16],[90.08,28.16],[89.76,28.18],[89.56,28.14],[89.44,28.04],[89.34,27.86],[89.22,27.8],[89.12,27.62],[89.1,27.52],[88.96,27.48],[89,27.34],[88.9,27.32],[88.8,27.26],[88.74,27.16],[88.82,27.1],[88.96,26.92],[89.18,26.82],[89.34,26.86],[89.68,26.72],[89.82,26.7],[90.08,26.74],[90.18,26.84],[90.38,26.9],[90.58,26.78],[90.72,26.76],[91.2,26.8],[91.28,26.78],[91.4,26.86],[91.52,26.8],[91.7,26.8],[91.8,26.86],[92.04,26.86]]]},"properties":{"ADMIN":"Bhutan","ADM0_A3":"BTN"}},
{"type":"Feature","geometry":{"type":"Polygon","coordinates":[[[31.76,52.1],[31.48,52.12],[31.14,52.08],[30.94,52.02],[30.66,51.82],[30.58,51.7],[30.54,51.56],[30.64,51.34],[30.56,51.24],[30.36,51.3],[30.32,51.38],[30.14,51.48],[29.82,51.42],[29.62,51.48],[29.46,51.38],[29.3,51.38],[29.16,51.6],[29.04,51.62],[28.8,51.54],[28.7,51.44],[28.6,51.56],[28.34,51.52],[28.22,51.66],[28.08,51.56],[27.82,51.6],[27.7,51.56],[27.48,51.62],[27.26,51.6],[27.18,51.74],[26.86,51.74],[26.66,51.8],[26.44,51.8],[26.4,51.86],[26.18,51.86],[26.08,51.9],[25.76,51.92],[25.36,51.92],[25.18,51.94],[24.72,51.88],[24.4,51.88],[24.24,51.72],[23.98,51.58],[23.74,51.64],[23.6,51.6],[23.6,51.52],[23.7,51.4],[23.64,51.34],[23.74,51.22],[23.88,51.14],[23.92,51],[24.14,50.86],[23.96,50.82],[24.08,50.7],[24.1,50.54],[23.98,50.4],[23.74,50.38],[23.1,49.96],[22.64,49.52],[22.72,49.36],[22.7,49.16],[22.74,49.04],[22.54,49.08],[22.44,48.98],[22.32,48.7],[22.16,48.58],[22.14,48.4],[22.28,48.4],[22.36,48.24],[22.48,48.24],[22.6,48.1],[22.84,48.08],[22.88,47.94],[23.06,48],[23.12,48.1],[23.24,48.08],[23.36,48],[23.56,48],[23.98,47.96],[24.24,47.9],[24.42,47.96],[24.56,47.94],[24.8,47.8],[24.9,47.72],[25.12,47.78],[25.26,47.9],[25.76,47.94],[26.18,48],[26.28,48.12],[26.3,48.22],[26.62,48.26],[26.84,48.4],[27.18,48.36],[27.5,48.48],[27.76,48.46],[27.92,48.34],[28.06,48.32],[28.2,48.22],[28.3,48.24],[28.44,48.14],[28.8,48.12],[28.84,48.02],[28.96,47.94],[29.12,47.98],[29.24,47.76],[29.12,47.54],[29.36,47.36],[29.56,47.32],[29.54,47.12],[29.6,47.04],[29.56,46.94],[29.84,46.86],[29.96,46.72],[29.92,46.52],[30,46.5],[30.08,46.38],[29.84,46.34],[29.72,46.46],[29.6,46.36],[29.48,46.44],[29.2,46.36],[29.16,46.54],[28.94,46.46],[28.94,46.26],[29.02,46.18],[28.94,46],[28.76,45.96],[28.74,45.84],[28.58,45.76],[28.48,45.66],[28.54,45.58],[28.48,45.5],[28.28,45.52],[28.2,45.46],[28.34,45.32],[28.72,45.22],[28.82,45.32],[28.96,45.32],[29.32,45.44],[29.56,45.4],[29.66,45.34],[29.66,45.22],[29.76,45.32],[29.74,45.46],[29.58,45.56],[29.6,45.7],[29.74,45.62],[29.86,45.68],[29.96,45.84],[30.14,45.82],[30.5,46.08],[30.78,46.4],[30.76,46.52],[31,46.6],[31.18,46.62],[31.34,46.6],[31.48,46.64],[31.86,46.62],[31.9,46.66],[32.34,46.56],[32.28,46.48],[32.12,46.52],[32,46.44],[31.96,46.36],[32.12,46.22],[32.26,46.12],[32.5,46.08],[32.78,46.14],[32.92,46.12],[33.3,46.14],[33.42,46.06],[33.62,46.14],[33.64,45.98],[33.7,45.9],[33.48,45.86],[33.26,45.76],[32.94,45.66],[32.52,45.46],[32.52,45.34],[32.66,45.32],[32.9,45.36],[33.26,45.16],[33.42,45.18],[33.56,45.1],[33.62,44.94],[33.54,44.84],[33.54,44.7],[33.48,44.6],[33.72,44.4],[33.96,44.38],[34.14,44.44],[34.34,44.56],[34.46,44.72],[34.76,44.82],[35,44.84],[35.38,45],[35.42,45.08],[35.54,45.12],[35.78,45.06],[35.84,45],[36.04,45.04],[36.22,45],[36.44,45.06],[36.42,45.22],[36.5,45.34],[36.62,45.4],[36.3,45.48],[36.14,45.46],[36.02,45.36],[35.8,45.42],[35.7,45.34],[35.48,45.3],[35.34,45.38],[35.04,45.68],[34.88,45.92],[34.82,46.16],[34.84,46.2],[35.08,46.28],[35.22,46.42],[35.3,46.3],[35.52,46.46],[35.62,46.5],[35.9,46.66],[36.18,46.66],[36.7,46.78],[36.82,46.74],[36.88,46.8],[37.2,46.94],[37.34,46.88],[37.58,47.1],[37.86,47.1],[38.14,47.08],[38.22,47.1],[38.2,47.3],[38.26,47.5],[38.36,47.6],[38.56,47.62],[38.74,47.68],[38.78,47.78],[38.88,47.86],[39.4,47.82],[39.76,47.84],[39.84,48.12],[40,48.28],[39.8,48.58],[39.64,48.58],[39.7,48.74],[39.9,48.88],[39.76,48.9],[39.68,49.02],[39.92,49.04],[39.96,49.12],[40.14,49.24],[40.16,49.34],[40.04,49.46],[40.12,49.6],[39.98,49.6],[39.8,49.54],[39.62,49.62],[39.58,49.72],[39.24,49.76],[39.18,49.86],[38.94,49.8],[38.86,49.86],[38.34,50],[38.18,50.06],[38.16,49.94],[38,49.92],[37.92,50],[37.72,50.08],[37.58,50.22],[37.6,50.3],[37.44,50.42],[37.2,50.36],[36.92,50.34],[36.68,50.26],[36.4,50.3],[36.26,50.28],[36.1,50.42],[35.84,50.42],[35.7,50.34],[35.58,50.38],[35.42,50.5],[35.38,50.62],[35.44,50.68],[35.34,50.92],[35.12,51.1],[35.1,51.18],[34.96,51.22],[34.74,51.16],[34.62,51.22],[34.4,51.26],[34.28,51.22],[34.28,51.36],[34.12,51.68],[34.38,51.7],[34.38,51.82],[34.24,51.9],[34.06,52.04],[34.06,52.18],[33.8,52.36],[33.2,52.36],[32.92,52.24],[32.72,52.26],[32.52,52.32],[32.34,52.28],[32.3,52.14],[32.1,52.04],[31.9,52.04],[31.76,52.1]]]},"properties":{"ADMIN":"Ukraine","ADM0_A3":"UKR"}},
{"type":"Feature","geometry":{"type":"Polygon","coordinates":[[[31.76,52.1],[31.6,52.38],[31.58,52.58],[31.48,52.68],[31.58,52.72],[31.5,52.84],[31.38,52.88],[31.24,53.02],[31.36,53.1],[31.38,53.18],[31.74,53.2],[31.9,53.1],[32.2,53.1],[32.4,53.2],[32.58,53.32],[32.72,53.34],[32.72,53.44],[32.46,53.54],[32.48,53.66],[32.3,53.76],[32.08,53.8],[31.88,53.78],[31.76,53.82],[31.84,54],[31.74,54.08],[31.5,54.14],[31.32,54.22],[31.2,54.44],[31.06,54.5],[31.16,54.62],[30.78,54.78],[30.82,54.92],[31,55.04],[30.96,55.16],[30.8,55.28],[30.92,55.4],[30.92,55.58],[30.74,55.6],[30.6,55.66],[30.46,55.8],[30.22,55.86],[30.1,55.82],[29.86,55.84],[29.46,55.68],[29.34,55.78],[29.38,55.96],[29.04,56.02],[28.7,55.96],[28.62,56.08],[28.38,56.08],[28.28,56.04],[28.14,56.14],[27.92,56.1],[27.64,55.92],[27.6,55.8],[27.28,55.8],[26.98,55.82],[26.82,55.7],[26.6,55.66],[26.44,55.34],[26.76,55.3],[26.58,55.12],[26.3,55.14],[26.14,54.96],[25.9,54.94],[25.78,54.86],[25.7,54.68],[25.74,54.56],[25.64,54.52],[25.52,54.34],[25.7,54.32],[25.78,54.24],[25.74,54.14],[25.5,54.16],[25.56,54.24],[25.2,54.24],[25.08,54.14],[24.86,54.14],[24.82,54.02],[24.52,53.96],[24.38,53.88],[24.2,53.96],[23.92,53.94],[23.64,53.9],[23.48,53.94],[23.6,53.62],[23.78,53.28],[23.9,53.16],[23.92,52.74],[23.86,52.68],[23.56,52.58],[23.4,52.5],[23.16,52.28],[23.22,52.24],[23.4,52.2],[23.64,52.08],[23.68,52],[23.56,51.76],[23.54,51.6],[23.6,51.52],[23.6,51.6],[23.74,51.64],[23.98,51.58],[24.24,51.72],[24.4,51.88],[24.72,51.88],[25.18,51.94],[25.36,51.92],[25.76,51.92],[26.08,51.9],[26.18,51.86],[26.4,51.86],[26.44,51.8],[26.66,51.8],[26.86,51.74],[27.18,51.74],[27.26,51.6],[27.48,51.62],[27.7,51.56],[27.82,51.6],[28.08,51.56],[28.22,51.66],[28.34,51.52],[28.6,51.56],[28.7,51.44],[28.8,51.54],[29.04,51.62],[29.16,51.6],[29.3,51.38],[29.46,51.38],[29.62,51.48],[29.82,51.42],[30.14,51.48],[30.32,51.38],[30.36,51.3],[30.56,51.24],[30.64,51.34],[30.54,51.56],[30.58,51.7],[30.66,51.82],[30.94,52.02],[31.14,52.08],[31.48,52.12],[31.76,52.1]]]},"properties":{"ADMIN":"Belarus","ADM0_A3":"BLR"}},
{"type":"Feature","geometry":{"type":"Polygon","coordinates":[[[16.48,-28.58],[16.68,-28.46],[16.76,-28.44],[16.76,-28.28],[16.88,-28.16],[16.9,-28.08],[17.1,-28.04],[17.18,-28.12],[17.2,-28.2],[17.34,-28.22],[17.4,-28.36],[17.32,-28.46],[17.42,-28.6],[17.4,-28.7],[17.58,-28.68],[17.6,-28.76],[17.74,-28.74],[17.92,-28.78],[18.16,-28.9],[18.4,-28.9],[18.74,-28.84],[18.96,-28.86],[19.08,-28.96],[19.28,-28.88],[19.24,-28.78],[19.48,-28.68],[19.56,-28.54],[19.82,-28.48],[19.98,-28.42],[19.98,-27.28],[19.98,-26.62],[19.98,-25.72],[19.98,-24.76],[19.98,-23.9],[19.98,-23.2],[19.98,-22],[20.98,-22],[20.98,-21.96],[20.98,-20.76],[20.98,-19.76],[20.98,-19],[20.98,-18.32],[21.48,-18.3],[22.06,-18.2],[22.98,-18.02],[23.32,-18],[23.36,-18.12],[23.5,-18.24],[23.58,-18.46],[23.64,-18.46],[24.06,-18.12],[24.18,-18.02],[24.3,-18.02],[24.42,-17.96],[24.5,-18.06],[24.58,-18.04],[24.72,-17.9],[24.96,-17.8],[25.06,-17.82],[25.16,-17.78],[25.26,-17.8],[24.96,-17.56],[24.68,-17.5],[24.6,-17.52],[24.4,-17.48],[24.22,-17.48],[23.38,-17.64],[22.24,-17.86],[21.38,-18.02],[21.22,-17.94],[21.1,-17.94],[20.8,-18.04],[20.74,-18],[20.56,-17.98],[20.34,-17.86],[20.04,-17.9],[19.96,-17.86],[19.68,-17.84],[19.42,-17.86],[19.18,-17.8],[19.02,-17.82],[18.76,-17.74],[18.5,-17.46],[18.46,-17.38],[17.62,-17.38],[16.34,-17.38],[15.06,-17.38],[14.2,-17.38],[14.08,-17.42],[13.94,-17.4],[13.88,-17.34],[13.52,-17.12],[13.5,-17.02],[13.36,-16.96],[13.26,-16.98],[13.16,-16.96],[12.88,-17.02],[12.82,-17.1],[12.56,-17.24],[12.24,-17.22],[12.1,-17.14],[11.76,-17.26],[11.72,-17.54],[11.8,-17.96],[11.84,-18.14],[11.94,-18.24],[12.04,-18.5],[12.28,-18.7],[12.46,-18.9],[12.48,-19],[12.56,-19.1],[12.68,-19.32],[12.7,-19.42],[13,-19.94],[13.08,-20.12],[13.16,-20.16],[13.22,-20.28],[13.26,-20.48],[13.34,-20.64],[13.38,-20.82],[13.6,-21.16],[13.84,-21.46],[13.88,-21.6],[13.96,-21.7],[13.96,-21.78],[14.14,-21.94],[14.38,-22.28],[14.5,-22.54],[14.54,-22.86],[14.52,-22.92],[14.42,-22.98],[14.5,-23.3],[14.44,-23.42],[14.5,-23.58],[14.5,-23.92],[14.46,-24.02],[14.48,-24.16],[14.62,-24.44],[14.6,-24.56],[14.78,-24.8],[14.86,-25.06],[14.8,-25.26],[14.88,-25.58],[14.84,-25.76],[14.98,-26.06],[14.96,-26.34],[15.12,-26.46],[15.16,-26.6],[15.08,-26.7],[15.18,-26.92],[15.24,-26.96],[15.3,-27.32],[15.52,-27.64],[15.54,-27.74],[15.64,-27.84],[15.68,-27.94],[15.92,-28.18],[16.04,-28.26],[16.16,-28.4],[16.42,-28.6],[16.48,-28.58]]]},"properties":{"ADMIN":"Namibia","ADM0_A3":"NAM"}},
{"type":"Feature","geometry":{"type":"MultiPolygon","coordinates":[[[[16.48,-28.58],[16.6,-28.86],[16.8,-29.08],[16.88,-29.3],[16.94,-29.36],[17.06,-29.68],[17.1,-29.88],[17.16,-30.02],[17.28,-30.34],[17.54,-30.76],[17.56,-30.84],[17.9,-31.34],[18,-31.46],[18.18,-31.66],[18.28,-31.9],[18.34,-32.26],[18.32,-32.34],[18.34,-32.5],[18.28,-32.64],[18.08,-32.78],[17.96,-32.7],[17.86,-32.82],[17.92,-33.04],[18.04,-33.04],[18,-33.16],[18.08,-33.2],[18.14,-33.36],[18.3,-33.48],[18.32,-33.56],[18.44,-33.7],[18.48,-33.9],[18.38,-33.92],[18.32,-34.02],[18.4,-34.3],[18.48,-34.24],[18.44,-34.14],[18.56,-34.08],[18.74,-34.08],[18.86,-34.16],[18.8,-34.36],[19.08,-34.34],[19.12,-34.4],[19.3,-34.42],[19.4,-34.6],[19.64,-34.78],[19.86,-34.74],[19.96,-34.8],[20.22,-34.68],[20.52,-34.46],[20.66,-34.44],[20.96,-34.36],[21.26,-34.42],[21.52,-34.36],[21.7,-34.4],[21.9,-34.34],[21.92,-34.24],[22.12,-34.2],[22.12,-34.12],[22.28,-34.06],[22.42,-34.06],[22.62,-34],[22.94,-34.08],[23.4,-34.12],[23.42,-34.02],[23.64,-33.98],[23.98,-34.04],[24.16,-34.06],[24.58,-34.18],[24.86,-34.18],[24.84,-34.14],[24.96,-33.98],[25.1,-33.96],[25.28,-33.98],[25.42,-34.04],[25.6,-34.04],[25.68,-33.8],[25.96,-33.72],[26.28,-33.76],[26.52,-33.76],[26.92,-33.58],[27.1,-33.52],[27.14,-33.48],[27.38,-33.36],[27.74,-33.1],[27.9,-33.04],[28.22,-32.78],[28.54,-32.56],[28.62,-32.48],[28.88,-32.28],[29.1,-32.06],[29.14,-31.96],[29.4,-31.74],[29.54,-31.64],[29.78,-31.44],[29.86,-31.42],[30,-31.3],[30.4,-30.84],[30.92,-30.02],[31.02,-29.94],[31.02,-29.86],[31.18,-29.56],[31.48,-29.2],[31.76,-28.96],[32.02,-28.86],[32.38,-28.56],[32.42,-28.38],[32.54,-28.2],[32.6,-27.88],[32.68,-27.52],[32.84,-27.12],[32.9,-26.84],[32.36,-26.86],[32.12,-26.84],[32,-26.84],[31.94,-27.1],[31.96,-27.32],[31.52,-27.32],[31.16,-27.2],[30.98,-27.04],[30.96,-26.92],[30.88,-26.78],[30.78,-26.72],[30.78,-26.48],[30.8,-26.4],[30.96,-26.2],[31.12,-25.92],[31.3,-25.76],[31.42,-25.74],[31.84,-25.98],[31.94,-25.96],[31.92,-25.78],[32,-25.66],[31.96,-25.48],[31.98,-25.38],[31.98,-24.42],[31.86,-24.16],[31.86,-23.94],[31.74,-23.84],[31.64,-23.58],[31.52,-23.42],[31.54,-23.16],[31.28,-22.42],[31.28,-22.4],[31.16,-22.32],[31.1,-22.34],[30.84,-22.28],[30.64,-22.34],[30.5,-22.3],[30.3,-22.34],[30.14,-22.3],[29.94,-22.2],[29.76,-22.14],[29.66,-22.12],[29.36,-22.18],[29.22,-22.18],[29.04,-22.22],[28.96,-22.32],[28.92,-22.46],[28.62,-22.56],[28.34,-22.58],[28.2,-22.68],[28.16,-22.76],[28.04,-22.84],[28.02,-22.92],[27.94,-22.96],[27.9,-23.08],[27.7,-23.2],[27.6,-23.22],[27.54,-23.36],[27.34,-23.4],[27.28,-23.46],[27.12,-23.52],[27,-23.64],[26.88,-24.12],[26.84,-24.24],[26.72,-24.32],[26.54,-24.46],[26.4,-24.64],[26.28,-24.62],[25.86,-24.74],[25.88,-24.88],[25.84,-25.02],[25.7,-25.3],[25.58,-25.62],[25.38,-25.74],[25.18,-25.76],[25.06,-25.74],[24.8,-25.82],[24.66,-25.82],[24.46,-25.74],[24.3,-25.72],[24.22,-25.64],[23.92,-25.62],[23.74,-25.46],[23.68,-25.46],[23.46,-25.28],[23.26,-25.26],[23.08,-25.32],[23,-25.32],[22.84,-25.48],[22.8,-25.68],[22.74,-25.76],[22.72,-25.98],[22.54,-26.2],[22.42,-26.22],[22.34,-26.32],[22.26,-26.34],[22.06,-26.62],[21.76,-26.7],[21.78,-26.78],[21.68,-26.86],[21.38,-26.82],[21.12,-26.86],[20.86,-26.8],[20.7,-26.88],[20.6,-26.68],[20.62,-26.42],[20.76,-26.28],[20.84,-26.14],[20.8,-26.08],[20.8,-25.9],[20.64,-25.62],[20.66,-25.56],[20.58,-25.4],[20.54,-25.38],[20.36,-25.04],[20.12,-24.88],[19.98,-24.76],[19.98,-25.72],[19.98,-26.62],[19.98,-27.28],[19.98,-28.42],[19.82,-28.48],[19.56,-28.54],[19.48,-28.68],[19.24,-28.78],[19.28,-28.88],[19.08,-28.96],[18.96,-28.86],[18.74,-28.84],[18.4,-28.9],[18.16,-28.9],[17.92,-28.78],[17.74,-28.74],[17.6,-28.76],[17.58,-28.68],[17.4,-28.7],[17.42,-28.6],[17.32,-28.46],[17.4,-28.36],[17.34,-28.22],[17.2,-28.2],[17.18,-28.12],[17.1,-28.04],[16.9,-28.08],[16.88,-28.16],[16.76,-28.28],[16.76,-28.44],[16.68,-28.46],[16.48,-28.58]],[[28.98,-28.9],[29.2,-29.06],[29.32,-29.08],[29.44,-29.34],[29.38,-29.44],[29.3,-29.46],[29.28,-29.62],[29.16,-29.66],[29.1,-29.82],[29.14,-29.92],[28.86,-30.06],[28.64,-30.14],[28.52,-30.12],[28.36,-30.16],[28.22,-30.26],[28.22,-30.38],[28.06,-30.64],[27.74,-30.6],[27.6,-30.5],[27.46,-30.32],[27.36,-30.32],[27.26,-30.04],[27.2,-29.98],[27.02,-29.62],[27.24,-29.54],[27.42,-29.4],[27.46,-29.3],[27.66,-29.06],[27.74,-28.9],[27.86,-28.92],[28.02,-28.86],[28.16,-28.7],[28.32,-28.7],[28.4,-28.62],[28.66,-28.6],[28.7,-28.68],[28.88,-28.8],[28.98,-28.9]]],[[[37.66,-46.82],[37.62,-46.96],[37.84,-46.96],[37.82,-46.84],[37.66,-46.82]]]]},"properties":{"ADMIN":"South Africa","ADM0_A3":"ZAF"}},
{"type":"Feature","geometry":{"type":"Polygon","coordinates":[[[-63.02,18.04],[-63.02,18.12],[-63.1,18.06],[-63.02,18.04]]]},"properties":{"ADMIN":"Saint Martin","ADM0_A3":"MAF"}},
{"type":"Feature","geometry":{"type":"Polygon","coordinates":[[[-63.1,18.06],[-63.1,18.04],[-63.02,18.04],[-63.1,18.06]]]},"properties":{"ADMIN":"Sint Maarten","ADM0_A3":"SXM"}},
{"type":"Feature","geometry":{"type":"MultiPolygon","coordinates":[[[[56.08,26.06],[56.18,26.02],[56.14,25.68],[56.28,25.62],[56.28,25.74],[56.36,25.8],[56.4,26],[56.38,26.1],[56.46,26.2],[56.32,26.3],[56.3,26.2],[56.18,26.24],[56.08,26.06]]],[[[56.38,24.98],[56.12,24.74],[56.04,24.76],[56,24.96],[55.94,24.98],[55.78,24.86],[55.82,24.64],[55.76,24.56],[55.8,24.34],[55.76,24.24],[55.94,24.22],[56,24.08],[55.8,24],[55.64,24.02],[55.5,23.98],[55.54,23.78],[55.44,23.56],[55.38,23.46],[55.32,23.28],[55.22,23.12],[55.2,23],[55.18,22.7],[55.62,22.02],[55.64,21.98],[55.3,20.98],[54.98,20],[54.32,19.78],[53.64,19.54],[52.78,19.26],[51.98,19],[52.48,17.86],[52.74,17.3],[52.8,17.26],[53.1,16.64],[53.34,16.74],[53.58,16.74],[53.76,16.86],[53.98,16.9],[54.02,16.98],[54.38,17.04],[54.6,17.04],[54.8,16.96],[55.02,17.02],[55.26,17.22],[55.3,17.42],[55.22,17.52],[55.26,17.6],[55.36,17.68],[55.44,17.84],[55.66,17.9],[55.9,17.9],[56.18,17.96],[56.34,17.94],[56.46,18.08],[56.56,18.14],[56.66,18.6],[56.78,18.72],[56.92,18.82],[57.2,18.9],[57.5,18.96],[57.7,18.94],[57.84,19.02],[57.82,19.16],[57.76,19.26],[57.78,19.4],[57.7,19.54],[57.7,19.76],[57.76,19.84],[57.84,20.12],[57.86,20.26],[57.96,20.34],[57.96,20.4],[58.08,20.48],[58.1,20.58],[58.26,20.58],[58.22,20.4],[58.46,20.36],[58.52,20.42],[58.68,20.82],[58.8,20.92],[58.92,21.14],[59.16,21.36],[59.34,21.44],[59.44,21.62],[59.5,21.76],[59.64,21.92],[59.68,22.08],[59.8,22.2],[59.84,22.44],[59.78,22.54],[59.54,22.58],[59.42,22.68],[59.3,22.8],[59.2,22.98],[59.08,23.06],[58.92,23.34],[58.8,23.42],[58.78,23.52],[58.5,23.66],[58.42,23.62],[58.04,23.72],[57.92,23.72],[57.8,23.78],[57.64,23.8],[57.32,23.88],[57.16,23.96],[56.94,24.12],[56.8,24.3],[56.62,24.5],[56.5,24.7],[56.38,24.98]]],[[[58.9,20.62],[58.86,20.62],[58.76,20.44],[58.64,20.36],[58.64,20.22],[58.72,20.22],[58.78,20.28],[58.84,20.44],[58.96,20.52],[58.9,20.62]]]]},"properties":{"ADMIN":"Oman","ADM0_A3":"OMN"}},
{"type":"Feature","geometry":{"type":"MultiPolygon","coordinates":[[[[70.96,40.24],[71.36,40.3],[71.48,40.22],[71.68,40.14],[72.1,40.42],[72.24,40.46],[72.38,40.38],[72.44,40.56],[72.58,40.5],[72.74,40.58],[72.78,40.66],[73.12,40.78],[73,40.88],[72.62,40.88],[72.48,41.02],[72.18,41.04],[72.16,41.16],[72.04,41.16],[71.88,41.2],[71.86,41.32],[71.68,41.54],[71.58,41.32],[71.42,41.34],[71.42,41.16],[71.28,41.12],[71.02,41.18],[70.92,41.2],[70.76,41.26],[70.76,41.38],[70.64,41.46],[70.48,41.4],[70.34,41.5],[70.2,41.5],[70.16,41.58],[70.46,41.72],[70.56,41.82],[70.68,41.9],[70.82,41.94],[70.84,42.04],[70.98,42.04],[71.22,42.2],[71.08,42.28],[70.94,42.24],[70.74,42.2],[70.62,42.02],[70.46,42.1],[70.32,42.04],[70.14,41.84],[69.88,41.7],[69.62,41.66],[69.4,41.54],[69.4,41.46],[69.22,41.46],[69.04,41.38],[69.04,41.22],[68.74,41.06],[68.68,40.96],[68.54,40.84],[68.62,40.66],[68.6,40.6],[68.46,40.58],[68.22,40.68],[68.06,40.78],[68.14,41.02],[68.02,41.06],[67.94,41.2],[67.74,41.18],[66.82,41.14],[66.68,41.2],[66.54,41.74],[66.5,42],[66.02,42],[66.02,42.4],[66.06,42.44],[66.1,43],[65.8,42.88],[65.52,43.3],[65.28,43.42],[64.96,43.7],[64.86,43.72],[64.42,43.54],[63.2,43.62],[62.02,43.48],[61.98,43.5],[61.16,44.16],[61.04,44.38],[60.46,44.66],[59.68,45.02],[58.58,45.54],[58.54,45.56],[57.48,45.34],[55.98,45],[55.98,44.3],[55.98,43.62],[55.98,42.7],[55.98,41.78],[55.98,41.32],[56.8,41.28],[57.02,41.26],[57.16,41.38],[57.02,41.46],[56.96,41.64],[56.96,41.86],[57.12,41.96],[57.2,42.08],[57.38,42.16],[57.62,42.14],[57.86,42.2],[58,42.5],[58.22,42.46],[58.3,42.52],[58.14,42.6],[58.28,42.68],[58.5,42.64],[58.62,42.78],[58.9,42.54],[59.12,42.54],[59.2,42.48],[59.24,42.36],[59.48,42.28],[59.86,42.3],[60.02,42.2],[59.98,42.1],[59.98,41.94],[60.08,41.92],[60.24,41.8],[60.04,41.76],[60.16,41.6],[60.08,41.52],[60.1,41.38],[60.42,41.24],[60.54,41.22],[60.86,41.26],[60.98,41.2],[61.1,41.22],[61.28,41.16],[61.48,41.3],[61.66,41.24],[61.88,41.12],[61.98,41.02],[62.04,40.72],[62.2,40.5],[62.36,40.44],[62.44,40.18],[62.46,40],[62.6,39.9],[63.48,39.4],[63.7,39.2],[64.12,38.96],[64.34,38.98],[64.42,38.88],[64.64,38.74],[64.98,38.62],[65.2,38.44],[65.6,38.24],[65.74,38.22],[65.88,38.28],[66.24,38.14],[66.3,38.08],[66.56,38.02],[66.64,37.94],[66.52,37.78],[66.5,37.52],[66.52,37.36],[67,37.38],[67.24,37.2],[67.4,37.22],[67.48,37.28],[67.64,37.26],[67.78,37.18],[67.82,37.3],[67.8,37.42],[67.82,37.52],[68.08,37.8],[68.12,37.9],[68.24,37.94],[68.36,38.18],[68.34,38.24],[68.18,38.34],[68.06,38.54],[68.04,38.7],[68.18,38.84],[68.08,39],[67.84,38.98],[67.7,38.98],[67.62,39.16],[67.38,39.2],[67.44,39.48],[67.5,39.56],[67.76,39.62],[68.1,39.56],[68.34,39.52],[68.52,39.54],[68.6,39.66],[68.62,39.82],[68.88,39.9],[68.78,40],[68.94,40.14],[68.68,40.12],[68.6,40.18],[69.02,40.24],[69.2,40.18],[69.28,40.22],[69.3,40.36],[69.2,40.54],[69.32,40.6],[69.32,40.72],[69.44,40.8],[69.66,40.64],[69.82,40.72],[70,40.76],[70.28,40.88],[70.36,41.04],[70.44,41.02],[70.7,40.82],[70.76,40.7],[70.36,40.46],[70.38,40.36],[70.5,40.36],[70.58,40.22],[70.7,40.2],[70.96,40.24]]],[[[71.18,40.04],[70.98,40.14],[70.96,40.08],[71.12,39.88],[71.22,39.94],[71.18,40.04]]]]},"properties":{"ADMIN":"Uzbekistan","ADM0_A3":"UZB"}},
{"type":"Feature","geometry":{"type":"Polygon","coordinates":[[[87.32,49.08],[87.22,49.22],[87.08,49.24],[86.9,49.36],[86.82,49.5],[86.6,49.58],[86.78,49.7],[86.74,49.78],[86.62,49.8],[86.4,49.62],[86.12,49.52],[85.94,49.5],[85.82,49.54],[85.38,49.62],[85.26,49.58],[85.04,49.88],[84.96,49.9],[84.98,50.08],[84.84,50.08],[84.64,50.18],[84.36,50.22],[84.24,50.26],[84.18,50.44],[84.2,50.5],[84.1,50.62],[83.98,50.68],[83.96,50.78],[83.82,50.86],[83.44,51],[83.1,51],[82.98,50.88],[82.76,50.9],[82.7,50.82],[82.48,50.72],[82.4,50.74],[82.08,50.72],[82,50.76],[81.76,50.78],[81.68,50.74],[81.46,50.74],[81.4,50.96],[81.06,50.94],[81.14,51.14],[80.68,51.3],[80.6,51.2],[80.48,51.2],[80.42,51.1],[80.44,50.96],[80.04,50.86],[80,50.78],[79.46,51.5],[79.04,52],[78.48,52.64],[77.86,53.28],[77.62,53.44],[76.52,53.96],[76.38,54.14],[76.66,54.14],[76.84,54.3],[76.76,54.36],[76.44,54.32],[76.24,54.34],[76.18,54.26],[75.64,54.1],[75.36,54.06],[75.44,53.98],[75.02,53.8],[74.78,53.84],[74.62,53.68],[74.46,53.68],[74.4,53.48],[74.26,53.52],[74.22,53.6],[73.88,53.64],[73.64,53.56],[73.42,53.44],[73.4,53.52],[73.24,53.58],[73.22,53.66],[73.48,53.88],[73.7,53.9],[73.74,54.06],[73.36,53.94],[73.06,53.98],[72.96,54.12],[72.62,54.14],[72.66,54.04],[72.46,53.9],[72.36,54.08],[72.48,54.14],[72.16,54.36],[72.06,54.22],[71.76,54.24],[71.7,54.14],[71.48,54.1],[71.32,54.2],[71.18,54.1],[71.04,54.18],[70.98,54.32],[71.2,54.32],[71.14,54.6],[71.26,54.64],[71.18,54.72],[71,54.78],[70.94,54.88],[70.98,55.08],[70.66,55.3],[70.46,55.28],[70.38,55.2],[70.2,55.14],[69.92,55.22],[69.68,55.34],[69.34,55.38],[69.18,55.32],[68.72,55.36],[68.6,55.2],[68.26,55.2],[68.3,55.08],[68.16,54.96],[67.82,54.96],[67.62,54.86],[67.28,54.86],[67.22,54.8],[66.78,54.76],[66.7,54.72],[66.44,54.72],[65.98,54.62],[65.82,54.68],[65.72,54.6],[65.48,54.64],[65.42,54.56],[65.22,54.52],[65.22,54.34],[65.08,54.3],[64.92,54.4],[64.72,54.34],[64.58,54.38],[63.98,54.3],[63.86,54.2],[63.7,54.26],[63.34,54.16],[63.12,54.18],[63.08,54.08],[62.82,54.1],[62.56,54.02],[61.48,54],[61.42,54.06],[61.2,54.02],[61.06,53.88],[61.2,53.82],[61,53.64],[61.28,53.54],[61.5,53.58],[61.56,53.5],[61.38,53.44],[61.22,53.5],[61.14,53.38],[61.2,53.28],[61.48,53.22],[61.64,53.24],[61.76,53.16],[62.06,53.12],[62.1,53],[61.92,52.94],[61.82,52.98],[61.58,52.96],[61.48,53.02],[61.2,53.02],[60.82,52.78],[60.7,52.74],[60.8,52.62],[60.84,52.52],[60.94,52.48],[61.04,52.34],[60.68,52.14],[60.5,52.16],[60.2,52],[60.14,51.88],[60.46,51.8],[60.38,51.66],[60.52,51.62],[60.94,51.62],[61.02,51.48],[61.36,51.46],[61.48,51.42],[61.6,51.28],[61.52,51.16],[61.44,50.88],[61.38,50.78],[60.72,50.66],[60.3,50.68],[60.18,50.74],[60.14,50.84],[60.02,50.86],[59.92,50.7],[59.78,50.54],[59.52,50.48],[59.44,50.64],[58.92,50.68],[58.66,50.78],[58.56,50.92],[58.6,51.02],[58.4,51.06],[58.3,51.16],[58.2,51.06],[57.96,51.08],[57.76,51.12],[57.74,50.94],[57.36,50.88],[57.16,51.1],[56.86,51.06],[56.5,51.06],[56.34,50.9],[56.18,50.9],[56.08,50.72],[55.66,50.54],[55.5,50.64],[55.3,50.66],[55.08,50.8],[55.04,50.88],[54.9,50.92],[54.64,51.02],[54.5,50.92],[54.64,50.88],[54.68,50.6],[54.6,50.54],[54.44,50.54],[54.38,50.62],[54.48,50.86],[54.3,50.9],[54.18,50.96],[54.12,51.1],[53.94,51.18],[53.68,51.22],[53.6,51.28],[53.62,51.38],[53.4,51.48],[53.16,51.52],[52.96,51.46],[52.78,51.5],[52.66,51.46],[52.5,51.48],[52.34,51.76],[52.1,51.66],[51.86,51.68],[51.62,51.52],[51.38,51.46],[51.38,51.62],[51.24,51.68],[50.92,51.68],[50.8,51.6],[50.58,51.64],[50.52,51.46],[50.38,51.42],[50.32,51.3],[49.98,51.22],[49.78,51.1],[49.42,51.1],[49.34,50.96],[49.36,50.82],[49.14,50.78],[48.84,50.6],[48.68,50.58],[48.7,50.34],[48.88,50.02],[48.78,49.94],[48.42,49.82],[48.24,49.86],[48,50.18],[47.62,50.44],[47.56,50.46],[47.3,50.28],[47.26,50.18],[47.3,50.04],[47.18,49.94],[46.96,49.88],[46.9,49.82],[46.78,49.34],[47.02,49.2],[47.02,49.1],[46.94,49],[46.76,48.92],[46.48,48.42],[47.08,48.28],[47.1,48.1],[47.06,47.98],[47.16,47.88],[47.18,47.78],[47.36,47.68],[47.44,47.84],[47.64,47.76],[48.04,47.76],[48.18,47.72],[48.36,47.5],[48.52,47.42],[48.7,47.1],[49,46.76],[48.92,46.7],[48.76,46.68],[48.68,46.76],[48.56,46.76],[48.46,46.66],[48.58,46.56],[48.7,46.56],[48.9,46.48],[49.22,46.32],[49.3,46.46],[49.46,46.56],[49.64,46.58],[49.82,46.54],[50.04,46.64],[50.16,46.74],[50.38,46.82],[50.42,46.88],[50.6,46.86],[50.86,47.04],[51.18,47.12],[51.5,47.06],[51.76,46.92],[52,46.9],[52.12,46.82],[52.24,46.8],[52.46,47],[52.62,46.96],[52.92,46.96],[53.08,46.86],[53.1,46.74],[53.18,46.72],[53.1,46.56],[53.08,46.44],[53.16,46.34],[53.08,46.02],[52.92,45.8],[52.74,45.64],[52.74,45.52],[53.14,45.38],[53.1,45.3],[52.9,45.32],[52.56,45.4],[52.4,45.4],[51.96,45.38],[51.8,45.4],[51.6,45.34],[51.4,45.34],[51.24,45.16],[51.24,45.1],[50.98,44.98],[50.98,44.84],[51.2,44.74],[51.32,44.6],[51.14,44.48],[51.04,44.52],[50.84,44.64],[50.5,44.62],[50.3,44.66],[50.22,44.56],[50.24,44.4],[50.34,44.32],[50.7,44.26],[50.84,44.18],[50.86,44.04],[50.98,43.92],[51.02,43.8],[51.14,43.64],[51.28,43.56],[51.32,43.44],[51.26,43.18],[51.36,43.16],[51.66,43.2],[51.86,42.9],[51.94,42.84],[52.16,42.88],[52.28,42.8],[52.38,42.84],[52.58,42.8],[52.72,42.74],[52.74,42.66],[52.6,42.34],[52.4,42.1],[52.48,41.94],[52.44,41.74],[52.76,42],[52.98,42.12],[53.42,42.26],[54.04,42.34],[54.2,42.32],[54.74,42.04],[54.9,41.94],[54.96,41.8],[55.22,41.48],[55.36,41.38],[55.42,41.3],[55.64,41.26],[55.88,41.32],[55.98,41.32],[55.98,41.78],[55.98,42.7],[55.98,43.62],[55.98,44.3],[55.98,45],[57.48,45.34],[58.54,45.56],[58.58,45.54],[59.68,45.02],[60.46,44.66],[61.04,44.38],[61.16,44.16],[61.98,43.5],[62.02,43.48],[63.2,43.62],[64.42,43.54],[64.86,43.72],[64.96,43.7],[65.28,43.42],[65.52,43.3],[65.8,42.88],[66.1,43],[66.06,42.44],[66.02,42.4],[66.02,42],[66.5,42],[66.54,41.74],[66.68,41.2],[66.82,41.14],[67.74,41.18],[67.94,41.2],[68.02,41.06],[68.14,41.02],[68.06,40.78],[68.22,40.68],[68.46,40.58],[68.6,40.6],[68.62,40.66],[68.54,40.84],[68.68,40.96],[68.74,41.06],[69.04,41.22],[69.04,41.38],[69.22,41.46],[69.4,41.46],[69.4,41.54],[69.62,41.66],[69.88,41.7],[70.14,41.84],[70.32,42.04],[70.46,42.1],[70.62,42.02],[70.74,42.2],[70.94,42.24],[70.86,42.3],[70.94,42.38],[71,42.56],[71.12,42.6],[71.14,42.68],[71.4,42.8],[71.58,42.76],[71.84,42.84],[72.1,42.76],[72.3,42.76],[72.48,42.68],[72.72,42.66],[72.84,42.56],[73.12,42.56],[73.32,42.5],[73.32,42.42],[73.5,42.42],[73.42,42.58],[73.5,42.8],[73.5,42.9],[73.64,43.06],[74.04,43.18],[74.26,43.22],[74.56,43.12],[74.72,43],[74.86,42.98],[75.18,42.84],[75.64,42.8],[75.78,42.92],[75.86,42.94],[76.26,42.92],[76.4,42.88],[76.68,42.92],[76.96,42.98],[77.16,42.92],[77.9,42.9],[78.04,42.86],[78.5,42.88],[78.68,42.8],[79.04,42.76],[79.14,42.8],[79.24,42.62],[79.36,42.58],[79.48,42.46],[79.7,42.46],[79.92,42.42],[80.22,42.18],[80.26,42.24],[80.14,42.62],[80.22,42.8],[80.48,42.86],[80.36,43.02],[80.58,43.12],[80.78,43.12],[80.74,43.28],[80.64,43.32],[80.72,43.46],[80.48,43.92],[80.34,44.1],[80.38,44.28],[80.34,44.42],[80.38,44.68],[80.48,44.74],[80.22,44.82],[80,44.8],[79.86,44.9],[80.06,45.02],[80.36,45.04],[80.42,45.1],[80.7,45.14],[80.86,45.12],[81.14,45.2],[81.74,45.34],[81.8,45.18],[81.96,45.14],[82.3,45.22],[82.48,45.12],[82.58,45.18],[82.64,45.34],[82.62,45.44],[82.36,45.48],[82.3,45.54],[82.38,45.74],[82.48,45.9],[82.56,46.2],[82.68,46.34],[82.84,46.74],[82.98,46.94],[83.02,47.2],[83.16,47.22],[83.52,47.06],[83.9,46.98],[84.16,47],[84.66,46.98],[84.74,46.94],[84.74,46.82],[84.92,46.86],[85.2,47.04],[85.5,47.06],[85.56,47.18],[85.66,47.2],[85.68,47.38],[85.58,47.52],[85.6,47.62],[85.52,47.92],[85.58,48.14],[85.72,48.36],[85.78,48.4],[86.2,48.42],[86.34,48.5],[86.56,48.52],[86.74,48.7],[86.78,48.84],[86.72,49],[86.88,49.1],[87.12,49.12],[87.32,49.08]]]},"properties":{"ADMIN":"Kazakhstan","ADM0_A3":"KAZ"}},
{"type":"Feature","geometry":{"type":"Polygon","coordinates":[[[73.64,39.44],[73.36,39.44],[73.32,39.4],[73.16,39.36],[72.84,39.36],[72.66,39.4],[72.32,39.32],[72.2,39.24],[72.1,39.28],[72.04,39.36],[71.84,39.28],[71.74,39.28],[71.74,39.44],[71.6,39.44],[71.5,39.5],[71.46,39.62],[71.24,39.52],[71.06,39.5],[71,39.4],[70.74,39.38],[70.62,39.56],[70.46,39.6],[70.2,39.52],[70.02,39.56],[69.84,39.54],[69.66,39.58],[69.5,39.54],[69.28,39.54],[69.3,39.66],[69.22,39.76],[69.32,39.98],[69.4,39.9],[69.5,39.92],[69.46,40.02],[69.58,40.1],[69.96,40.22],[70.14,40.14],[70.62,40],[70.64,40.08],[70.96,40.24],[70.7,40.2],[70.58,40.22],[70.5,40.36],[70.38,40.36],[70.36,40.46],[70.76,40.7],[70.7,40.82],[70.44,41.02],[70.36,41.04],[70.28,40.88],[70,40.76],[69.82,40.72],[69.66,40.64],[69.44,40.8],[69.32,40.72],[69.32,40.6],[69.2,40.54],[69.3,40.36],[69.28,40.22],[69.2,40.18],[69.02,40.24],[68.6,40.18],[68.68,40.12],[68.94,40.14],[68.78,40],[68.88,39.9],[68.62,39.82],[68.6,39.66],[68.52,39.54],[68.34,39.52],[68.1,39.56],[67.76,39.62],[67.5,39.56],[67.44,39.48],[67.38,39.2],[67.62,39.16],[67.7,38.98],[67.84,38.98],[68.08,39],[68.18,38.84],[68.04,38.7],[68.06,38.54],[68.18,38.34],[68.34,38.24],[68.36,38.18],[68.24,37.94],[68.12,37.9],[68.08,37.8],[67.82,37.52],[67.8,37.42],[67.82,37.3],[67.78,37.18],[67.78,37.1],[67.88,37.06],[68.02,36.94],[68.18,37.02],[68.28,37.02],[68.3,37.12],[68.62,37.2],[68.66,37.28],[68.82,37.26],[68.9,37.34],[69,37.3],[69.12,37.16],[69.24,37.1],[69.32,37.12],[69.44,37.24],[69.38,37.44],[69.52,37.58],[69.8,37.58],[69.9,37.62],[70.02,37.54],[70.16,37.54],[70.28,37.7],[70.24,37.82],[70.16,37.88],[70.48,38.14],[70.6,38.34],[70.76,38.44],[70.98,38.48],[71.22,38.32],[71.34,38.28],[71.36,38.2],[71.26,37.94],[71.34,37.9],[71.5,37.94],[71.6,37.9],[71.5,37.56],[71.48,37.26],[71.44,37.06],[71.46,36.94],[71.62,36.7],[71.84,36.7],[72.26,36.96],[72.4,37],[72.66,37.02],[72.76,37.18],[73,37.3],[73.06,37.32],[73.28,37.46],[73.48,37.48],[73.76,37.42],[73.74,37.36],[73.62,37.24],[73.8,37.22],[74.16,37.34],[74.22,37.4],[74.52,37.38],[74.66,37.4],[74.78,37.34],[74.9,37.24],[75.06,37.32],[75.16,37.4],[74.9,37.6],[74.96,37.76],[74.88,37.84],[74.9,38],[74.8,38.08],[74.78,38.3],[74.84,38.38],[74.78,38.52],[74.34,38.66],[74.14,38.66],[73.94,38.52],[73.8,38.6],[73.68,38.86],[73.82,39],[73.7,39.08],[73.6,39.24],[73.64,39.44]]]},"properties":{"ADMIN":"Tajikistan","ADM0_A3":"TJK"}},
{"type":"Feature","geometry":{"type":"Polygon","coordinates":[[[26.6,55.66],[26.28,55.74],[26.18,55.84],[25.7,56.08],[25.64,56.14],[25.1,56.18],[24.98,56.3],[24.9,56.44],[24.64,56.36],[24.44,56.26],[24.28,56.3],[24.1,56.26],[23.86,56.34],[23.48,56.34],[23.28,56.38],[23.02,56.32],[22.88,56.4],[22.68,56.36],[22.52,56.4],[22.22,56.4],[22.1,56.42],[21.68,56.32],[21.6,56.3],[21.06,56.08],[21.08,55.74],[21.22,55.52],[21.26,55.24],[21.4,55.28],[21.5,55.2],[22.1,55.02],[22.26,55.08],[22.58,55.06],[22.64,54.96],[22.8,54.9],[22.84,54.78],[22.72,54.72],[22.68,54.46],[22.76,54.36],[22.98,54.38],[23.44,54.16],[23.48,53.94],[23.64,53.9],[23.92,53.94],[24.2,53.96],[24.38,53.88],[24.52,53.96],[24.82,54.02],[24.86,54.14],[25.08,54.14],[25.2,54.24],[25.56,54.24],[25.5,54.16],[25.74,54.14],[25.78,54.24],[25.7,54.32],[25.52,54.34],[25.64,54.52],[25.74,54.56],[25.7,54.68],[25.78,54.86],[25.9,54.94],[26.14,54.96],[26.3,55.14],[26.58,55.12],[26.76,55.3],[26.44,55.34],[26.6,55.66]]]},"properties":{"ADMIN":"Lithuania","ADM0_A3":"LTU"}},
{"type":"Feature","geometry":{"type":"MultiPolygon","coordinates":[[[[-58.16,-20.16],[-58.08,-20.38],[-57.98,-20.44],[-58,-20.62],[-57.86,-20.74],[-57.9,-20.88],[-57.82,-21],[-57.86,-21.34],[-57.92,-21.46],[-57.94,-21.62],[-57.9,-21.68],[-57.96,-21.86],[-57.92,-21.9],[-57.98,-22.04],[-57.94,-22.12],[-57.84,-22.14],[-57.66,-22.1],[-57.62,-22.18],[-57.38,-22.22],[-57.22,-22.18],[-56.84,-22.28],[-56.8,-22.24],[-56.66,-22.24],[-56.52,-22.1],[-56.42,-22.08],[-56.32,-22.2],[-56.2,-22.28],[-55.9,-22.3],[-55.76,-22.42],[-55.74,-22.54],[-55.64,-22.62],[-55.66,-22.82],[-55.64,-23],[-55.54,-23.22],[-55.56,-23.34],[-55.54,-23.6],[-55.44,-23.74],[-55.44,-23.92],[-55.4,-23.98],[-55.2,-24.02],[-54.94,-23.96],[-54.82,-23.88],[-54.62,-23.82],[-54.42,-23.92],[-54.24,-24.06],[-54.34,-24.14],[-54.26,-24.32],[-54.34,-24.52],[-54.32,-24.62],[-54.4,-24.82],[-54.46,-25.04],[-54.42,-25.14],[-54.6,-25.44],[-54.6,-25.58],[-54.46,-25.64],[-54.32,-25.56],[-54.22,-25.54],[-53.9,-25.62],[-53.84,-25.8],[-53.82,-25.98],[-53.76,-26.02],[-53.66,-26.22],[-53.72,-26.38],[-53.74,-26.7],[-53.72,-26.88],[-53.82,-27.14],[-54.02,-27.22],[-54.1,-27.28],[-54.18,-27.26],[-54.28,-27.42],[-54.46,-27.42],[-54.6,-27.46],[-54.7,-27.56],[-54.82,-27.54],[-54.9,-27.62],[-54.92,-27.74],[-55.02,-27.84],[-55.2,-27.86],[-55.32,-27.92],[-55.44,-28.08],[-55.6,-28.12],[-55.78,-28.24],[-55.66,-28.32],[-55.68,-28.38],[-55.84,-28.34],[-55.9,-28.46],[-56.02,-28.5],[-56.02,-28.58],[-56.18,-28.74],[-56.28,-28.78],[-56.3,-28.88],[-56.4,-28.96],[-56.42,-29.06],[-56.62,-29.16],[-56.68,-29.32],[-56.82,-29.48],[-56.96,-29.6],[-57.1,-29.76],[-57.22,-29.78],[-57.3,-29.84],[-57.32,-29.98],[-57.5,-30.14],[-57.62,-30.18],[-57.6,-30.2],[-57.54,-30.28],[-57.22,-30.28],[-57.1,-30.12],[-56.84,-30.1],[-56.68,-30.22],[-56.38,-30.48],[-56.24,-30.56],[-55.98,-30.86],[-55.96,-30.92],[-55.82,-31.04],[-55.6,-30.84],[-55.36,-31.06],[-55.26,-31.22],[-55.08,-31.32],[-54.96,-31.34],[-54.82,-31.44],[-54.6,-31.48],[-54.48,-31.58],[-54.46,-31.68],[-54.14,-31.9],[-54.06,-31.88],[-53.78,-32.04],[-53.68,-32.22],[-53.64,-32.34],[-53.56,-32.44],[-53.42,-32.56],[-53.18,-32.64],[-53.12,-32.76],[-53.3,-32.88],[-53.32,-32.98],[-53.52,-33.1],[-53.54,-33.18],[-53.52,-33.4],[-53.54,-33.64],[-53.38,-33.74],[-53.26,-33.68],[-52.82,-33.32],[-52.62,-33.1],[-52.48,-32.8],[-52.38,-32.5],[-52.26,-32.28],[-52.12,-32.18],[-52.26,-32.06],[-52.16,-31.94],[-52.24,-31.84],[-52.2,-31.72],[-52.1,-31.7],[-52.08,-31.6],[-52,-31.56],[-52,-31.42],[-51.92,-31.3],[-51.66,-31.26],[-51.62,-31.14],[-51.44,-31.08],[-51.48,-31.02],[-51.46,-30.88],[-51.36,-30.88],[-51.38,-30.66],[-51.3,-30.62],[-51.26,-30.46],[-51.2,-30.4],[-51.3,-30.28],[-51.32,-30.16],[-51.12,-30.26],[-51.02,-30.28],[-51.04,-30.38],[-50.94,-30.44],[-50.9,-30.32],[-50.68,-30.28],[-50.6,-30.2],[-50.54,-30.32],[-50.74,-30.8],[-50.94,-30.9],[-50.98,-31.04],[-51.18,-31.14],[-51.18,-31.36],[-51.24,-31.46],[-51.34,-31.52],[-51.44,-31.5],[-51.52,-31.62],[-51.66,-31.76],[-51.78,-31.8],[-51.92,-31.86],[-52.08,-31.86],[-52.04,-32.1],[-51.86,-31.94],[-51.56,-31.78],[-51.16,-31.48],[-51.04,-31.38],[-50.72,-31.04],[-50.32,-30.46],[-50.04,-29.82],[-49.82,-29.44],[-49.56,-29.12],[-49.34,-28.92],[-48.94,-28.64],[-48.82,-28.62],[-48.78,-28.48],[-48.66,-28.22],[-48.56,-27.86],[-48.62,-27.76],[-48.64,-27.64],[-48.58,-27.6],[-48.64,-27.48],[-48.56,-27.34],[-48.62,-27.3],[-48.58,-27.02],[-48.62,-26.98],[-48.62,-26.78],[-48.68,-26.72],[-48.66,-26.56],[-48.62,-26.46],[-48.64,-26.38],[-48.8,-26.3],[-48.58,-26.16],[-48.62,-26.04],[-48.52,-25.78],[-48.44,-25.62],[-48.52,-25.52],[-48.46,-25.48],[-48.4,-25.28],[-48.24,-25.42],[-48.1,-25.32],[-47.96,-25.2],[-47.88,-25.06],[-47.9,-24.96],[-47.82,-24.9],[-47.54,-24.7],[-47.44,-24.68],[-47.18,-24.54],[-47.04,-24.42],[-46.96,-24.3],[-46.6,-24.08],[-46.4,-24],[-46.36,-23.9],[-46.24,-23.98],[-46.08,-23.82],[-45.86,-23.76],[-45.72,-23.78],[-45.5,-23.84],[-45.4,-23.82],[-45.44,-23.66],[-45.3,-23.58],[-45.26,-23.6],[-45.08,-23.5],[-44.92,-23.34],[-44.84,-23.38],[-44.68,-23.34],[-44.58,-23.36],[-44.52,-23.28],[-44.72,-23.18],[-44.68,-23.06],[-44.44,-23],[-44.3,-23],[-44.2,-23.04],[-44.06,-22.94],[-43.86,-22.9],[-43.74,-22.94],[-43.54,-23.04],[-43.22,-23],[-43.16,-22.9],[-43.24,-22.84],[-43.28,-22.74],[-43.08,-22.66],[-43.04,-22.78],[-43.12,-22.92],[-43.04,-22.98],[-42.7,-22.96],[-42.62,-22.94],[-42.06,-22.96],[-41.98,-22.82],[-41.96,-22.54],[-41.66,-22.28],[-41.46,-22.2],[-41.24,-22.14],[-41,-22.02],[-40.96,-21.94],[-41.02,-21.72],[-41.02,-21.6],[-41.08,-21.52],[-40.96,-21.36],[-40.96,-21.28],[-40.82,-21.04],[-40.8,-20.94],[-40.74,-20.84],[-40.58,-20.8],[-40.48,-20.64],[-40.34,-20.5],[-40.28,-20.32],[-40.2,-20.18],[-40.14,-20.02],[-40.02,-19.76],[-39.84,-19.66],[-39.7,-19.42],[-39.7,-19.24],[-39.74,-18.9],[-39.74,-18.68],[-39.72,-18.52],[-39.62,-18.2],[-39.5,-18],[-39.38,-17.9],[-39.28,-17.86],[-39.14,-17.68],[-39.18,-17.6],[-39.22,-17.3],[-39.2,-17.16],[-39.12,-16.9],[-39.14,-16.8],[-39.06,-16.44],[-38.86,-15.84],[-38.92,-15.72],[-39,-15.24],[-39.02,-14.82],[-39.06,-14.68],[-38.98,-14.32],[-38.98,-14.22],[-38.92,-14],[-38.92,-13.9],[-39.02,-13.84],[-38.96,-13.68],[-39.06,-13.4],[-38.84,-13.16],[-38.88,-13.06],[-38.8,-13.02],[-38.74,-12.88],[-38.82,-12.86],[-38.74,-12.74],[-38.62,-12.7],[-38.5,-12.72],[-38.48,-12.86],[-38.5,-13.02],[-38.32,-12.94],[-38.06,-12.64],[-37.78,-12.26],[-37.66,-12.04],[-37.44,-11.56],[-37.32,-11.4],[-37.28,-11.32],[-37.18,-11.2],[-37.04,-10.94],[-36.9,-10.78],[-36.58,-10.56],[-36.4,-10.5],[-36.3,-10.36],[-36.26,-10.24],[-36.04,-10.06],[-35.94,-9.92],[-35.88,-9.86],[-35.86,-9.74],[-35.58,-9.54],[-35.48,-9.36],[-35.3,-9.2],[-35.14,-8.92],[-35.12,-8.8],[-34.94,-8.36],[-34.94,-8.24],[-34.86,-8.06],[-34.82,-7.9],[-34.9,-7.8],[-34.9,-7.72],[-34.8,-7.62],[-34.82,-7.48],[-34.8,-7.16],[-34.86,-7.08],[-34.86,-6.92],[-34.9,-6.88],[-34.96,-6.62],[-34.96,-6.54],[-35.04,-6.24],[-35.1,-6.18],[-35.1,-6],[-35.14,-5.92],[-35.2,-5.68],[-35.26,-5.48],[-35.42,-5.22],[-35.52,-5.14],[-36,-5.04],[-36.14,-5.1],[-36.42,-5.08],[-36.58,-5.1],[-36.8,-5.06],[-36.9,-4.94],[-37.18,-4.92],[-37.32,-4.7],[-37.6,-4.6],[-37.72,-4.52],[-37.76,-4.4],[-37.86,-4.38],[-38.1,-4.16],[-38.26,-3.96],[-38.38,-3.86],[-38.46,-3.72],[-38.66,-3.68],[-38.8,-3.54],[-38.92,-3.5],[-38.98,-3.4],[-39.08,-3.38],[-39.36,-3.18],[-39.48,-3.14],[-39.98,-2.84],[-40.5,-2.78],[-40.58,-2.82],[-41.14,-2.88],[-41.26,-2.88],[-41.34,-2.92],[-41.68,-2.88],[-41.82,-2.74],[-42,-2.72],[-42,-2.82],[-42.22,-2.82],[-42.26,-2.76],[-42.46,-2.76],[-42.64,-2.64],[-42.7,-2.56],[-43.32,-2.34],[-43.46,-2.34],[-43.48,-2.54],[-43.62,-2.5],[-43.74,-2.52],[-44.02,-2.64],[-44.06,-2.78],[-44.26,-2.76],[-44.14,-2.68],[-44.04,-2.52],[-44.08,-2.4],[-44.36,-2.54],[-44.38,-2.66],[-44.44,-2.96],[-44.62,-3.12],[-44.7,-3],[-44.64,-2.76],[-44.48,-2.4],[-44.4,-2.4],[-44.36,-2.32],[-44.4,-2.2],[-44.5,-2.14],[-44.56,-2.22],[-44.66,-2.24],[-44.5,-2],[-44.52,-1.84],[-44.7,-1.82],[-44.72,-1.72],[-44.92,-1.58],[-44.88,-1.5],[-45.1,-1.46],[-45.16,-1.48],[-45.24,-1.58],[-45.22,-1.68],[-45.28,-1.74],[-45.36,-1.68],[-45.34,-1.58],[-45.4,-1.44],[-45.5,-1.48],[-45.52,-1.32],[-45.6,-1.28],[-45.7,-1.16],[-45.8,-1.28],[-45.9,-1.18],[-45.96,-1.22],[-46.06,-1.14],[-46.1,-1.08],[-46.22,-1.14],[-46.22,-1.02],[-46.4,-1.04],[-46.48,-1.02],[-46.62,-0.82],[-46.76,-0.86],[-46.86,-0.76],[-47.08,-0.76],[-47.3,-0.6],[-47.42,-0.66],[-47.58,-0.58],[-47.66,-0.72],[-47.72,-0.64],[-47.94,-0.74],[-48.02,-0.72],[-48.16,-0.78],[-48.14,-0.84],[-48.16,-0.96],[-48.2,-1.04],[-48.3,-1.06],[-48.28,-1.14],[-48.34,-1.32],[-48.48,-1.28],[-48.5,-1.44],[-48.4,-1.46],[-48.44,-1.58],[-48.54,-1.58],[-48.64,-1.38],[-48.82,-1.62],[-48.96,-1.6],[-49,-1.68],[-49.12,-1.76],[-49.14,-1.86],[-49.24,-1.94],[-49.34,-2.2],[-49.42,-2.36],[-49.44,-2.48],[-49.52,-2.62],[-49.56,-2.42],[-49.5,-2.26],[-49.44,-2.18],[-49.38,-1.9],[-49.44,-1.86],[-49.48,-1.76],[-49.68,-1.9],[-49.82,-1.9],[-49.98,-1.82],[-50.28,-1.9],[-50.38,-1.98],[-50.56,-1.9],[-50.66,-1.74],[-50.68,-1.62],[-50.82,-1.44],[-50.82,-1.24],[-50.9,-1.12],[-50.82,-1.04],[-50.84,-0.92],[-50.94,-0.9],[-51.04,-1.04],[-51.16,-1.1],[-51.26,-1.22],[-51.4,-1.26],[-51.44,-1.32],[-51.66,-1.4],[-51.92,-1.58],[-52.12,-1.62],[-52.2,-1.68],[-52.28,-1.52],[-52.42,-1.56],[-52.56,-1.52],[-52.4,-1.42],[-52.2,-1.34],[-52.06,-1.4],[-51.92,-1.32],[-51.92,-1.18],[-51.72,-1.04],[-51.7,-0.74],[-51.44,-0.48],[-51.32,-0.22],[-51.2,-0.04],[-51.06,-0.02],[-50.92,0.16],[-50.8,0.16],[-50.6,0.38],[-50.46,0.64],[-50.34,0.74],[-50.32,0.82],[-49.98,1.08],[-49.9,1.16],[-49.92,1.22],[-49.88,1.36],[-49.92,1.66],[-50,1.76],[-50.18,1.82],[-50.46,1.82],[-50.72,2.24],[-50.74,2.38],[-50.9,2.8],[-50.94,2.82],[-51.04,3.16],[-51.04,3.22],[-51.1,3.38],[-51.08,3.5],[-51.08,3.88],[-51.18,3.8],[-51.18,4.02],[-51.22,4.16],[-51.38,4.36],[-51.52,4.44],[-51.56,4.36],[-51.64,4.06],[-51.68,4.04],[-51.78,3.98],[-51.84,3.86],[-51.98,3.7],[-52.02,3.62],[-52.22,3.26],[-52.36,3.14],[-52.36,3.06],[-52.58,2.64],[-52.56,2.58],[-52.7,2.36],[-52.88,2.26],[-52.96,2.18],[-53.24,2.26],[-53.34,2.34],[-53.54,2.24],[-53.74,2.32],[-53.86,2.3],[-53.94,2.22],[-54.06,2.18],[-54.14,2.12],[-54.48,2.22],[-54.62,2.32],[-54.7,2.32],[-54.7,2.44],[-54.88,2.44],[-55.02,2.6],[-55.12,2.52],[-55.18,2.56],[-55.26,2.5],[-55.36,2.5],[-55.4,2.44],[-55.6,2.44],[-55.72,2.4],[-55.78,2.44],[-55.98,2.52],[-56.02,2.4],[-56.12,2.34],[-56.04,2.16],[-55.92,2.06],[-55.92,1.92],[-56.02,1.84],[-56.36,1.92],[-56.48,1.94],[-56.64,1.94],[-56.8,1.88],[-57.02,1.92],[-57.1,2.02],[-57.24,1.94],[-57.34,1.96],[-57.42,1.9],[-57.56,1.7],[-57.8,1.7],[-57.9,1.64],[-58,1.66],[-58.02,1.52],[-58.14,1.52],[-58.18,1.56],[-58.34,1.6],[-58.42,1.48],[-58.52,1.44],[-58.48,1.34],[-58.52,1.26],[-58.68,1.28],[-58.78,1.2],[-58.9,1.22],[-59.02,1.32],[-59.24,1.38],[-59.58,1.72],[-59.68,1.76],[-59.76,1.92],[-59.74,2.26],[-59.9,2.36],[-59.9,2.46],[-60,2.7],[-59.96,3.06],[-59.82,3.38],[-59.84,3.6],[-59.68,3.7],[-59.52,3.94],[-59.66,4.08],[-59.74,4.2],[-59.68,4.38],[-59.94,4.5],[-60.06,4.5],[-60.08,4.6],[-60.04,4.78],[-59.98,5.08],[-60.1,5.16],[-60.14,5.24],[-60.22,5.26],[-60.34,5.2],[-60.46,5.18],[-60.68,5.22],[-60.74,5.2],[-60.66,5.18],[-60.6,5],[-60.62,4.9],[-60.76,4.76],[-60.9,4.7],[-60.94,4.58],[-61.02,4.52],[-61.16,4.5],[-61.3,4.52],[-61.34,4.42],[-61.46,4.42],[-61.52,4.38],[-61.54,4.26],[-61.72,4.26],[-61.94,4.14],[-62.04,4.16],[-62.2,4.1],[-62.38,4.18],[-62.54,4.12],[-62.56,4.04],[-62.76,4.02],[-62.78,3.9],[-62.74,3.78],[-62.74,3.66],[-62.88,3.56],[-63,3.6],[-63.28,3.92],[-63.42,3.96],[-63.52,3.86],[-63.62,3.94],[-63.88,3.94],[-64,3.88],[-64.06,3.92],[-64.12,4.08],[-64.24,4.14],[-64.36,4.16],[-64.58,4.12],[-64.66,4.22],[-64.74,4.28],[-64.8,4.18],[-64.72,4.14],[-64.66,4],[-64.54,3.86],[-64.32,3.72],[-64.2,3.6],[-64.24,3.42],[-64.22,3.26],[-64.22,3.12],[-64.1,2.94],[-64,2.7],[-64.04,2.48],[-63.84,2.42],[-63.7,2.44],[-63.38,2.42],[-63.38,2.26],[-63.42,2.14],[-63.62,2.1],[-63.76,1.98],[-64,1.96],[-64.06,1.9],[-64.08,1.64],[-64.12,1.58],[-64.3,1.44],[-64.4,1.5],[-64.56,1.42],[-64.6,1.34],[-64.74,1.24],[-64.84,1.28],[-65.02,1.14],[-65.14,1.12],[-65.2,0.92],[-65.32,0.92],[-65.46,0.7],[-65.56,0.66],[-65.58,0.74],[-65.52,0.86],[-65.58,0.98],[-65.74,0.98],[-65.88,0.9],[-65.98,0.8],[-66.16,0.74],[-66.34,0.76],[-66.4,0.8],[-66.88,1.22],[-67.06,1.18],[-67.1,1.26],[-67.08,1.54],[-67.12,1.7],[-67.26,1.94],[-67.34,2.1],[-67.44,2.14],[-67.6,2.06],[-67.8,1.82],[-67.86,1.76],[-68,1.74],[-68.1,1.92],[-68.2,2],[-68.26,1.86],[-68.24,1.78],[-68.16,1.72],[-69.36,1.72],[-69.58,1.78],[-69.74,1.74],[-69.84,1.66],[-69.86,1.06],[-69.76,1.1],[-69.38,1.06],[-69.28,1.04],[-69.2,0.94],[-69.14,0.66],[-69.22,0.62],[-69.36,0.64],[-69.5,0.72],[-69.62,0.66],[-69.7,0.66],[-69.8,0.6],[-70.06,0.58],[-70.08,-0.12],[-69.94,-0.3],[-69.86,-0.34],[-69.74,-0.46],[-69.64,-0.5],[-69.58,-0.64],[-69.62,-0.74],[-69.54,-0.92],[-69.44,-1],[-69.4,-1.18],[-69.56,-2.1],[-69.78,-3.24],[-69.94,-4.2],[-69.96,-4.24],[-69.98,-4.32],[-70.1,-4.26],[-70.24,-4.3],[-70.3,-4.26],[-70.32,-4.18],[-70.42,-4.14],[-70.58,-4.2],[-70.84,-4.18],[-70.84,-4.24],[-70.96,-4.38],[-71.5,-4.44],[-71.66,-4.5],[-71.78,-4.48],[-71.9,-4.52],[-72.08,-4.6],[-72.12,-4.68],[-72.26,-4.76],[-72.4,-4.8],[-72.4,-4.86],[-72.62,-5.02],[-72.92,-5.14],[-72.9,-5.28],[-72.98,-5.46],[-72.96,-5.56],[-73,-5.7],[-73.14,-5.88],[-73.24,-6.08],[-73.18,-6.2],[-73.14,-6.44],[-73.2,-6.54],[-73.38,-6.58],[-73.68,-6.82],[-73.76,-6.9],[-73.82,-7.1],[-73.74,-7.22],[-73.76,-7.34],[-73.98,-7.38],[-73.94,-7.44],[-73.96,-7.58],[-73.84,-7.72],[-73.72,-7.78],[-73.78,-7.96],[-73.66,-8.02],[-73.52,-8.38],[-73.36,-8.48],[-73.36,-8.6],[-73.18,-8.72],[-73.06,-8.9],[-72.98,-8.98],[-72.96,-9.08],[-73.22,-9.4],[-72.82,-9.42],[-72.44,-9.48],[-72.34,-9.54],[-72.26,-9.66],[-72.26,-9.76],[-72.16,-9.88],[-72.2,-10],[-71.4,-10],[-71.2,-9.94],[-71.16,-9.88],[-71.02,-9.82],[-70.88,-9.66],[-70.68,-9.52],[-70.62,-9.56],[-70.54,-9.72],[-70.64,-9.86],[-70.64,-11.02],[-70.54,-10.94],[-70.44,-11.04],[-70.28,-11.06],[-70.2,-11.04],[-69.96,-10.92],[-69.8,-10.92],[-69.72,-10.96],[-69.58,-10.96],[-69.4,-10.94],[-69.08,-10.96],[-68.88,-11.02],[-68.8,-11],[-68.78,-11.12],[-68.62,-11.12],[-68.3,-10.98],[-68.1,-10.7],[-68.04,-10.66],[-67.86,-10.66],[-67.76,-10.72],[-67.58,-10.5],[-67.48,-10.46],[-67.34,-10.32],[-67.2,-10.32],[-67.06,-10.26],[-66.9,-10.1],[-66.64,-9.9],[-66.46,-9.88],[-66.2,-9.8],[-65.88,-9.78],[-65.78,-9.74],[-65.58,-9.84],[-65.46,-9.68],[-65.38,-9.72],[-65.3,-9.82],[-65.34,-9.92],[-65.28,-10.22],[-65.44,-10.46],[-65.44,-10.62],[-65.38,-10.7],[-65.4,-10.8],[-65.32,-10.86],[-65.3,-11],[-65.36,-11.22],[-65.36,-11.4],[-65.3,-11.5],[-65.2,-11.6],[-65.2,-11.74],[-65.06,-11.76],[-65,-12],[-64.8,-12.04],[-64.72,-12.14],[-64.46,-12.26],[-64.48,-12.38],[-64.4,-12.46],[-64.22,-12.48],[-64.14,-12.52],[-64.04,-12.5],[-63.92,-12.54],[-63.8,-12.46],[-63.66,-12.48],[-63.5,-12.56],[-63.4,-12.66],[-63.24,-12.7],[-63.14,-12.64],[-63.08,-12.66],[-62.98,-12.86],[-62.92,-12.86],[-62.8,-12.98],[-62.68,-12.96],[-62.64,-13.04],[-62.5,-13.06],[-62.38,-13.14],[-62.22,-13.12],[-62.12,-13.16],[-62.12,-13.24],[-62,-13.36],[-61.86,-13.46],[-61.84,-13.54],[-61.58,-13.5],[-61.46,-13.54],[-61.34,-13.5],[-60.9,-13.56],[-60.66,-13.72],[-60.46,-13.82],[-60.38,-13.98],[-60.48,-14.12],[-60.46,-14.28],[-60.4,-14.34],[-60.3,-14.64],[-60.28,-15.1],[-60.52,-15.14],[-60.26,-15.46],[-60.24,-15.5],[-60.18,-16.22],[-60.12,-16.28],[-59.1,-16.3],[-58.46,-16.34],[-58.34,-16.28],[-58.36,-16.5],[-58.48,-16.68],[-58.46,-16.88],[-58.38,-17.26],[-58.24,-17.32],[-58.02,-17.5],[-57.86,-17.5],[-57.8,-17.56],[-57.78,-17.7],[-57.72,-17.74],[-57.74,-17.84],[-57.56,-18.18],[-57.56,-18.26],[-57.78,-18.92],[-57.72,-19.04],[-57.78,-19.06],[-58.12,-19.72],[-58.12,-19.76],[-57.86,-19.98],[-58.16,-20.16]]],[[[-43.62,-2.26],[-43.74,-2.34],[-43.64,-2.4],[-43.62,-2.26]]],[[[-49.28,-1.76],[-49.34,-1.72],[-49.46,-1.86],[-49.36,-1.9],[-49.28,-1.76]]],[[[-44.9,-1.28],[-44.98,-1.26],[-45.02,-1.34],[-44.98,-1.4],[-44.9,-1.28]]],[[[-48.34,-1.06],[-48.42,-1.08],[-48.46,-1.16],[-48.38,-1.22],[-48.3,-1.12],[-48.34,-1.06]]],[[[-48.2,-0.82],[-48.32,-0.98],[-48.2,-1.02],[-48.16,-0.86],[-48.2,-0.82]]],[[[-50.82,-0.62],[-50.96,-0.6],[-51.1,-0.74],[-51.1,-0.82],[-50.94,-0.74],[-50.84,-0.72],[-50.82,-0.62]]],[[[-51.18,-0.62],[-51.3,-0.52],[-51.5,-0.6],[-51.68,-0.84],[-51.72,-1.12],[-51.88,-1.24],[-51.96,-1.42],[-51.9,-1.48],[-51.78,-1.44],[-51.44,-1.18],[-51.34,-1],[-51.28,-1.02],[-51.24,-0.84],[-51.16,-0.68],[-51.18,-0.62]]],[[[-51.16,-0.14],[-51.26,-0.22],[-51.38,-0.46],[-51.2,-0.34],[-51.14,-0.26],[-51.16,-0.14]]],[[[-48.46,-0.58],[-48.46,-0.48],[-48.38,-0.38],[-48.42,-0.26],[-48.6,-0.22],[-48.9,-0.22],[-48.92,-0.16],[-49.22,-0.14],[-49.38,-0.18],[-49.42,-0.24],[-49.66,-0.24],[-50.1,-0.14],[-50.36,-0.1],[-50.42,-0.16],[-50.58,-0.2],[-50.7,-0.36],[-50.78,-0.66],[-50.76,-0.8],[-50.8,-0.92],[-50.78,-1.18],[-50.8,-1.42],[-50.74,-1.54],[-50.58,-1.68],[-50.56,-1.8],[-50.4,-1.84],[-50.3,-1.8],[-50.28,-1.74],[-50.16,-1.78],[-50.06,-1.7],[-49.82,-1.82],[-49.56,-1.72],[-49.56,-1.64],[-49.38,-1.64],[-49.22,-1.62],[-49.18,-1.4],[-49.06,-1.54],[-48.92,-1.5],[-48.84,-1.44],[-48.8,-1.28],[-48.84,-1.22],[-48.64,-1.08],[-48.62,-0.94],[-48.54,-0.9],[-48.46,-0.58]]],[[[-50.98,-0.3],[-50.92,-0.34],[-50.62,-0.08],[-50.76,0.04],[-50.94,-0.02],[-51.04,-0.16],[-50.98,-0.3]]],[[[-49.84,-0.1],[-49.68,-0.14],[-49.44,-0.12],[-49.34,0],[-49.42,0.08],[-49.62,0.06],[-49.74,0],[-49.84,-0.1]]],[[[-50.64,0.08],[-50.56,0],[-50.44,-0.02],[-50.44,0.12],[-50.62,0.18],[-50.64,0.08]]],[[[-50.04,0.3],[-50.1,0.22],[-50.36,0.22],[-50.38,0.12],[-50.3,0.02],[-50.2,0.04],[-50.06,0.02],[-50,-0.06],[-49.82,0.02],[-49.7,0.2],[-49.52,0.3],[-49.56,0.38],[-49.66,0.38],[-49.92,0.3],[-50.04,0.3]]],[[[-50.38,0.24],[-50.32,0.28],[-50.36,0.42],[-50.34,0.58],[-50.44,0.54],[-50.4,0.44],[-50.52,0.2],[-50.42,0.16],[-50.38,0.24]]],[[[-50.32,0.42],[-50.28,0.36],[-50.04,0.52],[-50.04,0.6],[-50.24,0.6],[-50.3,0.54],[-50.32,0.42]]],[[[-50.2,0.74],[-50.1,0.76],[-50.02,0.9],[-50.14,0.92],[-50.28,0.8],[-50.2,0.74]]],[[[-50.46,2.12],[-50.52,2],[-50.46,1.88],[-50.38,1.88],[-50.32,1.94],[-50.4,2.12],[-50.46,2.12]]],[[[-48.44,-27.4],[-48.54,-27.48],[-48.5,-27.7],[-48.42,-27.6],[-48.38,-27.46],[-48.44,-27.4]]],[[[-48.54,-26.34],[-48.48,-26.24],[-48.64,-26.24],[-48.7,-26.32],[-48.62,-26.42],[-48.54,-26.34]]],[[[-45.22,-23.9],[-45.22,-23.78],[-45.32,-23.72],[-45.44,-23.88],[-45.38,-23.94],[-45.22,-23.9]]],[[[-44.1,-23.14],[-44.24,-23.06],[-44.24,-23.2],[-44.1,-23.14]]]]},"properties":{"ADMIN":"Brazil","ADM0_A3":"BRA"}},
{"type":"Feature","geometry":{"type":"Polygon","coordinates":[[[-58.2,-32.44],[-58.16,-32.58],[-58.12,-32.82],[-58.04,-32.92],[-58.08,-33.04],[-58.18,-33.12],[-58.36,-33.16],[-58.34,-33.28],[-58.42,-33.38],[-58.44,-33.78],[-58.38,-33.94],[-58.32,-33.98],[-58.2,-34.16],[-58.08,-34.2],[-57.82,-34.48],[-57.62,-34.44],[-57.54,-34.46],[-57.2,-34.44],[-57.12,-34.46],[-56.8,-34.7],[-56.58,-34.76],[-56.44,-34.76],[-56.32,-34.9],[-56.06,-34.9],[-55.8,-34.78],[-55.6,-34.78],[-55.38,-34.8],[-55.26,-34.9],[-55.08,-34.88],[-54.94,-34.96],[-54.3,-34.7],[-54.14,-34.66],[-54.12,-34.62],[-53.98,-34.48],[-53.76,-34.4],[-53.72,-34.2],[-53.54,-34.06],[-53.48,-33.84],[-53.38,-33.74],[-53.54,-33.64],[-53.52,-33.4],[-53.54,-33.18],[-53.52,-33.1],[-53.32,-32.98],[-53.3,-32.88],[-53.12,-32.76],[-53.18,-32.64],[-53.42,-32.56],[-53.56,-32.44],[-53.64,-32.34],[-53.68,-32.22],[-53.78,-32.04],[-54.06,-31.88],[-54.14,-31.9],[-54.46,-31.68],[-54.48,-31.58],[-54.6,-31.48],[-54.82,-31.44],[-54.96,-31.34],[-55.08,-31.32],[-55.26,-31.22],[-55.36,-31.06],[-55.6,-30.84],[-55.82,-31.04],[-56.02,-31.08],[-55.98,-30.86],[-56.24,-30.56],[-56.38,-30.48],[-56.68,-30.22],[-56.84,-30.1],[-57.1,-30.12],[-57.22,-30.28],[-57.54,-30.28],[-57.6,-30.2],[-57.64,-30.2],[-57.66,-30.32],[-57.84,-30.48],[-57.88,-30.58],[-57.82,-30.72],[-57.8,-30.9],[-57.92,-30.94],[-57.86,-31.06],[-57.9,-31.24],[-58,-31.4],[-58.08,-31.48],[-57.98,-31.56],[-57.98,-31.64],[-58.06,-31.82],[-58.16,-31.84],[-58.14,-32.06],[-58.18,-32.16],[-58.1,-32.32],[-58.2,-32.44]]]},"properties":{"ADMIN":"Uruguay","ADM0_A3":"URY"}},
{"type":"Feature","geometry":{"type":"Polygon","coordinates":[[[116.68,49.82],[116.58,49.92],[116.22,50.02],[116.06,50],[115.76,49.88],[115.36,49.9],[115.22,49.98],[115,50.14],[114.76,50.24],[114.48,50.24],[114.28,50.28],[113.98,50.16],[113.84,50.08],[113.58,50.02],[113.22,49.82],[113.04,49.58],[112.74,49.5],[112.44,49.52],[112.04,49.42],[111.66,49.4],[111.5,49.34],[111.34,49.36],[110.96,49.2],[110.74,49.14],[110.6,49.14],[110.38,49.24],[110.18,49.16],[109.82,49.22],[109.72,49.26],[109.52,49.26],[109.28,49.34],[108.94,49.34],[108.54,49.32],[108.34,49.44],[108.26,49.52],[108.04,49.58],[107.96,49.74],[107.94,49.94],[107.72,49.98],[107.22,50],[107.04,50.08],[106.98,50.2],[106.66,50.32],[106.44,50.32],[106.24,50.3],[106.06,50.34],[105.98,50.4],[105.64,50.42],[105.32,50.48],[105.14,50.4],[104.94,50.4],[104.62,50.32],[104.4,50.3],[104.12,50.14],[103.78,50.18],[103.6,50.14],[103.26,50.22],[103.2,50.3],[102.98,50.3],[102.58,50.42],[102.48,50.52],[102.32,50.54],[102.28,50.66],[102.32,50.72],[102.22,50.8],[102.22,50.98],[102.14,51.1],[102.14,51.24],[102.18,51.32],[102.06,51.38],[101.48,51.48],[101.38,51.46],[100.52,51.72],[100,51.74],[99.92,51.74],[99.68,51.88],[99.32,51.94],[99.24,52],[98.86,52.1],[98.72,51.84],[98.62,51.78],[98.34,51.72],[98.22,51.58],[98.22,51.48],[98.06,51.46],[97.92,51.3],[97.92,51.22],[97.8,51],[98,50.84],[97.94,50.78],[98.02,50.64],[98.3,50.52],[98.26,50.28],[98.1,50.06],[97.84,49.94],[97.74,49.96],[97.56,49.92],[97.54,49.82],[97.3,49.72],[97.16,49.76],[96.96,49.88],[96.7,49.92],[96.56,49.86],[96.38,49.88],[96.04,50],[95.86,50.02],[95.48,49.9],[95.36,49.94],[95.08,49.94],[94.92,50.04],[94.62,50.02],[94.34,50.24],[94.32,50.4],[94.24,50.56],[93.54,50.58],[93.42,50.6],[93.1,50.6],[93.02,50.62],[92.96,50.78],[92.76,50.78],[92.64,50.68],[92.3,50.84],[92.24,50.72],[92.16,50.68],[91.9,50.7],[91.74,50.68],[91.42,50.46],[91.26,50.46],[91.02,50.42],[90.68,50.22],[90.48,50.22],[90.22,50.12],[90.06,50.08],[89.96,49.96],[89.62,49.9],[89.68,49.7],[89.44,49.64],[89.26,49.62],[89.16,49.5],[88.88,49.44],[88.38,49.48],[88.2,49.46],[88.12,49.36],[88.14,49.28],[87.96,49.16],[87.82,49.16],[87.82,49.02],[87.76,48.92],[87.8,48.8],[88.04,48.72],[87.94,48.6],[88.24,48.5],[88.56,48.34],[88.58,48.22],[88.8,48.1],[88.94,48.1],[89.04,48],[89.24,47.98],[89.34,48.04],[89.54,48.04],[89.76,47.82],[89.88,47.82],[90.04,47.88],[90.08,47.76],[90.32,47.62],[90.44,47.5],[90.46,47.3],[90.72,47.02],[90.82,46.98],[91,46.74],[91.04,46.56],[90.9,46.3],[91,46.12],[91,46.02],[90.72,45.76],[90.66,45.5],[90.74,45.44],[90.8,45.3],[90.9,45.18],[91.14,45.2],[91.24,45.12],[91.46,45.14],[91.66,45.06],[92,45.08],[92.2,45.02],[92.48,45],[92.76,45.04],[92.94,45],[93.16,45],[93.52,44.96],[93.72,44.88],[93.88,44.72],[93.98,44.66],[94.2,44.66],[94.34,44.52],[94.58,44.44],[94.7,44.34],[95.04,44.26],[95.38,44.28],[95.32,44.14],[95.32,44],[95.52,43.98],[95.58,43.86],[95.7,43.64],[95.84,43.4],[95.9,43.22],[96.3,42.94],[96.36,42.74],[96.48,42.74],[97.2,42.78],[98.66,42.64],[99.48,42.56],[100.02,42.68],[101.22,42.52],[101.42,42.54],[101.64,42.52],[101.74,42.46],[101.88,42.28],[102.04,42.18],[103.08,42],[103.72,41.76],[104.5,41.88],[104.5,41.66],[104.9,41.64],[105.02,41.6],[105.2,41.74],[105.28,41.76],[105.86,42],[106.76,42.28],[108.18,42.46],[108.54,42.44],[108.8,42.4],[109,42.44],[109.26,42.42],[109.48,42.44],[109.66,42.54],[109.92,42.62],[110.08,42.64],[110.4,42.76],[110.6,42.94],[110.68,43.06],[110.94,43.28],[111.1,43.36],[111.6,43.52],[111.76,43.66],[111.94,43.7],[111.94,43.78],[111.84,43.94],[111.64,44.06],[111.52,44.18],[111.4,44.42],[111.54,44.6],[111.56,44.7],[111.74,44.96],[111.84,45.04],[112.02,45.08],[112.44,45.06],[112.62,44.9],[113.1,44.8],[113.64,44.74],[113.88,44.9],[114.06,44.94],[114.16,45.04],[114.42,45.2],[114.54,45.38],[114.74,45.42],[114.94,45.38],[115.34,45.4],[115.64,45.44],[116.02,45.68],[116.16,45.7],[116.26,45.8],[116.22,45.9],[116.36,46.1],[116.6,46.3],[116.8,46.38],[117.3,46.36],[117.36,46.38],[117.4,46.58],[117.58,46.6],[117.7,46.52],[117.88,46.6],[118.24,46.72],[118.72,46.68],[118.82,46.76],[118.96,46.74],[119.06,46.66],[119.32,46.62],[119.46,46.62],[119.68,46.6],[119.9,46.7],[119.9,46.84],[119.78,47],[119.7,47.16],[119.32,47.4],[119.32,47.48],[119.16,47.52],[119.08,47.66],[118.76,47.76],[118.54,47.96],[118.18,48.02],[117.74,47.98],[117.52,47.78],[117.32,47.66],[117.06,47.82],[116.86,47.88],[116.5,47.84],[116.24,47.86],[116.08,47.8],[115.98,47.7],[115.86,47.7],[115.56,47.94],[115.52,48.12],[115.78,48.22],[115.8,48.28],[115.8,48.54],[116.02,48.76],[116.04,48.88],[116.68,49.82]]]},"properties":{"ADMIN":"Mongolia","ADM0_A3":"MNG"}},
{"type":"Feature","geometry":{"type":"MultiPolygon","coordinates":[[[[87.82,49.16],[87.96,49.16],[88.14,49.28],[88.12,49.36],[88.2,49.46],[88.38,49.48],[88.88,49.44],[89.16,49.5],[89.26,49.62],[89.44,49.64],[89.68,49.7],[89.62,49.9],[89.96,49.96],[90.06,50.08],[90.22,50.12],[90.48,50.22],[90.68,50.22],[91.02,50.42],[91.26,50.46],[91.42,50.46],[91.74,50.68],[91.9,50.7],[92.16,50.68],[92.24,50.72],[92.3,50.84],[92.64,50.68],[92.76,50.78],[92.96,50.78],[93.02,50.62],[93.1,50.6],[93.42,50.6],[93.54,50.58],[94.24,50.56],[94.32,50.4],[94.34,50.24],[94.62,50.02],[94.92,50.04],[95.08,49.94],[95.36,49.94],[95.48,49.9],[95.86,50.02],[96.04,50],[96.38,49.88],[96.56,49.86],[96.7,49.92],[96.96,49.88],[97.16,49.76],[97.3,49.72],[97.54,49.82],[97.56,49.92],[97.74,49.96],[97.84,49.94],[98.1,50.06],[98.26,50.28],[98.3,50.52],[98.02,50.64],[97.94,50.78],[98,50.84],[97.8,51],[97.92,51.22],[97.92,51.3],[98.06,51.46],[98.22,51.48],[98.22,51.58],[98.34,51.72],[98.62,51.78],[98.72,51.84],[98.86,52.1],[99.24,52],[99.32,51.94],[99.68,51.88],[99.92,51.74],[100,51.74],[100.52,51.72],[101.38,51.46],[101.48,51.48],[102.06,51.38],[102.18,51.32],[102.14,51.24],[102.14,51.1],[102.22,50.98],[102.22,50.8],[102.32,50.72],[102.28,50.66],[102.32,50.54],[102.48,50.52],[102.58,50.42],[102.98,50.3],[103.2,50.3],[103.26,50.22],[103.6,50.14],[103.78,50.18],[104.12,50.14],[104.4,50.3],[104.62,50.32],[104.94,50.4],[105.14,50.4],[105.32,50.48],[105.64,50.42],[105.98,50.4],[106.06,50.34],[106.24,50.3],[106.44,50.32],[106.66,50.32],[106.98,50.2],[107.04,50.08],[107.22,50],[107.72,49.98],[107.94,49.94],[107.96,49.74],[108.04,49.58],[108.26,49.52],[108.34,49.44],[108.54,49.32],[108.94,49.34],[109.28,49.34],[109.52,49.26],[109.72,49.26],[109.82,49.22],[110.18,49.16],[110.38,49.24],[110.6,49.14],[110.74,49.14],[110.96,49.2],[111.34,49.36],[111.5,49.34],[111.66,49.4],[112.04,49.42],[112.44,49.52],[112.74,49.5],[113.04,49.58],[113.22,49.82],[113.58,50.02],[113.84,50.08],[113.98,50.16],[114.28,50.28],[114.48,50.24],[114.76,50.24],[115,50.14],[115.22,49.98],[115.36,49.9],[115.76,49.88],[116.06,50],[116.22,50.02],[116.58,49.92],[116.68,49.82],[117.06,49.68],[117.26,49.62],[117.48,49.62],[117.76,49.52],[117.9,49.54],[118.16,49.68],[118.64,49.96],[119.1,49.98],[119.32,50.1],[119.36,50.34],[119.24,50.44],[119.3,50.6],[119.5,50.74],[119.52,50.9],[119.74,51.08],[119.76,51.2],[119.92,51.34],[120.1,51.66],[120.16,51.66],[120.5,51.88],[120.64,51.92],[120.78,52.12],[120.76,52.24],[120.62,52.34],[120.72,52.54],[120.42,52.64],[120.18,52.58],[120.06,52.6],[120.04,52.76],[120.28,52.86],[120.46,53],[120.88,53.28],[121.2,53.28],[121.52,53.32],[121.88,53.44],[122.08,53.42],[122.34,53.5],[122.48,53.46],[122.86,53.48],[123.16,53.52],[123.26,53.56],[123.48,53.52],[123.64,53.56],[123.98,53.46],[124.12,53.36],[124.24,53.38],[124.4,53.24],[124.68,53.2],[124.72,53.14],[125.12,53.2],[125.52,53.04],[125.62,53.06],[125.84,52.9],[126.04,52.72],[125.98,52.64],[126.22,52.54],[126.42,52.28],[126.32,52.2],[126.54,52.16],[126.44,51.98],[126.8,51.54],[126.8,51.42],[126.96,51.32],[126.9,51.16],[126.94,51.06],[127.14,50.9],[127.28,50.76],[127.36,50.56],[127.28,50.46],[127.34,50.32],[127.58,50.22],[127.48,50.02],[127.5,49.82],[127.64,49.76],[127.72,49.64],[127.84,49.6],[128,49.6],[128.1,49.54],[128.66,49.6],[128.8,49.58],[128.88,49.48],[129.06,49.38],[129.2,49.38],[129.36,49.34],[129.5,49.42],[129.58,49.28],[129.72,49.28],[129.76,49.18],[129.92,49.04],[130.24,48.86],[130.38,48.9],[130.68,48.88],[130.54,48.64],[130.72,48.5],[130.82,48.28],[130.66,48.12],[130.68,48.06],[130.9,47.88],[130.94,47.72],[131.02,47.68],[131.42,47.74],[131.58,47.66],[131.7,47.7],[131.9,47.68],[132.16,47.7],[132.34,47.74],[132.52,47.7],[132.66,47.86],[132.68,47.96],[132.82,47.94],[133.1,48.1],[133.18,48.12],[133.46,48.08],[133.56,48.12],[133.72,48.24],[133.98,48.28],[134.06,48.32],[134.38,48.38],[134.54,48.36],[134.7,48.26],[134.68,48.14],[134.56,48.04],[134.78,47.72],[134.68,47.58],[134.48,47.44],[134.3,47.4],[134.16,47.26],[134.22,47.12],[134.12,47.08],[134.02,46.84],[133.98,46.62],[133.84,46.48],[133.92,46.42],[133.9,46.26],[133.68,46.14],[133.72,46.08],[133.66,45.94],[133.52,45.88],[133.48,45.68],[133.42,45.58],[133.2,45.52],[133.14,45.44],[133.1,45.24],[133.12,45.12],[132.96,45.02],[132.84,45.06],[131.96,45.24],[131.82,45.34],[131.72,45.22],[131.62,45.2],[131.6,45.08],[131.42,44.96],[131.32,44.96],[131.16,44.9],[131.06,44.9],[130.94,44.84],[131.06,44.68],[131.26,44.06],[131.18,43.78],[131.2,43.58],[131.28,43.38],[131.08,43.04],[131.1,42.92],[131,42.84],[130.76,42.86],[130.4,42.74],[130.58,42.56],[130.54,42.54],[130.7,42.3],[130.78,42.46],[130.86,42.52],[130.66,42.66],[131.12,42.64],[131.28,42.78],[131.48,42.88],[131.52,43],[131.76,43.22],[131.76,43.3],[132,43.28],[131.84,43.1],[131.96,43.08],[132.1,43.18],[132.36,43.28],[132.28,42.88],[132.4,42.94],[132.58,42.84],[132.78,42.88],[132.82,42.76],[133,42.8],[133.16,42.68],[133.3,42.76],[133.44,42.78],[133.6,42.84],[133.92,42.88],[134.2,43.08],[134.58,43.22],[134.98,43.46],[135.14,43.5],[135.22,43.68],[135.36,43.72],[135.48,43.84],[135.54,44],[135.62,44.04],[135.66,44.16],[135.78,44.26],[135.88,44.4],[136.12,44.48],[136.36,44.8],[136.56,44.9],[136.66,45.04],[136.76,45.08],[136.82,45.2],[137.14,45.38],[137.4,45.62],[137.68,45.8],[137.78,45.94],[138.1,46.22],[138.2,46.46],[138.34,46.54],[138.34,46.66],[138.48,46.86],[138.54,46.98],[138.9,47.3],[138.96,47.32],[139.06,47.48],[139.2,47.66],[139.26,47.78],[139.4,47.9],[139.68,48.1],[139.74,48.16],[140.04,48.34],[140.16,48.44],[140.18,48.66],[140.3,48.98],[140.38,49.14],[140.34,49.22],[140.44,49.3],[140.46,49.42],[140.56,49.58],[140.54,49.76],[140.42,49.86],[140.5,49.98],[140.66,50.06],[140.52,50.16],[140.54,50.34],[140.44,50.54],[140.54,50.88],[140.66,50.94],[140.7,51.08],[140.66,51.14],[140.7,51.34],[140.82,51.34],[140.9,51.42],[140.9,51.62],[141.1,51.68],[141.2,51.82],[141.42,51.94],[141.3,52.04],[141.4,52.14],[141.52,52.18],[141.16,52.36],[141.12,52.44],[141.28,52.58],[141.26,52.84],[140.96,52.94],[140.94,53.04],[141.18,52.98],[141.44,53.14],[141.38,53.3],[141.26,53.32],[141.04,53.4],[140.94,53.48],[140.54,53.68],[140.26,53.9],[140.34,53.98],[140.24,54.06],[140,54.12],[139.82,54.22],[139.8,54.3],[139.38,54.2],[139.16,54.2],[138.74,54.32],[138.76,53.98],[138.68,53.88],[138.66,53.74],[138.5,53.54],[138.24,53.54],[138.38,53.68],[138.54,53.78],[138.58,53.88],[138.56,53.98],[138.4,53.92],[138.3,53.76],[137.92,53.58],[137.34,53.52],[137.32,53.66],[137.48,53.66],[137.6,53.82],[137.78,53.94],[137.54,53.98],[137.48,54.12],[137.68,54.28],[137.46,54.32],[137.3,54.28],[137.06,54.14],[137.16,54.04],[137.3,54.04],[137.18,53.86],[136.96,53.86],[136.78,53.78],[136.68,53.8],[136.68,54.02],[136.78,54.06],[136.82,54.32],[136.74,54.42],[136.88,54.6],[136.76,54.64],[136.54,54.6],[136.24,54.62],[135.76,54.58],[135.66,54.66],[135.26,54.72],[135.18,54.82],[135.22,54.9],[135.54,55.08],[135.86,55.18],[136.22,55.36],[136.32,55.48],[136.56,55.62],[136.78,55.66],[137.58,56.12],[137.7,56.12],[137.84,56.22],[137.92,56.36],[138.22,56.42],[138.12,56.52],[138.26,56.62],[138.66,56.98],[138.92,57.06],[138.94,57.14],[139.2,57.28],[139.42,57.3],[139.56,57.44],[139.78,57.48],[139.98,57.68],[140.5,57.84],[140.66,58.2],[140.9,58.38],[141.18,58.46],[141.58,58.62],[141.78,58.76],[141.94,58.94],[142.26,59.12],[142.58,59.22],[143.16,59.36],[143.5,59.32],[143.84,59.4],[144.46,59.38],[145,59.36],[145.68,59.42],[145.98,59.4],[145.84,59.3],[146.06,59.14],[146.32,59.28],[146.32,59.4],[146.44,59.46],[146.72,59.38],[147.28,59.34],[147.54,59.24],[147.6,59.3],[147.92,59.4],[148.22,59.4],[148.4,59.38],[148.44,59.26],[148.78,59.24],[149,59.36],[148.96,59.46],[149.14,59.64],[149.38,59.72],[149.6,59.76],[150.46,59.62],[150.52,59.56],[150.84,59.44],[150.94,59.56],[151.32,59.56],[151.64,59.48],[151.76,59.3],[151.96,59.26],[152.14,59.3],[152.32,59.22],[152.1,59.16],[151.76,59.14],[151.44,59.18],[151.22,59.1],[151.08,59.1],[151.36,58.86],[151.72,58.84],[152.02,58.88],[152.16,58.98],[152.4,59.02],[152.56,58.94],[152.92,58.92],[152.94,59],[153.1,59.08],[153.34,59.08],[153.36,59.24],[153.8,59.18],[154.04,59.06],[154.36,59.12],[154.5,59.22],[154.68,59.14],[154.82,59.2],[155.2,59.18],[155.2,59.34],[154.96,59.5],[154.78,59.48],[154.64,59.54],[154.42,59.54],[154.26,59.44],[154.08,59.5],[154.28,59.66],[154.22,59.86],[154.48,59.9],[154.4,60.06],[154.56,60.1],[154.96,60.36],[155.14,60.42],[155.34,60.52],[155.48,60.54],[155.58,60.62],[155.92,60.76],[156,60.94],[156.38,61.14],[156.54,61.2],[156.64,61.32],[156.68,61.52],[156.92,61.56],[157.02,61.66],[157.36,61.72],[157.46,61.78],[157.8,61.78],[158.08,61.74],[158.26,61.82],[158.86,61.82],[158.92,61.9],[159.36,61.9],[159.52,61.8],[159.58,61.66],[159.96,61.76],[160.04,61.84],[160.3,61.94],[160.42,61.76],[160.26,61.62],[160.28,61.56],[160.12,61.5],[159.96,61.38],[159.9,61.26],[160,61.1],[159.86,60.98],[159.96,60.94],[160.2,61.04],[160.42,60.98],[160.18,60.82],[160.38,60.7],[160.82,60.76],[160.92,60.9],[161.18,61],[161.46,61.14],[161.6,61.26],[161.98,61.38],[162.32,61.6],[162.42,61.68],[162.94,61.68],[162.9,61.58],[163.32,61.66],[163.34,61.7],[162.98,61.8],[163.14,62.04],[163.1,62.22],[163.24,62.32],[163.26,62.52],[164.06,62.66],[164.38,62.7],[164.6,62.68],[164.76,62.56],[165.18,62.46],[164.98,62.4],[164.74,62.46],[164.54,62.46],[164.42,62.36],[164.12,62.26],[164.08,62.1],[164.1,61.92],[164.04,61.68],[163.86,61.64],[163.76,61.48],[163.96,61.44],[164.02,61.34],[163.94,61.24],[163.76,61.18],[163.48,61],[163.78,60.92],[163.34,60.8],[162.88,60.76],[162.76,60.64],[162.5,60.62],[162.2,60.54],[161.94,60.42],[161.9,60.2],[161.54,60.06],[161.28,59.88],[160.8,59.6],[160.5,59.56],[160.32,59.34],[159.86,59.14],[159.72,59.02],[159.76,58.92],[159.5,58.72],[159.4,58.68],[159.02,58.42],[158.66,58.26],[158.16,58.02],[157.94,57.98],[157.72,58.02],[157.58,57.96],[157.46,57.8],[157.24,57.78],[156.98,57.86],[156.8,57.78],[156.94,57.66],[157,57.42],[156.84,57.22],[156.66,57.08],[156.38,56.92],[156.12,56.84],[155.92,56.58],[155.76,56.1],[155.68,56.04],[155.56,55.28],[155.62,54.9],[155.72,54.42],[155.94,53.86],[156.04,53.38],[156.12,52.94],[156.26,52.6],[156.44,52.52],[156.38,52.4],[156.44,52.22],[156.5,51.78],[156.48,51.52],[156.54,51.28],[156.72,51.2],[156.76,51.08],[156.72,50.88],[157.04,51.12],[157.44,51.34],[157.54,51.48],[157.76,51.54],[157.94,51.68],[158.02,51.78],[158.28,51.96],[158.28,52.04],[158.54,52.3],[158.52,52.74],[158.62,52.86],[158.62,52.92],[158.42,53],[158.56,53.08],[158.68,53],[158.7,52.9],[159,53.08],[159.48,53.22],[159.64,53.26],[160.02,53.12],[160.02,53.26],[159.92,53.28],[159.96,53.58],[159.84,53.8],[159.9,53.98],[160.06,54.18],[160.22,54.24],[160.42,54.38],[160.74,54.54],[161.06,54.6],[161.2,54.58],[161.32,54.5],[161.76,54.52],[162.14,54.78],[162.16,54.84],[161.82,55.18],[161.74,55.38],[161.78,55.6],[162.02,55.94],[162.04,56.04],[162.14,56.12],[162.48,56.22],[162.6,56.26],[162.4,56.36],[162.5,56.44],[162.74,56.48],[162.9,56.42],[162.98,56.54],[163.12,56.5],[162.94,56.38],[162.76,56.34],[162.64,56.22],[162.82,56.06],[163.06,56],[163.12,56.1],[163.36,56.18],[163.34,56.36],[163.24,56.6],[163.28,56.68],[163.06,56.74],[162.96,56.7],[162.78,56.76],[162.78,56.92],[162.86,57.06],[162.78,57.14],[162.84,57.38],[163.08,57.46],[163.32,57.7],[163.22,57.82],[163,57.84],[162.72,57.96],[162.52,57.94],[162.46,57.78],[162.22,57.82],[162.02,57.92],[162,58.08],[162.16,58.4],[162.4,58.66],[162.74,58.82],[162.82,58.88],[163.06,58.96],[162.88,59.12],[163.02,59.16],[163.08,59.28],[163.32,59.28],[163.3,59.44],[163.16,59.52],[163.4,59.64],[163.38,59.82],[163.5,59.9],[163.7,59.9],[163.66,60.06],[164.02,60.04],[164.16,59.96],[164.34,60],[164.32,60.08],[164.48,60.12],[164.72,59.96],[164.8,59.78],[165.02,59.84],[165.2,60],[165.12,60.08],[165.72,60.26],[166.06,60.46],[166.24,60.38],[166.28,60.22],[166.18,60.12],[166.1,59.82],[166.28,59.84],[167.04,60.32],[168.1,60.58],[168.48,60.6],[168.62,60.56],[169.16,60.56],[169.36,60.54],[169.7,60.4],[169.74,60.28],[169.96,60.06],[170.12,60.02],[170.26,59.92],[170.4,59.96],[170.5,60.28],[170.66,60.34],[170.58,60.44],[170.82,60.52],[171.18,60.56],[171.38,60.64],[171.4,60.76],[171.6,60.74],[171.66,60.82],[172,60.86],[172.24,61.02],[172.48,61.06],[172.38,61.22],[172.64,61.2],[172.94,61.36],[173.12,61.4],[173.3,61.52],[173.5,61.58],[173.54,61.74],[173.8,61.7],[174,61.72],[174.14,61.84],[174.48,61.82],[174.7,61.86],[174.82,61.94],[175.18,62.02],[175.64,62.2],[176.28,62.32],[176.6,62.48],[177.02,62.56],[176.94,62.7],[177.04,62.76],[177.34,62.68],[177.3,62.58],[178.06,62.54],[178.48,62.44],[179.16,62.34],[179.14,62.5],[179.38,62.52],[179.44,62.62],[179.6,62.7],[179.54,62.84],[179.34,62.9],[179.24,62.98],[179.42,63.12],[179.34,63.2],[178.6,63.42],[178.72,63.48],[178.62,63.6],[178.76,63.64],[178.7,63.92],[178.46,64],[178.4,64.24],[178.28,64.36],[178,64.22],[177.66,64.3],[177.46,64.42],[177.36,64.56],[177.5,64.76],[177.34,64.78],[176.98,64.72],[176.72,64.58],[176.58,64.68],[176.32,64.76],[176.22,64.88],[176.84,64.86],[177.02,64.78],[177.3,64.84],[177.74,64.7],[178.28,64.66],[178.56,64.68],[178.76,64.64],[179.26,64.82],[179.48,64.82],[179.78,65.02],[180,65.06],[180,65.56],[180,66.06],[180,66.56],[180,67.06],[180,67.56],[180,68.06],[180,68.56],[180,68.98],[179.36,69.22],[179.06,69.3],[178.74,69.28],[178.78,69.42],[178.36,69.48],[178.22,69.44],[177.36,69.62],[176.74,69.68],[176.5,69.76],[175.92,69.78],[175.5,69.88],[175.08,69.84],[174.08,69.88],[173.92,69.84],[173.46,69.94],[173.36,69.78],[172.86,69.9],[172.8,69.96],[172,70],[171.32,70.08],[170.62,70.12],[170.52,69.94],[170.6,69.76],[170.24,69.68],[170.28,69.58],[170.58,69.6],[170.74,69.4],[170.92,69.3],[170.9,69.18],[171.02,69.06],[170.36,68.82],[169.62,68.78],[169.46,68.84],[169.42,69.02],[168.86,69.18],[168.28,69.24],[168.2,69.38],[168.24,69.56],[167.92,69.66],[167.94,69.72],[167.68,69.78],[166.94,69.5],[166.62,69.54],[166.08,69.52],[165.68,69.6],[164.84,69.56],[164.44,69.62],[164.02,69.78],[163.78,69.7],[163.16,69.72],[162.76,69.66],[162.62,69.68],[162.2,69.66],[162.02,69.56],[161.7,69.5],[161.6,69.42],[161.44,69.38],[161.4,69.22],[161.56,69.02],[161.4,68.94],[161.28,69.04],[160.96,69.1],[161.02,69.28],[160.92,69.46],[161,69.58],[160.92,69.64],[160.38,69.68],[159.8,69.8],[159.68,69.9],[160.1,70.26],[160.02,70.42],[159.68,70.68],[159.24,70.82],[158.52,70.96],[157.98,71.04],[157.58,71.08],[155.94,71.1],[154.24,70.96],[153.94,70.9],[153,70.84],[152.62,70.84],[152.22,70.88],[151.96,70.94],[152.1,71.06],[151.5,71.34],[150.86,71.38],[150.68,71.46],[149.96,71.54],[149.78,71.64],[149.18,71.68],[149.04,71.76],[149.4,71.9],[149.7,71.78],[150.02,71.84],[150.06,71.92],[149.62,72.14],[148.96,72.26],[148.4,72.32],[147.74,72.34],[147.2,72.32],[146.16,71.82],[145.34,71.66],[144.9,71.7],[145.22,71.84],[145.74,71.9],[145.8,72.02],[145.62,72.08],[145.84,72.16],[146.32,72.14],[146,72.02],[146.24,71.98],[146.5,72.06],[146.92,72.32],[145.06,72.26],[144.42,72.18],[144.7,72.38],[144.94,72.44],[145.34,72.36],[145.68,72.36],[146.8,72.34],[146.12,72.46],[145.72,72.5],[145.4,72.56],[143.7,72.66],[142.54,72.72],[142.24,72.7],[141.56,72.78],[141.38,72.84],[140.72,72.9],[140.66,72.8],[141.02,72.7],[140.88,72.54],[140.58,72.5],[140.08,72.48],[139.54,72.5],[139.14,72.3],[139.2,72.16],[139.56,72.24],[139.88,72.18],[139.58,71.94],[139.72,71.88],[139.74,71.68],[140,71.52],[139.72,71.46],[139.44,71.5],[139.2,71.42],[139.04,71.56],[138.76,71.64],[138.04,71.56],[137.82,71.4],[138,71.34],[137.76,71.16],[137.44,71.28],[137.36,71.38],[136.88,71.46],[136.78,71.52],[135.98,71.64],[135.04,71.54],[134.78,71.42],[134.16,71.38],[133.66,71.44],[133.16,71.58],[132.82,71.84],[132.54,71.88],[132.26,71.68],[131.94,71.3],[131.54,70.88],[131.22,70.76],[130.88,70.78],[130.3,70.94],[130.16,71.06],[129.76,71.14],[129.66,71.26],[129.4,71.34],[129.24,71.54],[128.88,71.6],[128.92,71.74],[128.66,71.86],[128.62,71.96],[128.2,72.22],[129.14,72.1],[129.52,72.24],[129.48,72.36],[129.12,72.48],[128.62,72.48],[128.18,72.56],[127.96,72.66],[128.66,72.7],[129.2,72.66],[129.3,72.72],[128.36,72.8],[128.22,72.82],[128.3,72.9],[128.92,72.98],[129.36,72.94],[129.44,73.02],[129.06,73.12],[128.9,73.22],[128.44,73.24],[127.98,73.48],[126.9,73.54],[126.9,73.46],[126.38,73.42],[126.22,73.56],[125.66,73.52],[125.22,73.64],[124.72,73.7],[124.34,73.8],[124.22,73.72],[123.9,73.7],[123.24,73.54],[123.34,73.36],[123.56,73.22],[123.38,73.16],[123.34,72.98],[123.14,72.92],[122.62,73.04],[122.04,72.9],[121.96,72.96],[121.38,72.98],[121.06,72.94],[120.66,72.98],[119.78,73.02],[118.92,73.12],[118.46,73.2],[118.36,73.28],[118.48,73.48],[118.7,73.44],[119,73.5],[118.46,73.58],[117.44,73.58],[116.6,73.68],[115.42,73.72],[114.68,73.6],[114.1,73.6],[113.92,73.54],[113.5,73.52],[113.5,73.34],[113.14,73.44],[113.4,73.68],[113.12,73.9],[112.82,73.74],[112.38,73.7],[111.8,73.74],[111.44,73.82],[111.2,73.98],[111,73.92],[110.58,74],[110.02,74.02],[109.84,73.9],[109.54,73.78],[109.8,73.7],[110.28,73.7],[110.66,73.78],[110.9,73.68],[109.72,73.46],[109.22,73.38],[108.4,73.32],[107.72,73.16],[107.04,73.18],[106.78,73.14],[106.36,73.2],[106.18,73.1],[106.26,72.96],[105.48,72.76],[105.3,72.8],[105.66,72.92],[106.24,73.32],[106.64,73.3],[107.14,73.54],[107.14,73.62],[107.78,73.62],[108.1,73.66],[108.5,73.78],[108.62,73.88],[109,74.02],[109.48,74.08],[109.9,74.2],[110,74.38],[110.22,74.38],[110.5,74.48],[110.96,74.54],[111.46,74.7],[111.74,74.66],[112.14,74.88],[112.88,75],[113.6,75.28],[113.7,75.46],[113.34,75.54],[113.2,75.66],[112.88,75.64],[112.82,75.74],[113.62,75.66],[113.9,75.86],[113.52,75.94],[113.46,76.14],[113.26,76.26],[112.74,76.26],[112.68,76.36],[112.2,76.48],[111.56,76.68],[110.36,76.76],[110.06,76.7],[109.34,76.76],[108.68,76.72],[107.94,76.74],[107.98,76.62],[107.6,76.5],[107.04,76.5],[106.62,76.56],[107.08,76.8],[107.46,76.9],[107.26,77],[106.82,77.06],[106.5,77.02],[105.8,77.12],[104.88,77.1],[104.88,77.16],[105.46,77.24],[105.98,77.44],[105.88,77.56],[105.34,77.54],[104.98,77.58],[104.68,77.7],[104.02,77.74],[103.6,77.64],[103.2,77.66],[102.88,77.54],[102.16,77.4],[101.2,77.1],[101.2,76.98],[100.92,76.98],[100.86,76.84],[101.24,76.76],[101.04,76.52],[99.5,76.46],[98.88,76.52],[99.06,76.36],[99.56,76.28],[99.88,76.1],[99.26,76.12],[99.18,76.22],[98.58,76.24],[97.8,76.1],[97.84,76],[97.2,76],[96.84,75.92],[96.48,76.02],[96.08,75.96],[96.12,76.12],[95.38,76.16],[94.74,76.12],[93.68,76.14],[93.78,76.04],[93.22,76.04],[93,75.94],[93.52,75.94],[93.54,75.86],[92,75.72],[91.3,75.62],[90.86,75.66],[90.6,75.62],[89.96,75.58],[89.72,75.46],[89.14,75.46],[88.62,75.34],[88.32,75.18],[87.92,75.1],[87.02,75.16],[86.9,75.08],[87.36,75.04],[87.38,74.94],[87.1,74.86],[87.08,74.78],[86.64,74.7],[85.94,74.72],[85.74,74.64],[86.2,74.62],[86.5,74.56],[86.48,74.46],[86.02,74.26],[86.5,74.26],[86.8,74.18],[87.24,73.86],[87.44,73.82],[87.16,73.62],[86.2,73.56],[86.52,73.68],[87.02,73.78],[87.08,73.88],[86.78,73.9],[86.02,73.86],[85.6,73.82],[85.42,73.72],[85,73.72],[84.8,73.76],[84.36,73.72],[83.72,73.7],[83.48,73.66],[81.96,73.66],[81.52,73.64],[80.84,73.58],[80.58,73.58],[80.62,73.44],[80.28,73.3],[80.52,73.28],[80.5,73.08],[80.76,73.04],[80.84,72.92],[80.64,72.74],[80.7,72.54],[81.2,72.36],[81.58,72.36],[82.2,72.28],[82.3,72.14],[82.18,72.1],[82.78,71.9],[83.36,71.84],[83.62,71.62],[83.54,71.5],[83.14,71.24],[83.38,71.04],[83.78,70.48],[83.48,70.34],[82.96,70.32],[83.18,70.14],[82.88,70.08],[82.68,70.16],[82.66,70.26],[83.02,70.42],[83,70.58],[83.14,70.76],[83.14,70.88],[82.68,70.96],[82.4,70.8],[82.2,71.02],[82.36,71.1],[82.3,71.28],[82.82,71.4],[83.32,71.68],[82.86,71.78],[82.2,71.7],[81.74,71.7],[81.34,71.76],[81.24,71.86],[80.64,72.04],[80.84,72.08],[80.02,72.2],[79.4,72.38],[79.02,72.38],[78.5,72.4],[78.08,72.36],[77.74,72.22],[77.5,72.18],[77.56,72.08],[77.94,72.12],[78.2,72],[78.1,71.88],[77.58,71.84],[76.94,72.04],[76.36,72],[76.02,71.92],[76.32,71.56],[76.72,71.46],[77.08,71.42],[77.24,71.36],[77.68,71.28],[77.88,71.34],[78.28,71.26],[78.24,71.1],[78.5,71.12],[78.62,70.96],[78.46,70.9],[78,70.96],[77.78,71.14],[76.02,71.24],[75.34,71.34],[75.22,71.4],[75.54,71.54],[75.5,71.66],[75.26,71.74],[75.28,71.96],[75.44,72],[75.52,72.16],[75.72,72.24],[75.58,72.46],[75.7,72.54],[75.44,72.7],[75.32,72.82],[74.98,72.88],[74.74,72.8],[75,72.68],[75.12,72.34],[75.08,72.22],[74.92,72.1],[74.34,71.96],[73.94,71.92],[73.52,71.82],[73.48,71.66],[73.04,71.44],[73.56,71.26],[73.96,70.84],[74.32,70.66],[74.32,70.52],[74,70.3],[73.74,70.18],[73.76,70.1],[73.66,69.86],[73.52,69.74],[73.9,69.42],[73.76,69.18],[73.96,69.08],[74.24,69.14],[74.72,69.08],[75.1,69.14],[75.5,69.26],[76.04,69.24],[76.42,69.14],[76.76,69.12],[76.92,69],[77.24,68.98],[77.68,68.88],[77.72,68.62],[77.96,68.5],[78.1,68.36],[78.1,68.24],[77.76,68.22],[77.54,68.12],[77.46,68],[77.46,67.78],[77.62,67.74],[77.92,67.72],[78.12,67.66],[78.48,67.66],[78.52,67.56],[78.24,67.58],[78.04,67.54],[77.68,67.62],[77.12,67.76],[77.3,67.92],[77.2,67.98],[77.22,68.12],[77.36,68.24],[77.16,68.28],[77.3,68.38],[77.32,68.54],[76.66,68.76],[76.6,68.96],[76.38,69],[75.82,68.94],[75.62,68.9],[75.2,68.88],[74.62,68.78],[74.46,68.7],[74.46,68.54],[74.34,68.38],[74.7,68.18],[74.82,67.94],[74.74,67.68],[74.1,67.44],[73.9,67.3],[73.96,67.24],[73.88,67],[73.66,66.94],[73.5,66.82],[73,66.74],[72.94,66.66],[72.5,66.62],[72.36,66.48],[72.34,66.3],[72,66.24],[71.68,66.32],[71.14,66.36],[70.36,66.34],[69.9,66.42],[69.72,66.48],[69.38,66.52],[69.12,66.62],[69.14,66.84],[69.6,66.78],[69.94,66.86],[70.18,66.7],[70.32,66.68],[70.58,66.76],[70.68,66.72],[70.3,66.64],[70.42,66.56],[70.68,66.52],[70.98,66.54],[71.08,66.64],[71.58,66.66],[71.5,66.92],[71.72,66.92],[72.24,67.16],[72.06,67.3],[72.4,67.32],[72.4,67.48],[72.62,67.62],[72.8,67.62],[73.02,67.72],[73.2,67.86],[73.2,67.98],[73.08,68.12],[73.1,68.22],[73.64,68.5],[73.54,68.58],[73.08,68.74],[72.86,68.8],[72.58,68.94],[72.48,69.2],[72.64,69.3],[72.62,69.52],[72.5,69.64],[72.7,69.84],[72.5,70.04],[72.62,70.16],[72.46,70.3],[72.78,70.42],[72.68,70.64],[72.82,70.88],[72.64,71.02],[72.68,71.1],[72.1,71.3],[71.84,71.44],[71.84,71.54],[72.2,71.62],[72.36,71.74],[72.36,71.86],[72.52,71.92],[72.6,72.06],[72.86,72.28],[72.74,72.62],[72.8,72.66],[72.5,72.78],[71.56,72.92],[70.66,72.88],[70.18,72.9],[69.28,72.84],[68.98,72.7],[68.86,72.54],[68.64,72.04],[68.48,71.84],[67.94,71.52],[67.3,71.36],[66.92,71.3],[66.64,71.08],[66.82,71],[66.6,70.88],[66.68,70.76],[67.14,70.84],[67.32,70.78],[67.22,70.54],[67.28,70.48],[67.1,70.22],[67.32,70.1],[67.26,70.02],[66.88,70],[66.78,69.74],[66.86,69.64],[67.1,69.7],[67.62,69.6],[67.96,69.5],[68.1,69.4],[68.02,69.34],[68.12,69.22],[68.48,68.98],[69.1,68.88],[68.92,68.64],[68.58,68.38],[68.6,68.32],[68.38,68.22],[68.14,68.42],[67.9,68.48],[67.06,68.78],[67,68.88],[66.68,68.9],[66.12,69.04],[65.86,69.06],[65.82,69.14],[65.42,69.18],[64.86,69.3],[64.54,69.46],[64.12,69.56],[63.42,69.68],[62.64,69.74],[62.16,69.74],[61.4,69.8],[60.92,69.86],[60.78,69.84],[60.66,69.68],[60.24,69.66],[60.14,69.58],[60.52,69.34],[60.58,69.14],[60.84,69.16],[60.94,68.96],[60.7,68.82],[60.46,68.72],[59.78,68.66],[59.96,68.46],[59.68,68.34],[59.1,68.4],[59.06,68.62],[59.42,68.76],[58.88,69],[57.98,68.86],[57.92,68.76],[57.6,68.74],[57.32,68.56],[56.84,68.58],[56.62,68.64],[56.2,68.62],[55.96,68.66],[55.78,68.6],[55.4,68.56],[54.94,68.4],[54.86,68.18],[54.66,68.2],[54.46,68.3],[54.24,68.22],[53.8,68.26],[53.24,68.26],[53.32,68.34],[53.62,68.34],[53.94,68.4],[53.92,68.48],[53.72,68.66],[53.96,68.88],[54.36,68.96],[54.1,69],[53.44,68.92],[52.8,68.76],[52.5,68.62],[52.74,68.48],[52.4,68.34],[52.16,68.4],[52.34,68.5],[52.06,68.54],[51.56,68.48],[51.34,68.4],[50.96,68.34],[50.8,68.38],[50.44,68.22],[49.66,67.98],[49.14,67.86],[48.84,67.86],[48.8,67.78],[48.92,67.68],[48.26,67.68],[48,67.66],[47.82,67.56],[47.94,67.44],[47.78,67.34],[47.7,67.2],[47.72,67],[47.6,66.92],[47.4,66.92],[46.92,66.84],[46.58,66.82],[46.48,66.88],[46.04,66.84],[45.86,66.88],[45.6,67.16],[45.3,67.22],[44.96,67.32],[44.92,67.44],[45.02,67.54],[45.32,67.6],[45.36,67.74],[46,67.76],[46.72,67.84],[46.54,68.04],[46.54,68.14],[46.02,68.32],[45.94,68.44],[45.3,68.54],[43.98,68.56],[43.48,68.66],[43.32,68.62],[44.16,68.34],[44.24,68.26],[44.08,67.84],[44.14,67.8],[44,67.58],[43.8,67.34],[43.76,67.22],[44.2,67.12],[44.5,66.92],[44.36,66.78],[44.48,66.68],[44.38,66.52],[44.12,66.32],[44.04,66.08],[43.66,66.28],[43.4,66.34],[43.26,66.44],[42.74,66.4],[42.64,66.46],[42.2,66.54],[41.86,66.3],[41.34,66.06],[40.8,66],[40.28,65.72],[39.82,65.6],[39.72,65.4],[40.12,65.08],[40.38,64.92],[40.42,64.76],[40.52,64.58],[40.18,64.56],[40.06,64.62],[39.56,64.54],[39.3,64.64],[38.92,64.74],[38.52,64.78],[38.36,64.86],[38.04,64.86],[37.8,64.92],[37.7,65.02],[37,65.18],[36.9,65.16],[36.8,64.96],[36.56,64.9],[36.56,64.72],[36.74,64.68],[37.12,64.4],[37.34,64.34],[37.68,64.44],[38,64.32],[37.92,64.22],[38.08,64.06],[38,63.96],[37.62,63.88],[37.6,63.82],[37.3,63.82],[37.16,63.9],[36.7,63.92],[36.3,64],[36.24,64.12],[35.98,64.2],[35.82,64.34],[35.42,64.28],[35.28,64.38],[34.96,64.46],[34.84,64.56],[34.98,64.62],[34.8,64.76],[34.94,64.86],[34.78,64.96],[34.82,65.04],[34.36,65.4],[34.64,65.48],[34.78,65.6],[34.78,65.78],[34.86,65.88],[34.5,66.12],[33.98,66.26],[33.62,66.3],[33.7,66.44],[33.36,66.48],[33.2,66.58],[33.04,66.6],[32.9,66.78],[32.7,66.8],[32.48,66.9],[32.56,66.98],[32.32,67.06],[32.38,67.16],[32.86,67.08],[32.84,66.98],[33.1,66.86],[33.48,66.74],[33.58,66.82],[33.84,66.7],[34.28,66.68],[34.44,66.54],[34.88,66.6],[35.38,66.42],[36.4,66.3],[36.88,66.28],[37.28,66.24],[37.54,66.14],[37.92,66.08],[38.56,66.06],[39.34,66.14],[40.08,66.28],[40.44,66.4],[40.74,66.6],[41.18,66.8],[41.36,67.02],[41.34,67.18],[41.1,67.26],[41.14,67.42],[41,67.46],[41.02,67.7],[40.8,67.72],[40.36,67.9],[39.86,68.06],[39.52,68.08],[38.66,68.38],[38.44,68.36],[38.32,68.44],[38.06,68.5],[37.68,68.72],[37.46,68.74],[36.24,69.12],[35.96,69.18],[35.34,69.28],[35.26,69.22],[34.66,69.24],[34.42,69.32],[33.86,69.34],[33.38,69.3],[33.52,69.42],[32.68,69.5],[32.42,69.5],[32.5,69.64],[32.88,69.58],[33.12,69.66],[32.92,69.78],[32.52,69.8],[32.06,69.96],[31.76,69.86],[31.7,69.74],[31.4,69.72],[30.84,69.8],[30.92,69.68],[30.86,69.52],[30.52,69.54],[30.3,69.62],[30.12,69.44],[29.9,69.36],[29.34,69.28],[29.24,69.12],[28.96,69.02],[28.46,68.9],[28.8,68.84],[28.44,68.52],[28.66,68.2],[29.3,68.08],[29.66,67.82],[30,67.68],[29.92,67.5],[29.52,67.3],[29.1,67],[29.08,66.84],[29.52,66.5],[29.6,66.34],[29.9,66.1],[30.12,65.72],[29.7,65.62],[29.72,65.32],[29.58,65.24],[29.84,65.2],[29.82,65.1],[29.58,65],[29.78,64.8],[30.06,64.78],[30.18,64.68],[29.96,64.58],[30.1,64.36],[30.32,64.32],[30.56,64.22],[30.58,64.08],[30.5,64],[30.2,63.8],[29.98,63.74],[30.48,63.46],[30.82,63.38],[31.22,63.2],[31.26,63.12],[31.56,62.9],[31.44,62.78],[31.22,62.5],[30.9,62.3],[30.64,62.18],[29.78,61.6],[29.54,61.48],[29.2,61.24],[28.8,61.1],[28.62,60.96],[28.48,60.94],[27.8,60.56],[28.04,60.52],[28.22,60.54],[28.4,60.66],[28.72,60.72],[28.6,60.38],[28.78,60.34],[29.1,60.18],[29.42,60.16],[29.7,60.2],[29.84,60.16],[29.94,60.02],[30.2,60],[30.12,59.88],[29.8,59.94],[29.16,60],[29.02,59.92],[28.98,59.84],[28.84,59.8],[28.58,59.84],[28.42,59.82],[28.38,59.66],[28,59.7],[28.08,59.58],[28.02,59.48],[28.18,59.38],[28.08,59.3],[27.9,59.3],[27.7,58.98],[27.48,58.88],[27.42,58.76],[27.56,58.4],[27.5,58.22],[27.64,58.08],[27.68,57.92],[27.4,57.68],[27.36,57.52],[27.52,57.52],[27.52,57.44],[27.84,57.3],[27.82,57.16],[27.64,56.88],[27.92,56.8],[28,56.6],[28.12,56.54],[28.22,56.28],[28.14,56.14],[28.28,56.04],[28.38,56.08],[28.62,56.08],[28.7,55.96],[29.04,56.02],[29.38,55.96],[29.34,55.78],[29.46,55.68],[29.86,55.84],[30.1,55.82],[30.22,55.86],[30.46,55.8],[30.6,55.66],[30.74,55.6],[30.92,55.58],[30.92,55.4],[30.8,55.28],[30.96,55.16],[31,55.04],[30.82,54.92],[30.78,54.78],[31.16,54.62],[31.06,54.5],[31.2,54.44],[31.32,54.22],[31.5,54.14],[31.74,54.08],[31.84,54],[31.76,53.82],[31.88,53.78],[32.08,53.8],[32.3,53.76],[32.48,53.66],[32.46,53.54],[32.72,53.44],[32.72,53.34],[32.58,53.32],[32.4,53.2],[32.2,53.1],[31.9,53.1],[31.74,53.2],[31.38,53.18],[31.36,53.1],[31.24,53.02],[31.38,52.88],[31.5,52.84],[31.58,52.72],[31.48,52.68],[31.58,52.58],[31.6,52.38],[31.76,52.1],[31.9,52.04],[32.1,52.04],[32.3,52.14],[32.34,52.28],[32.52,52.32],[32.72,52.26],[32.92,52.24],[33.2,52.36],[33.8,52.36],[34.06,52.18],[34.06,52.04],[34.24,51.9],[34.38,51.82],[34.38,51.7],[34.12,51.68],[34.28,51.36],[34.28,51.22],[34.4,51.26],[34.62,51.22],[34.74,51.16],[34.96,51.22],[35.1,51.18],[35.12,51.1],[35.34,50.92],[35.44,50.68],[35.38,50.62],[35.42,50.5],[35.58,50.38],[35.7,50.34],[35.84,50.42],[36.1,50.42],[36.26,50.28],[36.4,50.3],[36.68,50.26],[36.92,50.34],[37.2,50.36],[37.44,50.42],[37.6,50.3],[37.58,50.22],[37.72,50.08],[37.92,50],[38,49.92],[38.16,49.94],[38.18,50.06],[38.34,50],[38.86,49.86],[38.94,49.8],[39.18,49.86],[39.24,49.76],[39.58,49.72],[39.62,49.62],[39.8,49.54],[39.98,49.6],[40.12,49.6],[40.04,49.46],[40.16,49.34],[40.14,49.24],[39.96,49.12],[39.92,49.04],[39.68,49.02],[39.76,48.9],[39.9,48.88],[39.7,48.74],[39.64,48.58],[39.8,48.58],[40,48.28],[39.84,48.12],[39.76,47.84],[39.4,47.82],[38.88,47.86],[38.78,47.78],[38.74,47.68],[38.56,47.62],[38.36,47.6],[38.26,47.5],[38.2,47.3],[38.22,47.1],[38.62,47.14],[38.94,47.18],[39.08,47.28],[39.26,47.26],[39.26,47],[39.08,47.04],[38.8,46.9],[38.4,46.82],[38.28,46.72],[38.04,46.62],[37.86,46.62],[37.82,46.48],[38.12,46.38],[38.3,46.22],[38.56,46.12],[38.44,46.04],[38.24,46.14],[37.94,46.02],[37.82,45.76],[37.6,45.64],[37.64,45.58],[37.74,45.38],[37.64,45.34],[37.16,45.32],[36.84,45.44],[36.78,45.38],[36.82,45.24],[36.6,45.16],[36.7,45.1],[36.84,45.1],[37.2,45],[37.28,44.92],[37.36,44.78],[37.48,44.68],[37.92,44.62],[38.1,44.5],[38.18,44.4],[38.3,44.36],[38.6,44.34],[38.98,44.14],[39.12,44.02],[39.32,43.9],[39.46,43.78],[39.72,43.56],[39.84,43.5],[39.98,43.38],[40.06,43.54],[40.24,43.58],[40.48,43.5],[40.66,43.54],[41.02,43.38],[41.18,43.38],[41.38,43.34],[41.56,43.22],[42.08,43.18],[42.18,43.22],[42.42,43.22],[42.6,43.14],[42.76,43.18],[43,43.1],[42.98,43.06],[43.2,42.92],[43.52,42.86],[43.8,42.74],[43.76,42.6],[43.94,42.56],[44.06,42.62],[44.2,42.62],[44.28,42.7],[44.56,42.76],[44.68,42.72],[44.76,42.62],[44.86,42.76],[45.04,42.68],[45.18,42.68],[45.36,42.52],[45.48,42.54],[45.7,42.5],[45.74,42.44],[45.62,42.22],[45.94,42.02],[46.22,42],[46.44,41.9],[46.54,41.8],[46.74,41.84],[46.76,41.78],[46.9,41.7],[47.02,41.56],[47.1,41.56],[47.24,41.42],[47.26,41.3],[47.38,41.26],[47.74,41.2],[47.88,41.2],[47.94,41.34],[48.06,41.46],[48.2,41.5],[48.38,41.58],[48.58,41.84],[48.42,41.92],[48.3,42.1],[48.1,42.34],[48.02,42.4],[47.86,42.58],[47.72,42.7],[47.7,42.86],[47.46,43.02],[47.5,43.46],[47.38,43.56],[47.5,43.78],[47.24,44.22],[47.08,44.26],[47.04,44.34],[46.7,44.44],[46.72,44.66],[46.98,44.78],[47.08,44.78],[47.2,44.98],[47.3,45.18],[47.38,45.28],[47.6,45.64],[47.62,45.7],[47.9,45.7],[48.26,45.78],[48.46,45.94],[48.74,45.92],[48.72,46.12],[48.88,46.12],[49.12,46.22],[49.08,46.28],[49.22,46.32],[48.9,46.48],[48.7,46.56],[48.58,46.56],[48.46,46.66],[48.56,46.76],[48.68,46.76],[48.76,46.68],[48.92,46.7],[49,46.76],[48.7,47.1],[48.52,47.42],[48.36,47.5],[48.18,47.72],[48.04,47.76],[47.64,47.76],[47.44,47.84],[47.36,47.68],[47.18,47.78],[47.16,47.88],[47.06,47.98],[47.1,48.1],[47.08,48.28],[46.48,48.42],[46.76,48.92],[46.94,49],[47.02,49.1],[47.02,49.2],[46.78,49.34],[46.9,49.82],[46.96,49.88],[47.18,49.94],[47.3,50.04],[47.26,50.18],[47.3,50.28],[47.56,50.46],[47.62,50.44],[48,50.18],[48.24,49.86],[48.42,49.82],[48.78,49.94],[48.88,50.02],[48.7,50.34],[48.68,50.58],[48.84,50.6],[49.14,50.78],[49.36,50.82],[49.34,50.96],[49.42,51.1],[49.78,51.1],[49.98,51.22],[50.32,51.3],[50.38,51.42],[50.52,51.46],[50.58,51.64],[50.8,51.6],[50.92,51.68],[51.24,51.68],[51.38,51.62],[51.38,51.46],[51.62,51.52],[51.86,51.68],[52.1,51.66],[52.34,51.76],[52.5,51.48],[52.66,51.46],[52.78,51.5],[52.96,51.46],[53.16,51.52],[53.4,51.48],[53.62,51.38],[53.6,51.28],[53.68,51.22],[53.94,51.18],[54.12,51.1],[54.18,50.96],[54.3,50.9],[54.48,50.86],[54.38,50.62],[54.44,50.54],[54.6,50.54],[54.68,50.6],[54.64,50.88],[54.5,50.92],[54.64,51.02],[54.9,50.92],[55.04,50.88],[55.08,50.8],[55.3,50.66],[55.5,50.64],[55.66,50.54],[56.08,50.72],[56.18,50.9],[56.34,50.9],[56.5,51.06],[56.86,51.06],[57.16,51.1],[57.36,50.88],[57.74,50.94],[57.76,51.12],[57.96,51.08],[58.2,51.06],[58.3,51.16],[58.4,51.06],[58.6,51.02],[58.56,50.92],[58.66,50.78],[58.92,50.68],[59.44,50.64],[59.52,50.48],[59.78,50.54],[59.92,50.7],[60.02,50.86],[60.14,50.84],[60.18,50.74],[60.3,50.68],[60.72,50.66],[61.38,50.78],[61.44,50.88],[61.52,51.16],[61.6,51.28],[61.48,51.42],[61.36,51.46],[61.02,51.48],[60.94,51.62],[60.52,51.62],[60.38,51.66],[60.46,51.8],[60.14,51.88],[60.2,52],[60.5,52.16],[60.68,52.14],[61.04,52.34],[60.94,52.48],[60.84,52.52],[60.8,52.62],[60.7,52.74],[60.82,52.78],[61.2,53.02],[61.48,53.02],[61.58,52.96],[61.82,52.98],[61.92,52.94],[62.1,53],[62.06,53.12],[61.76,53.16],[61.64,53.24],[61.48,53.22],[61.2,53.28],[61.14,53.38],[61.22,53.5],[61.38,53.44],[61.56,53.5],[61.5,53.58],[61.28,53.54],[61,53.64],[61.2,53.82],[61.06,53.88],[61.2,54.02],[61.42,54.06],[61.48,54],[62.56,54.02],[62.82,54.1],[63.08,54.08],[63.12,54.18],[63.34,54.16],[63.7,54.26],[63.86,54.2],[63.98,54.3],[64.58,54.38],[64.72,54.34],[64.92,54.4],[65.08,54.3],[65.22,54.34],[65.22,54.52],[65.42,54.56],[65.48,54.64],[65.72,54.6],[65.82,54.68],[65.98,54.62],[66.44,54.72],[66.7,54.72],[66.78,54.76],[67.22,54.8],[67.28,54.86],[67.62,54.86],[67.82,54.96],[68.16,54.96],[68.3,55.08],[68.26,55.2],[68.6,55.2],[68.72,55.36],[69.18,55.32],[69.34,55.38],[69.68,55.34],[69.92,55.22],[70.2,55.14],[70.38,55.2],[70.46,55.28],[70.66,55.3],[70.98,55.08],[70.94,54.88],[71,54.78],[71.18,54.72],[71.26,54.64],[71.14,54.6],[71.2,54.32],[70.98,54.32],[71.04,54.18],[71.18,54.1],[71.32,54.2],[71.48,54.1],[71.7,54.14],[71.76,54.24],[72.06,54.22],[72.16,54.36],[72.48,54.14],[72.36,54.08],[72.46,53.9],[72.66,54.04],[72.62,54.14],[72.96,54.12],[73.06,53.98],[73.36,53.94],[73.74,54.06],[73.7,53.9],[73.48,53.88],[73.22,53.66],[73.24,53.58],[73.4,53.52],[73.42,53.44],[73.64,53.56],[73.88,53.64],[74.22,53.6],[74.26,53.52],[74.4,53.48],[74.46,53.68],[74.62,53.68],[74.78,53.84],[75.02,53.8],[75.44,53.98],[75.36,54.06],[75.64,54.1],[76.18,54.26],[76.24,54.34],[76.44,54.32],[76.76,54.36],[76.84,54.3],[76.66,54.14],[76.38,54.14],[76.52,53.96],[77.62,53.44],[77.86,53.28],[78.48,52.64],[79.04,52],[79.46,51.5],[80,50.78],[80.04,50.86],[80.44,50.96],[80.42,51.1],[80.48,51.2],[80.6,51.2],[80.68,51.3],[81.14,51.14],[81.06,50.94],[81.4,50.96],[81.46,50.74],[81.68,50.74],[81.76,50.78],[82,50.76],[82.08,50.72],[82.4,50.74],[82.48,50.72],[82.7,50.82],[82.76,50.9],[82.98,50.88],[83.1,51],[83.44,51],[83.82,50.86],[83.96,50.78],[83.98,50.68],[84.1,50.62],[84.2,50.5],[84.18,50.44],[84.24,50.26],[84.36,50.22],[84.64,50.18],[84.84,50.08],[84.98,50.08],[84.96,49.9],[85.04,49.88],[85.26,49.58],[85.38,49.62],[85.82,49.54],[85.94,49.5],[86.12,49.52],[86.4,49.62],[86.62,49.8],[86.74,49.78],[86.78,49.7],[86.6,49.58],[86.82,49.5],[86.9,49.36],[87.08,49.24],[87.22,49.22],[87.32,49.08],[87.82,49.16]]],[[[21.26,55.24],[21.18,55.2],[21.24,54.94],[21.08,54.9],[20.54,54.96],[20.82,55.14],[20.98,55.28],[20.92,55.28],[20.64,55.04],[20.36,54.94],[20.04,54.94],[19.92,54.88],[19.96,54.78],[19.84,54.6],[19.6,54.46],[19.68,54.44],[20.92,54.4],[22.7,54.34],[22.76,54.36],[22.68,54.46],[22.72,54.72],[22.84,54.78],[22.8,54.9],[22.64,54.96],[22.58,55.06],[22.26,55.08],[22.1,55.02],[21.5,55.2],[21.4,55.28],[21.26,55.24]]],[[[-180,65.06],[-179.66,65.14],[-179.52,65.24],[-179.5,65.4],[-179.26,65.54],[-179.28,65.64],[-179.72,65.78],[-179.82,65.94],[-179.76,66.1],[-179.3,66.12],[-179.18,66.28],[-178.98,66.16],[-178.78,66.16],[-178.62,66.3],[-178.5,66.14],[-178.68,66.1],[-178.72,66],[-178.88,65.9],[-178.62,65.72],[-178.42,65.68],[-178.52,65.52],[-178.28,65.44],[-177.42,65.44],[-177.24,65.54],[-176.98,65.6],[-175.9,65.4],[-175.88,65.26],[-175.74,65.12],[-175.78,64.94],[-175.64,64.92],[-175.46,64.8],[-175.06,64.76],[-174.6,64.82],[-174.66,64.72],[-174.08,64.54],[-173.98,64.42],[-173.1,64.24],[-172.38,64.4],[-172.46,64.56],[-172.82,64.62],[-172.7,64.88],[-172.32,64.94],[-172.1,65.06],[-172.2,65.22],[-172.16,65.42],[-172.38,65.44],[-172.38,65.58],[-172.68,65.62],[-172.68,65.7],[-171.8,65.48],[-171.26,65.52],[-171.04,65.46],[-170.98,65.6],[-170.66,65.6],[-170.48,65.68],[-170.54,65.86],[-170.14,66],[-169.9,66.04],[-169.7,66.12],[-170.08,66.16],[-170.16,66.24],[-170.56,66.36],[-170.86,66.52],[-171.36,66.68],[-171.34,66.74],[-171.68,66.86],[-171.62,66.9],[-171.9,66.98],[-172.66,66.88],[-173,66.92],[-173.54,67.1],[-174.28,67.04],[-174.02,66.96],[-173.94,66.66],[-174.2,66.58],[-173.84,66.5],[-173.7,66.38],[-173.92,66.34],[-174.02,66.48],[-174.3,66.36],[-174.44,66.36],[-174.44,66.54],[-174.98,66.66],[-174.68,66.76],[-174.76,66.9],[-174.9,67.04],[-174.8,67.36],[-174.92,67.42],[-175.16,67.34],[-175.28,67.66],[-175.82,67.82],[-175.92,67.74],[-175.92,67.58],[-176.26,67.66],[-176.3,67.72],[-176.04,67.86],[-176.24,67.9],[-176.5,67.88],[-176.78,67.96],[-176.72,68.02],[-177.26,68.22],[-177.6,68.2],[-177.96,68.34],[-178.04,68.42],[-178.7,68.54],[-178.64,68.64],[-178.84,68.76],[-179.36,68.82],[-179.52,68.92],[-180,68.98],[-180,68.56],[-180,68.06],[-180,67.56],[-180,67.06],[-180,66.56],[-180,66.06],[-180,65.56],[-180,65.06]]],[[[180,71.54],[179.56,71.46],[179.18,71.3],[178.9,71.24],[178.62,71.04],[178.84,70.8],[179.14,70.88],[179.66,70.88],[180,71],[180,71.06],[180,71.54]]],[[[-180,71],[-179.34,70.9],[-178.88,70.98],[-177.94,71.04],[-177.64,71.12],[-177.44,71.24],[-177.72,71.3],[-178.4,71.54],[-179.08,71.6],[-179.32,71.56],[-179.74,71.58],[-180,71.54],[-180,71.06],[-180,71]]],[[[142.52,54.3],[142.4,54.24],[142.46,54.14],[142.7,53.94],[142.6,53.7],[142.5,53.64],[142.58,53.5],[142.46,53.38],[142.3,53.36],[142.22,53.52],[141.96,53.46],[141.76,53.38],[141.84,53.16],[141.92,53.02],[141.86,52.86],[141.84,52.6],[141.78,52.46],[141.66,52.38],[141.64,52.08],[141.68,51.92],[141.8,51.8],[141.82,51.68],[142.08,51.48],[142.18,51.32],[142.26,51.08],[142.12,50.9],[142.04,50.52],[142.16,50.34],[142.18,50.08],[142.12,49.9],[142.16,49.68],[142.12,49.46],[142.06,49.32],[142.08,49.2],[141.96,48.86],[141.86,48.78],[141.92,48.6],[142.14,48.32],[142.2,47.96],[142.1,47.88],[141.96,47.62],[141.98,47.3],[142.06,47.16],[142.06,47.06],[141.82,46.6],[141.84,46.42],[141.9,46.28],[141.94,46.04],[142.04,45.92],[142.2,46.04],[142.28,46.32],[142.46,46.64],[142.72,46.74],[142.78,46.6],[143.16,46.6],[143.34,46.56],[143.34,46.4],[143.42,46.22],[143.52,46.24],[143.62,46.38],[143.52,46.58],[143.52,46.78],[143.42,46.8],[143.18,46.7],[143.08,46.82],[143.12,46.88],[143.04,47.08],[143.02,47.26],[142.92,47.36],[142.76,47.44],[142.6,47.64],[142.54,47.76],[142.54,48.02],[142.8,48.56],[142.98,48.92],[142.98,49.04],[143.08,49.18],[143.18,49.24],[143.5,49.34],[144,49.26],[144.44,49.02],[144.28,49.26],[144.22,49.54],[144.14,49.64],[144.12,49.74],[144,50.02],[143.8,50.3],[143.68,50.74],[143.58,51.02],[143.54,51.24],[143.44,51.36],[143.46,51.46],[143.22,51.54],[143.32,51.76],[143.16,51.88],[143.1,52.1],[143.18,52.32],[143.12,52.34],[143.34,52.7],[143.3,53.16],[143.22,53.36],[143.1,53.42],[142.94,53.74],[142.9,53.92],[143,54.14],[142.74,54.42],[142.52,54.3]]],[[[-172.24,64.82],[-172.46,64.82],[-172.64,64.68],[-172.18,64.74],[-172.24,64.82]]],[[[70.14,66.56],[70.08,66.7],[69.72,66.76],[69.42,66.76],[69.54,66.6],[69.84,66.48],[70.14,66.56]]],[[[161.48,69.02],[161.32,69.24],[161.14,69.08],[161.48,69.02]]],[[[161.64,69.56],[161.4,69.6],[161.42,69.42],[161.62,69.46],[161.64,69.56]]],[[[51.4,71.8],[51.54,71.56],[51.86,71.46],[52.58,71.58],[52.6,71.46],[52.86,71.4],[53.26,71.46],[53.58,71.2],[54.08,71.1],[53.5,71.08],[53.68,71],[53.68,70.9],[54,70.76],[54.5,70.78],[54.76,70.68],[55.24,70.66],[55.44,70.74],[55.82,70.62],[56.14,70.6],[56.36,70.64],[57.18,70.62],[57.44,70.64],[57.64,70.72],[57.06,70.86],[56.1,71.26],[56.02,71.38],[55.68,71.62],[55.34,72.06],[55.58,72.2],[55.38,72.3],[55.46,72.44],[55.68,72.58],[55.74,72.78],[56.22,72.82],[56.22,73],[56.54,73.12],[56.44,73.24],[55.3,73.34],[54.94,73.42],[54.54,73.38],[54.2,73.28],[53.76,73.3],[53.32,73.22],[53.16,73.16],[53.14,72.96],[52.62,72.86],[52.4,72.72],[52.8,72.68],[52.92,72.6],[52.7,72.5],[52.66,72.3],[52.4,72.22],[52.34,72.08],[51.96,72.12],[51.62,72.1],[51.44,71.94],[51.4,71.8]]],[[[56.98,74.7],[56.56,74.68],[56.38,74.72],[55.9,74.66],[55.52,74.66],[55.7,74.52],[55.24,74.38],[55.52,74.34],[55.62,74.2],[55.02,74.18],[54.68,74.06],[54.72,73.98],[54.26,73.92],[53.86,73.78],[53.64,73.76],[54.08,73.6],[54.48,73.4],[55.02,73.44],[55.44,73.34],[55.78,73.34],[56.12,73.3],[56.58,73.26],[56.9,73.32],[57.26,73.46],[57.32,73.58],[57.56,73.6],[57.6,73.7],[57.94,73.8],[57.88,73.94],[58.5,74.22],[58.72,74.24],[58.58,74.38],[59.1,74.5],[59.22,74.62],[59.88,74.62],[59.94,74.72],[60.28,74.74],[60.56,74.86],[60.84,75.16],[62.04,75.46],[62.28,75.44],[63.02,75.58],[63.3,75.58],[63.62,75.68],[63.86,75.66],[65.22,75.86],[66.18,75.96],[66.68,76.06],[67.14,76.1],[67.92,76.26],[68.28,76.28],[68.74,76.52],[68.94,76.72],[68.46,76.96],[67.58,77.02],[66.94,76.94],[66.4,76.84],[65.76,76.68],[65.62,76.58],[65.16,76.48],[64.82,76.48],[64.04,76.32],[63.72,76.34],[62.96,76.2],[62.78,76.28],[62.1,76.26],[61.64,76.32],[61.08,76.28],[60.84,76.12],[60.26,76.12],[60.04,76],[59.74,75.94],[59.4,75.94],[59.14,75.86],[58.26,75.7],[58.18,75.58],[57.56,75.52],[57.74,75.32],[57.04,75.4],[56.76,75.28],[56.88,75.22],[56.62,75.1],[56.38,75.18],[55.8,75.16],[55.86,75],[56.54,74.92],[55.88,74.84],[55.94,74.78],[56.46,74.8],[56.62,74.7],[56.98,74.7]]],[[[150.34,46.22],[150.22,46.18],[150.14,46.1],[150.02,46.08],[149.82,45.88],[149.66,45.86],[149.48,45.66],[149.64,45.62],[149.94,45.82],[150.14,45.9],[150.24,46.04],[150.36,46.08],[150.48,46.2],[150.34,46.22]]],[[[156.12,50.64],[156.08,50.78],[155.88,50.7],[155.72,50.42],[155.42,50.36],[155.24,50.22],[155.22,50.1],[155.38,50.04],[155.56,50.16],[155.78,50.18],[155.88,50.26],[156.06,50.48],[156.16,50.52],[156.12,50.64]]],[[[156.46,50.88],[156.2,50.78],[156.18,50.68],[156.4,50.64],[156.52,50.76],[156.46,50.88]]],[[[137.18,55.12],[137.04,55.1],[136.8,55],[137.02,54.92],[137.18,55.12]]],[[[138.04,55.06],[137.6,55.2],[137.46,55.02],[137.28,54.9],[137.48,54.88],[137.7,54.62],[137.98,54.8],[137.98,54.88],[138.18,55.06],[138.04,55.06]]],[[[166.66,54.76],[166.64,54.84],[166.48,54.94],[166.26,55.16],[166.28,55.3],[165.96,55.36],[165.8,55.28],[166,55.22],[166.08,55.06],[166.36,54.84],[166.66,54.76]]],[[[164.7,58.98],[164.56,59.24],[164.28,59.12],[163.96,59.02],[163.76,58.88],[163.78,58.82],[163.58,58.56],[164.12,58.78],[164.4,58.86],[164.64,58.86],[164.7,58.98]]],[[[35.86,65.04],[35.82,65.16],[35.52,65.14],[35.6,65.04],[35.86,65.04]]],[[[50.32,69.16],[50.16,69.26],[49.28,69.5],[48.8,69.5],[48.44,69.38],[48.3,69.28],[48.22,69.08],[48.22,68.9],[48.6,68.74],[49.24,68.78],[49.72,68.88],[49.96,69.08],[50.32,69.16]]],[[[169.44,69.84],[169.22,69.9],[168.82,69.94],[168.26,70.02],[167.82,69.88],[167.8,69.8],[168.18,69.7],[168.88,69.56],[169.18,69.58],[169.3,69.78],[169.44,69.84]]],[[[60.54,69.82],[60.48,69.92],[60.02,70.1],[59.78,70.14],[59.32,70.38],[59.02,70.48],[58.52,70.34],[58.46,70.2],[58.62,70.14],[58.7,70],[59.06,69.9],[59.44,69.88],[59.6,69.82],[59.56,69.72],[60.2,69.68],[60.48,69.72],[60.54,69.82]]],[[[53.24,71.22],[53.06,71.24],[52.74,71.4],[52.26,71.34],[52.26,71.28],[52.56,71.24],[52.8,71.1],[53.12,71.08],[53.24,71.22]]],[[[137.92,71.56],[137.7,71.6],[137.22,71.58],[137.04,71.52],[137.34,71.42],[137.76,71.44],[137.92,71.56]]],[[[78.28,72.56],[77.62,72.64],[77.32,72.54],[77.22,72.46],[76.92,72.38],[76.92,72.3],[77.58,72.28],[78.4,72.5],[78.28,72.56]]],[[[128.84,72.66],[128.14,72.64],[128.34,72.56],[128.78,72.54],[128.84,72.66]]],[[[128.32,72.82],[129.2,72.76],[129.42,72.82],[129.22,72.92],[129,72.94],[128.42,72.86],[128.32,72.82]]],[[[79.56,72.76],[79.36,73.04],[79.14,73.1],[78.6,72.86],[78.9,72.74],[79.4,72.7],[79.56,72.76]]],[[[74.72,73.1],[74.22,73.12],[74.1,73.02],[74.46,72.9],[74.64,72.94],[74.72,73.1]]],[[[120.28,73.1],[120.02,73.16],[119.66,73.1],[119.8,73.04],[120.24,73.04],[120.28,73.1]]],[[[71.66,73.22],[71.46,73.34],[71.14,73.28],[71.1,73.44],[70.94,73.52],[70.46,73.5],[69.98,73.4],[70.06,73.26],[69.94,73.14],[70.26,73.04],[70.66,73.1],[71.5,73.16],[71.66,73.22]]],[[[143.48,73.32],[143.54,73.44],[143.4,73.54],[142.58,73.82],[142.04,73.92],[141.12,73.88],[140.86,73.78],[140.5,73.48],[139.9,73.48],[139.76,73.42],[139.96,73.32],[140.5,73.4],[140.78,73.42],[141.52,73.3],[142.54,73.22],[143.18,73.18],[143.56,73.24],[143.48,73.32]]],[[[136.26,73.96],[136.02,74.1],[135.58,74.24],[135.44,74.16],[136.04,73.94],[136.26,73.96]]],[[[141.1,74.14],[140.9,74.28],[140.22,74.22],[140.16,74.08],[140.44,73.9],[141.04,74],[141.1,74.14]]],[[[113.4,74.44],[112.12,74.56],[111.98,74.4],[111.46,74.34],[111.58,74.26],[111.94,74.22],[112.16,74.14],[112.78,74.08],[113.16,74.22],[113.4,74.44]]],[[[82.24,75.38],[81.5,75.36],[81.68,75.28],[82.24,75.38]]],[[[150.82,75.16],[150.64,75.12],[150.12,75.22],[149.12,75.26],[148.62,75.22],[148.44,75.28],[148.4,75.42],[147.38,75.44],[147.16,75.34],[146.8,75.36],[146.78,75.5],[146.38,75.58],[146.28,75.4],[146.08,75.24],[146.22,75.18],[146.64,75.12],[147.08,75],[147.66,74.96],[148.18,74.8],[149.2,74.76],[150.6,74.9],[150.82,75.16]]],[[[136,75.52],[136.16,75.62],[135.6,75.76],[135.6,75.56],[135.46,75.38],[135.84,75.38],[136,75.52]]],[[[145.36,75.54],[144.8,75.64],[143.94,75.84],[143.58,75.86],[143.06,75.8],[142.54,75.86],[142.14,76.02],[141.7,76.12],[141.4,76.14],[140.9,75.98],[140.86,75.74],[141.06,75.66],[140.44,75.66],[140.54,75.76],[140.16,75.8],[139.92,75.94],[139.1,76.1],[138.96,76.2],[138.54,76.18],[138.14,76.12],[138.02,76.04],[137.44,75.96],[137.58,75.78],[137.2,75.78],[137.06,75.72],[137.28,75.6],[137.18,75.54],[137.44,75.38],[136.86,75.36],[137.14,75.14],[137.8,74.98],[137.9,74.84],[138.16,74.78],[138.82,74.72],[139.02,74.66],[139.34,74.68],[139.56,74.84],[139.5,74.94],[139.84,74.96],[140.06,74.82],[141.12,74.92],[141.38,74.92],[141.84,75],[142.36,74.82],[142.82,74.88],[143.46,74.9],[143.44,75],[142.62,75.1],[142.2,75.34],[142.08,75.52],[142.32,75.72],[143,75.7],[143.02,75.6],[142.54,75.48],[142.5,75.38],[142.88,75.16],[143.42,75.06],[143.76,75.08],[144,75.02],[144.34,75.04],[144.68,75.16],[144.72,75.44],[145.36,75.54]]],[[[96.64,76.26],[95.32,76.28],[95.32,76.2],[95.9,76.16],[96.4,76.16],[96.64,76.26]]],[[[111.96,76.6],[112.62,76.46],[112.52,76.62],[111.96,76.6]]],[[[149.38,76.74],[148.86,76.74],[148.46,76.62],[149.2,76.62],[149.38,76.74]]],[[[96.52,77.2],[95.7,77.08],[96,76.98],[96.48,77.08],[96.52,77.2]]],[[[89.68,77.28],[89.3,77.3],[89.14,77.22],[89.3,77.14],[89.74,77.16],[89.68,77.28]]],[[[107.7,78.14],[107.56,78.18],[106.48,78.16],[107.58,78.06],[107.7,78.14]]],[[[105.42,78.58],[105.18,78.8],[104.5,78.86],[104.38,78.98],[104.08,79],[103.98,79.14],[103.34,79.12],[102.64,79.02],[102.74,79.16],[103.14,79.32],[102.3,79.44],[101.96,79.3],[101.3,79.24],[101.02,79.12],[101.02,79.04],[100.26,78.66],[100.28,78.6],[100,78.42],[100.04,78.34],[99.26,78.04],[99.52,77.94],[100.04,77.96],[101.02,78.14],[101.2,78.2],[102.86,78.22],[103.72,78.26],[104.18,78.32],[104.78,78.34],[105.36,78.5],[105.42,78.58]]],[[[77.62,79.52],[76.48,79.64],[76.18,79.56],[76.7,79.48],[77.62,79.52]]],[[[93.62,79.94],[92.64,79.98],[91.78,80.06],[91.12,80.04],[91.26,79.9],[91.08,79.86],[92.1,79.8],[91.92,79.68],[92.62,79.68],[93.66,79.84],[93.62,79.94]]],[[[51.34,79.96],[51,80.1],[50.56,79.98],[51.34,79.96]]],[[[99.88,79.04],[99.58,79.18],[99.74,79.36],[99.7,79.56],[100.02,79.82],[99.2,80.04],[98.58,79.98],[98.26,79.88],[97.76,79.94],[98.06,80.04],[97.6,80.18],[96.36,80.1],[95.5,80.12],[94.94,80.08],[94.28,79.9],[94.7,79.82],[94.16,79.78],[93.78,79.66],[93.74,79.54],[94.32,79.48],[94.36,79.24],[95.02,79.04],[95.42,79.1],[95.94,79],[96.8,78.98],[97.26,78.86],[97.76,78.8],[99.4,78.82],[99.88,78.94],[99.88,79.04]]],[[[50.08,80.06],[50.22,80.22],[49.54,80.16],[50.08,80.06]]],[[[55.8,80.64],[56.92,80.66],[56.54,80.78],[55.44,80.72],[55.8,80.64]]],[[[46.68,80.52],[47,80.56],[47.56,80.74],[48.06,80.66],[48.76,80.66],[48.28,80.84],[47.54,80.86],[46.92,80.74],[45.1,80.64],[45.48,80.52],[46.08,80.56],[46.68,80.52]]],[[[62.22,80.82],[62.06,80.88],[60.56,80.82],[59.7,80.84],[59.22,80.64],[59.24,80.52],[59.64,80.44],[60.3,80.5],[61.04,80.4],[61.7,80.6],[62.08,80.62],[62.22,80.82]]],[[[58.14,80.78],[58.94,80.78],[58.92,80.88],[58.16,80.88],[58.14,80.78]]],[[[55.76,80.78],[55.1,80.9],[54.4,80.86],[54.88,80.72],[55.76,80.78]]],[[[51.68,80.72],[50.72,80.9],[49.68,80.86],[49,80.78],[49.64,80.64],[48.82,80.5],[48.42,80.58],[48.02,80.54],[48.2,80.42],[47.42,80.32],[47.08,80.38],[46.66,80.28],[47.1,80.18],[47.64,80.12],[48.44,80.1],[49.1,80.18],[48.66,80.32],[48.84,80.38],[49.5,80.36],[49.72,80.5],[50.94,80.54],[51.68,80.72]]],[[[79.8,80.98],[79.24,80.96],[79.12,80.8],[80.32,80.86],[80.44,80.94],[79.8,80.98]]],[[[57.34,80.9],[57.84,80.86],[58.28,80.92],[57.64,81.02],[56.8,81.02],[57.34,80.9]]],[[[54.56,81],[55.4,80.96],[55.8,80.86],[56.66,80.8],[57.06,80.7],[57.68,80.82],[56.02,81.04],[55.58,81],[54.86,81.08],[54.56,81]]],[[[91.54,81.16],[91.46,81.2],[90.08,81.22],[90,81.1],[91.18,81.06],[91.54,81.16]]],[[[97.74,80.74],[97.78,80.82],[96.98,80.9],[96.56,81.08],[95.78,81.28],[95.1,81.28],[94.88,81.14],[93.06,81],[92.72,80.88],[92.68,80.76],[92.88,80.68],[92.74,80.52],[91.92,80.46],[92.1,80.28],[92.5,80.16],[93.7,80],[95.04,80.14],[97.18,80.24],[97.02,80.52],[97.2,80.64],[97.74,80.74]]],[[[57.26,81.42],[58.3,81.38],[58.4,81.48],[57.02,81.54],[57.26,81.42]]],[[[62.5,81.66],[63.46,81.58],[63.68,81.7],[62.76,81.7],[62.5,81.66]]],[[[58.3,81.72],[59.36,81.76],[59.22,81.86],[58.16,81.84],[58.3,81.72]]],[[[154.84,49.66],[154.6,49.38],[154.72,49.26],[154.84,49.36],[154.8,49.46],[154.9,49.62],[154.84,49.66]]],[[[59,79.98],[59.2,79.92],[59.92,80],[59.52,80.12],[58.8,80.04],[59,79.98]]],[[[55.72,80.1],[56.96,80.06],[57.14,80.12],[57.14,80.3],[55.98,80.34],[56.02,80.18],[55.72,80.1]]],[[[52.62,80.18],[53.48,80.18],[53.58,80.24],[53.34,80.4],[52.86,80.4],[52.56,80.28],[52.62,80.18]]],[[[57.52,80.14],[58.2,80.3],[59.2,80.38],[58.46,80.46],[56.94,80.48],[57.28,80.4],[57.22,80.24],[57.52,80.14]]],[[[60.26,81.04],[60.06,80.98],[60.98,80.92],[61.6,81.04],[61.68,81.12],[60.62,81.1],[60.26,81.04]]],[[[62.78,80.88],[62.62,80.8],[63.14,80.68],[64.42,80.74],[65,80.8],[65.44,80.92],[65.22,81.14],[64.42,81.2],[64.04,80.98],[63.14,80.98],[62.78,80.88]]],[[[55.64,81.2],[56.44,81.18],[57.68,81.34],[56.72,81.4],[55.84,81.32],[55.64,81.2]]]]},"properties":{"ADMIN":"Russia","ADM0_A3":"RUS"}},
{"type":"Feature","geometry":{"type":"Polygon","coordinates":[[[14.82,50.86],[14.64,50.9],[14.5,51.02],[14.28,51.04],[14.38,50.92],[13.84,50.72],[13.6,50.72],[13.44,50.6],[13.24,50.58],[13.16,50.5],[13,50.5],[12.68,50.4],[12.52,50.38],[12.34,50.26],[12.1,50.3],[12.24,50.04],[12.46,49.98],[12.52,49.9],[12.38,49.74],[12.62,49.5],[12.64,49.42],[12.8,49.32],[13,49.3],[13.18,49.12],[13.3,49.1],[13.48,48.94],[13.6,48.94],[13.82,48.76],[13.98,48.7],[14.08,48.6],[14.32,48.56],[14.44,48.64],[14.7,48.58],[14.8,48.78],[14.92,48.76],[14.98,49],[15.26,48.98],[15.68,48.86],[15.82,48.88],[16.04,48.76],[16.36,48.72],[16.44,48.8],[16.88,48.72],[16.94,48.6],[17.02,48.74],[17.16,48.86],[17.54,48.82],[17.86,48.92],[17.92,49.02],[18.1,49.1],[18.2,49.28],[18.32,49.32],[18.54,49.48],[18.84,49.52],[18.78,49.68],[18.64,49.7],[18.56,49.9],[18.3,49.9],[18.1,50.02],[17.84,49.98],[17.58,50.14],[17.6,50.26],[17.34,50.28],[17.18,50.38],[16.92,50.44],[16.96,50.24],[16.82,50.18],[16.7,50.1],[16.34,50.38],[16.2,50.42],[16.38,50.52],[16.34,50.64],[15.84,50.68],[15.76,50.74],[15.44,50.8],[15.34,50.78],[15.22,50.98],[15,51],[14.98,50.86],[14.82,50.86]]]},"properties":{"ADMIN":"Czechia","ADM0_A3":"CZE"}},
{"type":"Feature","geometry":{"type":"MultiPolygon","coordinates":[[[[7.58,47.58],[7.68,47.54],[7.82,47.6],[8.08,47.56],[8.26,47.62],[8.56,47.8],[8.8,47.72],[8.9,47.66],[9.02,47.68],[9.28,47.66],[9.54,47.54],[9.94,47.52],[10.3,47.3],[10.46,47.44],[10.44,47.54],[10.6,47.56],[10.8,47.52],[11.08,47.38],[11.26,47.4],[11.42,47.5],[11.56,47.52],[11.62,47.58],[11.82,47.58],[11.94,47.62],[12.16,47.6],[12.2,47.68],[12.42,47.7],[12.5,47.62],[12.74,47.66],[12.78,47.56],[12.94,47.48],[13.04,47.5],[13.08,47.64],[12.9,47.72],[13,47.84],[12.76,48.06],[12.74,48.12],[13.04,48.26],[13.28,48.3],[13.4,48.38],[13.52,48.58],[13.72,48.52],[13.8,48.62],[13.82,48.76],[13.6,48.94],[13.48,48.94],[13.3,49.1],[13.18,49.12],[13,49.3],[12.8,49.32],[12.64,49.42],[12.62,49.5],[12.38,49.74],[12.52,49.9],[12.46,49.98],[12.24,50.04],[12.1,50.3],[12.34,50.26],[12.52,50.38],[12.68,50.4],[13,50.5],[13.16,50.5],[13.24,50.58],[13.44,50.6],[13.6,50.72],[13.84,50.72],[14.38,50.92],[14.28,51.04],[14.5,51.02],[14.64,50.9],[14.82,50.86],[14.96,51.06],[15.02,51.28],[14.94,51.44],[14.74,51.52],[14.72,51.68],[14.58,51.8],[14.7,51.94],[14.76,52.08],[14.68,52.12],[14.7,52.26],[14.6,52.28],[14.54,52.42],[14.64,52.58],[14.22,52.82],[14.14,52.96],[14.34,53.04],[14.4,53.28],[14.3,53.5],[14.26,53.7],[13.98,53.78],[13.82,53.88],[13.9,53.92],[13.76,54.04],[13.8,54.1],[13.68,54.16],[13.48,54.12],[13.28,54.24],[13.12,54.28],[13,54.44],[12.88,54.36],[12.5,54.48],[12.34,54.3],[12.1,54.18],[11.66,54.14],[11.5,54],[11.46,53.92],[11.24,53.94],[11.18,54.02],[10.88,53.96],[10.76,54.04],[11.06,54.18],[11.08,54.34],[10.94,54.38],[10.78,54.32],[10.2,54.46],[10.02,54.54],[9.98,54.76],[9.56,54.84],[9.44,54.82],[8.82,54.9],[8.66,54.9],[8.68,54.74],[9.02,54.5],[8.86,54.42],[8.62,54.38],[8.66,54.28],[8.88,54.3],[8.82,54.18],[9.02,54.1],[8.86,53.84],[8.68,53.88],[8.58,53.86],[8.48,53.68],[8.34,53.62],[8.32,53.5],[8.2,53.42],[8.06,53.5],[8.16,53.56],[7.96,53.72],[7.22,53.66],[7.08,53.58],[7.02,53.46],[7.08,53.34],[7.2,53.24],[7.18,52.96],[7.08,52.86],[7.04,52.64],[6.7,52.62],[6.7,52.48],[7.04,52.36],[7.02,52.24],[6.76,52.1],[6.68,52.04],[6.8,51.98],[6.72,51.9],[6.38,51.82],[6.22,51.86],[5.92,51.8],[5.94,51.74],[6.1,51.64],[6.2,51.5],[6.18,51.34],[6.06,51.24],[6.14,51.14],[5.98,51.08],[6.06,50.9],[6,50.74],[6.24,50.58],[6.32,50.48],[6.34,50.36],[6.26,50.26],[6.14,50.22],[6.12,50.12],[6.1,50.04],[6.22,49.88],[6.5,49.8],[6.5,49.7],[6.36,49.56],[6.34,49.46],[6.5,49.44],[6.72,49.16],[6.84,49.22],[7.26,49.1],[7.4,49.18],[7.64,49.04],[7.94,49.04],[8.18,48.96],[8.1,48.82],[7.98,48.76],[7.82,48.62],[7.76,48.36],[7.58,48.1],[7.62,48],[7.52,47.78],[7.52,47.68],[7.58,47.58]]],[[[14.22,53.94],[14.06,54],[13.9,53.96],[13.94,53.9],[13.88,53.84],[14.2,53.88],[14.22,53.94]]],[[[13.7,54.4],[13.58,54.48],[13.64,54.58],[13.38,54.52],[13.16,54.54],[13.26,54.38],[13.12,54.34],[13.34,54.24],[13.5,54.34],[13.7,54.4]]]]},"properties":{"ADMIN":"Germany","ADM0_A3":"DEU"}},
{"type":"Feature","geometry":{"type":"MultiPolygon","coordinates":[[[[28.02,59.48],[27.88,59.4],[27.4,59.46],[27.12,59.44],[26.82,59.48],[26.66,59.56],[26.46,59.54],[26.1,59.58],[26,59.64],[25.68,59.62],[25.5,59.58],[25.4,59.5],[25.2,59.52],[24.7,59.5],[24.62,59.44],[24.4,59.48],[24.3,59.42],[24.08,59.4],[24.1,59.32],[23.76,59.28],[23.48,59.22],[23.52,59.12],[23.42,58.9],[23.58,58.8],[23.5,58.68],[23.68,58.5],[23.74,58.34],[23.98,58.32],[24.12,58.24],[24.36,58.4],[24.52,58.36],[24.48,58.26],[24.46,58.08],[24.3,57.86],[24.54,57.94],[24.7,57.96],[25.16,58.06],[25.4,58.02],[25.6,57.92],[25.8,57.86],[26,57.84],[26.02,57.78],[26.26,57.62],[26.5,57.52],[26.84,57.6],[27.06,57.56],[27.36,57.52],[27.4,57.68],[27.68,57.92],[27.64,58.08],[27.5,58.22],[27.56,58.4],[27.42,58.76],[27.48,58.88],[27.7,58.98],[27.9,59.3],[28.08,59.3],[28.18,59.38],[28.02,59.48]]],[[[23.24,58.5],[22.9,58.62],[22.64,58.58],[22.32,58.58],[22.12,58.5],[21.9,58.46],[22,58.38],[21.86,58.26],[22.02,58.24],[22.08,58.08],[22.18,57.98],[22.32,58.2],[22.54,58.26],[22.76,58.24],[23.08,58.4],[23.24,58.5]]],[[[23.38,58.58],[23.28,58.66],[23.06,58.6],[23.22,58.54],[23.38,58.58]]],[[[22.3,58.9],[22.38,58.88],[22.56,58.68],[22.74,58.8],[23.04,58.84],[22.94,58.98],[22.74,59],[22.6,59.08],[22.46,58.98],[22.3,58.9]]]]},"properties":{"ADMIN":"Estonia","ADM0_A3":"EST"}},
{"type":"Feature","geometry":{"type":"Polygon","coordinates":[[[28.14,56.14],[28.22,56.28],[28.12,56.54],[28,56.6],[27.92,56.8],[27.64,56.88],[27.82,57.16],[27.84,57.3],[27.52,57.44],[27.52,57.52],[27.36,57.52],[27.06,57.56],[26.84,57.6],[26.5,57.52],[26.26,57.62],[26.02,57.78],[26,57.84],[25.8,57.86],[25.6,57.92],[25.4,58.02],[25.16,58.06],[24.7,57.96],[24.54,57.94],[24.3,57.86],[24.4,57.34],[24.38,57.24],[24.22,57.12],[23.96,57.02],[23.7,56.96],[23.34,57.06],[23.26,57.12],[23.14,57.38],[23.04,57.4],[22.66,57.58],[22.48,57.74],[22,57.6],[21.7,57.56],[21.42,57.28],[21.4,57.04],[21.22,56.9],[21.06,56.84],[21.02,56.6],[20.96,56.26],[21.06,56.08],[21.6,56.3],[21.68,56.32],[22.1,56.42],[22.22,56.4],[22.52,56.4],[22.68,56.36],[22.88,56.4],[23.02,56.32],[23.28,56.38],[23.48,56.34],[23.86,56.34],[24.1,56.26],[24.28,56.3],[24.44,56.26],[24.64,56.36],[24.9,56.44],[24.98,56.3],[25.1,56.18],[25.64,56.14],[25.7,56.08],[26.18,55.84],[26.28,55.74],[26.6,55.66],[26.82,55.7],[26.98,55.82],[27.28,55.8],[27.6,55.8],[27.64,55.92],[27.92,56.1],[28.14,56.14]]]},"properties":{"ADMIN":"Latvia","ADM0_A3":"LVA"}},
{"type":"Feature","geometry":{"type":"MultiPolygon","coordinates":[[[[30.84,69.8],[30.46,69.82],[30.16,69.88],[30,69.76],[29.78,69.84],[29.68,69.96],[29.14,70.06],[28.74,70.08],[28.76,70.16],[29.22,70.12],[30.14,70.08],[30.54,70.24],[30.94,70.26],[31.06,70.36],[30.46,70.56],[30.2,70.68],[29.38,70.76],[29.22,70.86],[28.8,70.88],[28.52,70.72],[28.4,70.54],[28.14,70.44],[27.84,70.48],[28.24,70.62],[28.14,70.74],[28.48,70.88],[28.54,70.98],[27.88,71.04],[27.56,71.1],[27.26,71.02],[27.12,70.92],[27.4,70.88],[27.28,70.74],[26.98,70.52],[26.66,70.42],[26.52,70.44],[26.74,70.82],[26.62,70.94],[26.08,70.72],[26.02,70.62],[25.44,70.34],[25.52,70.28],[25.26,70.1],[24.94,70.1],[24.98,70.22],[25.2,70.3],[25.24,70.52],[25.82,70.82],[25.7,70.9],[25.34,70.96],[24.86,70.92],[24.66,70.98],[24.58,70.8],[24.26,70.84],[24.36,70.7],[24.26,70.6],[23.52,70.36],[23.36,70.12],[23,70.08],[22.96,70.2],[22.6,70.22],[21.98,70.32],[21.82,70.26],[21.44,70.26],[21.2,70.2],[21.94,69.98],[21.9,69.82],[21.26,70],[21.18,69.88],[20.9,69.86],[20.52,69.76],[20.32,69.96],[20,69.76],[19.78,69.8],[19.3,69.78],[19.1,69.74],[18.86,69.56],[18.3,69.48],[18,69.28],[18.08,69.16],[17.68,69.1],[17.44,68.92],[17.7,68.9],[17.24,68.76],[16.62,68.64],[16.46,68.5],[16.54,68.44],[16.18,68.32],[16.18,68.2],[16.32,68.12],[16.28,67.98],[16.04,68.02],[16.1,68.16],[15.72,68.08],[15.96,68],[15.78,67.96],[15.06,67.84],[15.04,67.68],[15.2,67.64],[14.72,67.48],[14.8,67.42],[14.4,67.28],[14.68,67.22],[15.14,67.32],[15.1,67.22],[14.78,67.22],[14.36,67.16],[14.22,66.98],[13.92,66.92],[13.58,66.94],[13.68,66.84],[13.48,66.68],[13.28,66.66],[13.08,66.5],[13.22,66.3],[13.22,66.18],[12.86,66.14],[12.92,65.96],[12.68,65.92],[12.66,65.8],[12.34,65.64],[12.4,65.54],[12.6,65.44],[12.34,65.3],[12.5,65.14],[12.48,65.08],[12.12,65.04],[11.98,65.06],[11.78,64.98],[11.4,64.92],[11.34,64.8],[11.62,64.84],[11.4,64.66],[11.52,64.52],[11.36,64.42],[11.08,64.52],[10.62,64.46],[10.46,64.3],[10.02,64.12],[10,63.92],[9.54,63.78],[9.58,63.68],[9.8,63.7],[9.92,63.52],[10.08,63.5],[10.42,63.58],[10.64,63.68],[10.92,63.74],[11.1,63.88],[11.42,63.86],[11.46,63.8],[11.04,63.72],[10.76,63.62],[10.78,63.48],[10.58,63.44],[10.3,63.46],[9.96,63.42],[9.8,63.52],[9.7,63.64],[9.42,63.52],[9.24,63.52],[9.16,63.4],[8.8,63.44],[8.74,63.34],[8.52,63.3],[8.62,63.12],[8.24,63.16],[8.22,63.04],[8.48,62.9],[8.32,62.88],[8.24,63],[8,63.1],[7.74,62.94],[7.5,62.92],[7.28,63.02],[6.92,62.92],[7.02,62.84],[6.98,62.72],[7.32,62.74],[7.36,62.6],[7.1,62.66],[6.78,62.66],[6.62,62.58],[6.32,62.6],[6.3,62.46],[6.5,62.4],[6.02,62.3],[5.92,62.2],[5.62,62.16],[5.18,62.22],[5.08,62.16],[5.3,62.06],[5.24,61.96],[5.36,61.9],[5.24,61.82],[4.98,61.74],[5,61.64],[5.22,61.62],[5.3,61.48],[5.06,61.44],[4.96,61.26],[5.12,61.14],[5.42,61.08],[5.56,61.14],[5.94,61.16],[6.44,61.12],[6.38,61.04],[6.1,61.12],[5.52,61.08],[5.44,61.02],[5.06,61.08],[5,61.02],[5.04,60.74],[5.1,60.64],[5.3,60.56],[5.74,60.7],[5.7,60.48],[5.62,60.42],[5.24,60.48],[5.26,60.38],[5.18,60.28],[5.3,60.2],[5.72,60.14],[5.68,60.04],[5.86,60.02],[5.86,60.14],[6.1,60.24],[6.2,60.38],[6.36,60.36],[6.14,60.22],[6.1,60.1],[5.78,59.94],[5.72,59.84],[5.84,59.78],[5.74,59.68],[5.44,59.7],[5.18,59.52],[5.2,59.42],[5.48,59.28],[5.86,59.36],[5.74,59.44],[5.84,59.52],[6.12,59.28],[6,59.14],[5.88,59.08],[5.88,58.96],[5.62,58.92],[5.48,58.76],[5.7,58.52],[5.92,58.48],[6.14,58.34],[6.62,58.24],[6.54,58.1],[6.88,58.14],[7,58.04],[7.16,58.06],[7.4,58.02],[7.66,58.06],[8.12,58.1],[8.36,58.24],[8.52,58.3],[9.34,58.76],[9.42,58.9],[9.66,58.96],[9.84,58.96],[10.28,59.1],[10.44,59.34],[10.48,59.52],[10.7,59.48],[10.64,59.38],[10.74,59.24],[10.86,59.18],[11.38,59.1],[11.44,59],[11.46,58.9],[11.66,58.92],[11.82,59.24],[11.68,59.56],[11.9,59.76],[11.84,59.88],[12.14,59.9],[12.44,60.06],[12.52,60.12],[12.48,60.3],[12.6,60.4],[12.6,60.52],[12.38,60.76],[12.26,60.98],[12.52,61.04],[12.68,61.04],[12.82,61.2],[12.88,61.38],[12.62,61.54],[12.42,61.58],[12.16,61.72],[12.32,62.24],[12.28,62.34],[12.1,62.58],[12.16,62.74],[12.1,62.92],[12.22,63],[12,63.28],[12.2,63.46],[12.18,63.6],[12.3,63.66],[12.68,63.96],[12.98,64.06],[13.24,64.1],[13.94,64],[14.16,64.2],[14.12,64.44],[13.64,64.58],[14.32,65.08],[14.36,65.22],[14.52,65.32],[14.56,65.7],[14.64,65.84],[14.54,66.12],[15.06,66.16],[15.48,66.28],[15.42,66.5],[15.66,66.6],[16.04,66.88],[16.42,67.06],[16.44,67.2],[16.12,67.42],[16.2,67.5],[16.48,67.56],[16.6,67.64],[16.8,67.92],[17.22,68.04],[17.32,68.1],[17.9,67.96],[18.16,68.16],[18.14,68.4],[18.18,68.54],[18.44,68.58],[18.64,68.5],[19.04,68.5],[19.94,68.36],[20.24,68.48],[19.96,68.54],[20.24,68.66],[20.36,68.8],[20.34,68.92],[20.1,69.02],[20.62,69.04],[20.74,69.1],[21.04,69.04],[21.04,69.18],[21.32,69.3],[21.66,69.26],[22.02,69.02],[22.6,68.72],[23.02,68.68],[23.2,68.62],[23.74,68.72],[23.92,68.82],[24.34,68.7],[24.66,68.66],[24.86,68.56],[25.12,68.64],[25.2,68.82],[25.38,68.88],[25.66,68.88],[25.8,69.02],[25.74,69.2],[25.88,69.38],[25.88,69.52],[26.04,69.7],[26.2,69.72],[26.5,69.92],[27.32,69.92],[27.62,70.06],[27.86,70.08],[28.16,69.9],[28.4,69.8],[29.14,69.68],[29.34,69.46],[29.22,69.38],[28.86,69.22],[28.82,69.1],[28.96,69.02],[29.24,69.12],[29.34,69.28],[29.9,69.36],[30.12,69.44],[30.3,69.62],[30.52,69.54],[30.86,69.52],[30.92,69.68],[30.84,69.8]]],[[[14.02,68.26],[13.64,68.3],[13.5,68.24],[13.48,68.1],[13.72,68.08],[14.02,68.26]]],[[[5.48,59.86],[5.42,59.94],[5.26,59.9],[5.32,59.8],[5.48,59.86]]],[[[5.62,60.08],[5.38,60],[5.58,59.92],[5.62,60.08]]],[[[5.68,60.68],[5.32,60.54],[5.48,60.44],[5.68,60.48],[5.68,60.68]]],[[[5.98,62.4],[5.8,62.36],[5.88,62.26],[6.06,62.34],[5.98,62.4]]],[[[7.92,63.34],[8.18,63.4],[8,63.48],[7.78,63.42],[7.92,63.34]]],[[[9.14,63.56],[8.96,63.66],[8.54,63.6],[8.32,63.52],[8.5,63.44],[9.1,63.54],[9.14,63.56]]],[[[8.36,63.68],[8.74,63.68],[8.8,63.8],[8.36,63.68]]],[[[12.46,65.42],[12.2,65.48],[12.24,65.28],[12.46,65.42]]],[[[15,68.36],[15.18,68.46],[14.66,68.42],[14.3,68.32],[14.2,68.16],[14.76,68.26],[15,68.36]]],[[[16.42,68.5],[16.2,68.52],[16.1,68.4],[16.4,68.42],[16.42,68.5]]],[[[16.52,68.72],[16.5,68.8],[15.94,68.68],[15.86,68.78],[15.9,68.96],[15.68,68.96],[15.46,68.8],[15.52,68.64],[15.24,68.56],[15.22,68.34],[15.9,68.36],[16.1,68.54],[16.48,68.54],[16.52,68.72]]],[[[14.4,68.66],[14.82,68.64],[15.06,68.58],[15.34,68.66],[15.4,68.74],[15.3,68.9],[14.72,68.76],[14.44,68.76],[14.4,68.66]]],[[[15.52,68.92],[16.06,69.14],[16.14,69.3],[15.86,69.24],[15.8,69.16],[15.56,69.1],[15.46,69.02],[15.52,68.92]]],[[[18.08,69.44],[17.78,69.54],[17.26,69.48],[16.92,69.32],[16.82,69.06],[17.52,69.16],[17.96,69.18],[17.92,69.34],[18.08,69.44]]],[[[19,69.82],[18.36,69.8],[18.26,69.54],[18.82,69.6],[18.8,69.68],[19.04,69.74],[19,69.82]]],[[[19.62,70.02],[19.4,70],[19.2,70.1],[18.88,70.02],[18.76,69.96],[19.12,69.78],[19.4,69.84],[19.62,70.02]]],[[[20.8,70.1],[20.82,70.2],[20.58,70.24],[20.42,70.18],[20.44,70.06],[20.8,70.1]]],[[[22.92,70.3],[22.68,70.4],[22.38,70.34],[22.74,70.26],[22.92,70.3]]],[[[23.66,70.5],[23.32,70.52],[22.9,70.46],[22.94,70.36],[23.22,70.28],[23.6,70.42],[23.66,70.5]]],[[[24.06,70.66],[23.82,70.76],[23.64,70.7],[23.7,70.58],[23.86,70.52],[24.1,70.58],[24.06,70.66]]],[[[22.42,70.52],[22.64,70.56],[23.08,70.58],[23.12,70.76],[22.78,70.66],[22.54,70.72],[22.26,70.68],[22.14,70.48],[22.42,70.52]]],[[[26.14,71.04],[25.56,71.14],[25.3,71.04],[25.54,70.94],[26.08,70.98],[26.14,71.04]]],[[[-7.96,71.18],[-8.32,71.14],[-8.5,71.02],[-8,71.04],[-7.96,71.18]]],[[[19.16,74.52],[18.78,74.48],[19.08,74.34],[19.3,74.48],[19.16,74.52]]],[[[24.42,77.82],[23.62,77.88],[23.12,77.98],[23.08,78.06],[23.48,78.16],[22.96,78.26],[22.4,78.2],[21.7,78.22],[21,78.14],[20.88,78.08],[21.66,77.92],[21.26,77.74],[21.18,77.6],[20.88,77.56],[20.92,77.44],[22.2,77.5],[22.44,77.44],[22.42,77.26],[23.24,77.26],[23.36,77.38],[23.9,77.5],[24.42,77.82]]],[[[21.02,78.22],[22.28,78.26],[22.24,78.48],[21.98,78.56],[21.18,78.62],[20.88,78.56],[20.18,78.5],[20.66,78.4],[21.02,78.22]]],[[[12.14,78.24],[11.88,78.4],[11.26,78.58],[11.18,78.74],[10.84,78.88],[10.52,78.78],[11.3,78.46],[12.14,78.24]]],[[[20.1,79.12],[20.4,79],[20.84,79.06],[20.1,79.12]]],[[[20.2,78.64],[21.04,78.64],[21.5,78.74],[21.52,78.86],[20.46,78.94],[19.9,79.02],[19.78,79.16],[18.94,79.16],[18.88,79.44],[17.56,79.9],[16.62,79.98],[16.3,80.06],[15.66,79.86],[15.96,79.3],[16.16,79.24],[16.12,79.06],[15.5,79.34],[15.26,79.62],[14.86,79.78],[14.54,79.82],[13.88,79.54],[13.02,79.68],[13.74,79.7],[13.98,79.78],[13.8,79.88],[12.76,79.78],[11.82,79.84],[11.2,79.72],[10.7,79.56],[10.84,79.38],[11.28,79.1],[12.12,79.26],[11.56,78.98],[11.86,78.86],[11.64,78.74],[12.02,78.62],[12.34,78.6],[12.36,78.48],[12.86,78.36],[12.92,78.24],[13.86,78.22],[14.28,78.3],[14.38,78.5],[14.8,78.64],[15.2,78.66],[15.44,78.46],[16,78.48],[16.94,78.36],[15.8,78.34],[15.04,78.12],[13.86,78.1],[13.58,78.06],[13.72,77.76],[14.46,77.76],[15.1,77.8],[15.56,77.88],[15.78,77.84],[16.68,77.86],[16.86,77.82],[15.12,77.7],[14.96,77.62],[15.84,77.58],[15.86,77.54],[14.78,77.54],[14.44,77.58],[13.92,77.54],[13.96,77.42],[14.32,77.28],[14.38,77.2],[15.04,77.14],[15.94,76.76],[16.28,76.7],[16.34,76.62],[16.8,76.56],[17.2,76.7],[16.94,76.78],[17.32,76.98],[17.48,77.3],[17.82,77.5],[18.2,77.5],[18.44,77.76],[18.34,77.9],[18.58,78.06],[19.06,78.08],[18.92,78.18],[19.06,78.38],[19,78.46],[19.68,78.52],[19.76,78.62],[20.2,78.64]]],[[[33.1,80.22],[31.5,80.12],[31.62,80.08],[32.84,80.14],[33.1,80.22]]],[[[27.18,80.08],[26.8,80.18],[25.94,80.18],[24.9,80.26],[24.38,80.34],[23.76,80.28],[23.6,80.14],[23.06,80.24],[23.3,80.28],[23.26,80.46],[22.84,80.42],[22.56,80.32],[22.38,80.12],[21.76,80.14],[21.84,80.28],[20.88,80.22],[20.2,80.42],[19.8,80.5],[19.1,80.26],[19.4,80.14],[18,80.2],[18.38,80.04],[18.8,79.98],[18.14,79.92],[18.78,79.72],[19.48,79.72],[20.18,79.78],[21.88,79.82],[21.86,79.7],[20.48,79.68],[19.64,79.62],[20.2,79.46],[20.72,79.46],[20.82,79.38],[21.72,79.38],[22.42,79.4],[22.92,79.22],[24.06,79.18],[24.28,79.3],[24.78,79.38],[25.18,79.34],[25.64,79.4],[25.96,79.52],[25.82,79.62],[26.5,79.72],[27.14,79.86],[27.18,80.08]]]]},"properties":{"ADMIN":"Norway","ADM0_A3":"NOR"}},
{"type":"Feature","geometry":{"type":"MultiPolygon","coordinates":[[[[11.44,59],[11.36,59.1],[11.22,59.1],[11.1,58.96],[11.24,58.8],[11.22,58.38],[11.38,58.36],[11.56,58.24],[11.8,58.32],[11.88,58.2],[11.7,57.88],[11.84,57.68],[11.9,57.52],[12.06,57.46],[12.2,57.14],[12.38,56.92],[12.6,56.82],[12.74,56.64],[12.88,56.64],[12.94,56.54],[12.84,56.44],[12.62,56.42],[12.84,56.26],[12.7,56.22],[12.6,56.12],[12.92,55.74],[13.06,55.68],[12.92,55.58],[13,55.4],[13.38,55.34],[13.62,55.42],[13.88,55.44],[14.18,55.4],[14.36,55.52],[14.2,55.72],[14.2,55.82],[14.34,55.96],[14.68,56.14],[15.5,56.18],[15.58,56.2],[15.86,56.08],[16.04,56.26],[16.1,56.42],[16.36,56.76],[16.46,56.94],[16.44,57.02],[16.56,57.12],[16.46,57.18],[16.54,57.36],[16.68,57.48],[16.62,57.68],[16.68,57.76],[16.46,57.9],[16.68,58],[16.82,58.2],[16.72,58.44],[16.86,58.48],[16.64,58.62],[16.4,58.6],[16.24,58.66],[16.92,58.62],[17.1,58.66],[17.74,58.92],[17.94,58.92],[18.04,59.06],[18.4,59.18],[18.04,59.4],[18.28,59.42],[18.68,59.6],[18.86,59.8],[19.08,59.9],[18.9,59.94],[18.82,60.06],[18.66,60.14],[18.42,60.2],[18.42,60.34],[18.28,60.34],[17.96,60.52],[17.92,60.6],[17.64,60.52],[17.58,60.64],[17.42,60.64],[17.24,60.7],[17.28,60.78],[17.16,60.94],[17.22,61.24],[17.1,61.4],[17.18,61.48],[17.1,61.64],[17.4,61.72],[17.34,61.92],[17.56,62.2],[17.34,62.4],[17.86,62.5],[18.04,62.6],[17.92,62.82],[18.14,62.82],[18.26,62.88],[18.52,62.9],[18.46,63.02],[18.62,63.18],[19.04,63.18],[19.28,63.44],[19.46,63.5],[19.76,63.52],[20.08,63.66],[20.3,63.66],[20.32,63.74],[20.5,63.82],[20.68,63.8],[20.9,63.98],[20.96,64.14],[21.24,64.3],[21.6,64.46],[21.48,64.48],[21.18,64.84],[21.62,65.14],[21.54,65.24],[21.7,65.28],[21.48,65.4],[21.94,65.42],[22.18,65.56],[22.36,65.76],[22.84,65.8],[23.08,65.72],[23.38,65.82],[23.96,65.78],[24.16,65.82],[24.02,66.04],[23.88,66.16],[23.72,66.2],[23.64,66.44],[23.88,66.56],[23.9,66.76],[24,66.82],[23.58,67.16],[23.74,67.28],[23.76,67.42],[23.44,67.48],[23.56,67.58],[23.5,67.88],[23.66,67.94],[23.16,68.14],[23.06,68.3],[22.6,68.42],[22.08,68.48],[21.92,68.56],[21.46,68.68],[21.08,68.86],[20.94,68.96],[20.62,69.04],[20.1,69.02],[20.34,68.92],[20.36,68.8],[20.24,68.66],[19.96,68.54],[20.24,68.48],[19.94,68.36],[19.04,68.5],[18.64,68.5],[18.44,68.58],[18.18,68.54],[18.14,68.4],[18.16,68.16],[17.9,67.96],[17.32,68.1],[17.22,68.04],[16.8,67.92],[16.6,67.64],[16.48,67.56],[16.2,67.5],[16.12,67.42],[16.44,67.2],[16.42,67.06],[16.04,66.88],[15.66,66.6],[15.42,66.5],[15.48,66.28],[15.06,66.16],[14.54,66.12],[14.64,65.84],[14.56,65.7],[14.52,65.32],[14.36,65.22],[14.32,65.08],[13.64,64.58],[14.12,64.44],[14.16,64.2],[13.94,64],[13.24,64.1],[12.98,64.06],[12.68,63.96],[12.3,63.66],[12.18,63.6],[12.2,63.46],[12,63.28],[12.22,63],[12.1,62.92],[12.16,62.74],[12.1,62.58],[12.28,62.34],[12.32,62.24],[12.16,61.72],[12.42,61.58],[12.62,61.54],[12.88,61.38],[12.82,61.2],[12.68,61.04],[12.52,61.04],[12.26,60.98],[12.38,60.76],[12.6,60.52],[12.6,60.4],[12.48,60.3],[12.52,60.12],[12.44,60.06],[12.14,59.9],[11.84,59.88],[11.9,59.76],[11.68,59.56],[11.82,59.24],[11.66,58.92],[11.46,58.9],[11.44,59]]],[[[17.12,57.32],[16.96,57.3],[16.88,57.12],[16.72,56.9],[16.62,56.88],[16.4,56.54],[16.42,56.22],[16.56,56.34],[16.64,56.56],[16.78,56.82],[16.88,56.92],[17.12,57.32]]],[[[19.04,57.86],[18.9,57.9],[18.78,57.84],[18.46,57.8],[18.12,57.52],[18.18,57.38],[18.1,57.26],[18.22,57.14],[18.2,56.92],[18.36,56.98],[18.44,57.16],[18.72,57.24],[18.78,57.36],[18.76,57.5],[18.82,57.7],[18.94,57.72],[19.04,57.86]]],[[[11.8,58.24],[11.74,58.28],[11.42,58.16],[11.7,58.1],[11.8,58.24]]]]},"properties":{"ADMIN":"Sweden","ADM0_A3":"SWE"}},
{"type":"Feature","geometry":{"type":"MultiPolygon","coordinates":[[[[28.96,69.02],[28.82,69.1],[28.86,69.22],[29.22,69.38],[29.34,69.46],[29.14,69.68],[28.4,69.8],[28.16,69.9],[27.86,70.08],[27.62,70.06],[27.32,69.92],[26.5,69.92],[26.2,69.72],[26.04,69.7],[25.88,69.52],[25.88,69.38],[25.74,69.2],[25.8,69.02],[25.66,68.88],[25.38,68.88],[25.2,68.82],[25.12,68.64],[24.86,68.56],[24.66,68.66],[24.34,68.7],[23.92,68.82],[23.74,68.72],[23.2,68.62],[23.02,68.68],[22.6,68.72],[22.02,69.02],[21.66,69.26],[21.32,69.3],[21.04,69.18],[21.04,69.04],[20.74,69.1],[20.62,69.04],[20.94,68.96],[21.08,68.86],[21.46,68.68],[21.92,68.56],[22.08,68.48],[22.6,68.42],[23.06,68.3],[23.16,68.14],[23.66,67.94],[23.5,67.88],[23.56,67.58],[23.44,67.48],[23.76,67.42],[23.74,67.28],[23.58,67.16],[24,66.82],[23.9,66.76],[23.88,66.56],[23.64,66.44],[23.72,66.2],[23.88,66.16],[24.02,66.04],[24.16,65.82],[24.52,65.8],[24.68,65.64],[24.82,65.66],[25.08,65.6],[25.36,65.48],[25.28,65.2],[25.44,64.96],[25.26,64.82],[25.08,64.92],[24.78,64.86],[24.42,64.68],[24.34,64.54],[24,64.38],[23.84,64.22],[23.72,64.2],[23.6,64.02],[23.38,64.04],[23.38,63.94],[22.92,63.8],[22.82,63.64],[22.68,63.7],[22.5,63.62],[22.42,63.48],[22.2,63.44],[22.38,63.32],[22.2,63.24],[21.9,63.18],[21.86,63.26],[21.62,63.2],[21.44,63.04],[21.38,62.88],[21.12,62.78],[21.2,62.6],[21.12,62.5],[21.2,62.36],[21.34,62.36],[21.24,61.98],[21.38,61.94],[21.62,61.54],[21.52,61.52],[21.54,61.22],[21.34,61],[21.32,60.84],[21.42,60.76],[21.46,60.6],[21.66,60.56],[21.78,60.6],[22.06,60.44],[22.3,60.38],[22.62,60.38],[22.44,60.24],[22.74,60.24],[22.94,60.32],[23,60.28],[22.86,60.18],[23.06,60.04],[23.2,60.04],[23.24,59.9],[23.56,59.98],[23.78,59.96],[24.3,60.08],[24.46,60],[24.6,60.1],[24.78,60.14],[25.18,60.18],[25.2,60.24],[25.74,60.24],[26.1,60.42],[26.32,60.38],[26.48,60.44],[26.68,60.42],[27,60.48],[27.06,60.54],[27.46,60.46],[27.7,60.48],[27.8,60.56],[28.48,60.94],[28.62,60.96],[28.8,61.1],[29.2,61.24],[29.54,61.48],[29.78,61.6],[30.64,62.18],[30.9,62.3],[31.22,62.5],[31.44,62.78],[31.56,62.9],[31.26,63.12],[31.22,63.2],[30.82,63.38],[30.48,63.46],[29.98,63.74],[30.2,63.8],[30.5,64],[30.58,64.08],[30.56,64.22],[30.32,64.32],[30.1,64.36],[29.96,64.58],[30.18,64.68],[30.06,64.78],[29.78,64.8],[29.58,65],[29.82,65.1],[29.84,65.2],[29.58,65.24],[29.72,65.32],[29.7,65.62],[30.12,65.72],[29.9,66.1],[29.6,66.34],[29.52,66.5],[29.08,66.84],[29.1,67],[29.52,67.3],[29.92,67.5],[30,67.68],[29.66,67.82],[29.3,68.08],[28.66,68.2],[28.44,68.52],[28.8,68.84],[28.46,68.9],[28.96,69.02]]],[[[22.84,60.24],[22.46,60.18],[22.46,60],[22.74,60.04],[22.84,60.12],[22.84,60.24]]]]},"properties":{"ADMIN":"Finland","ADM0_A3":"FIN"}},
{"type":"Feature","geometry":{"type":"MultiPolygon","coordinates":[[[[102.12,22.4],[102.22,22.22],[102.38,22.12],[102.48,22.02],[102.48,21.96],[102.6,21.9],[102.66,21.66],[102.78,21.74],[102.94,21.74],[102.98,21.58],[102.9,21.5],[102.88,21.22],[102.96,21.06],[103.02,21.04],[103.12,20.86],[103.36,20.78],[103.42,20.82],[103.66,20.66],[103.76,20.74],[103.78,20.84],[104.06,20.96],[104.3,20.88],[104.38,20.78],[104.6,20.66],[104.54,20.54],[104.44,20.54],[104.36,20.44],[104.58,20.42],[104.68,20.34],[104.66,20.22],[104.82,20.22],[104.9,20.18],[104.96,20],[104.78,19.9],[104.8,19.8],[104.66,19.7],[104.62,19.62],[104.5,19.6],[104.38,19.68],[104.3,19.66],[104.22,19.7],[104.08,19.66],[104.08,19.48],[104.04,19.42],[103.86,19.32],[103.98,19.22],[104.14,19.18],[104.48,18.98],[104.54,18.9],[104.72,18.8],[104.88,18.78],[104.94,18.74],[105.12,18.7],[105.16,18.64],[105.08,18.46],[105.16,18.32],[105.36,18.14],[105.48,18.12],[105.6,17.96],[105.6,17.88],[105.74,17.66],[105.84,17.6],[106.02,17.4],[106.18,17.26],[106.26,17.28],[106.42,16.98],[106.54,16.98],[106.54,16.68],[106.64,16.58],[106.66,16.48],[106.86,16.42],[106.96,16.3],[107.12,16.26],[107.16,16.16],[107.3,16.06],[107.44,16.06],[107.4,15.94],[107.18,15.84],[107.16,15.76],[107.36,15.5],[107.44,15.5],[107.5,15.42],[107.58,15.42],[107.66,15.28],[107.66,15.2],[107.58,15.04],[107.44,15.02],[107.56,14.88],[107.5,14.8],[107.52,14.7],[107.5,14.54],[107.46,14.44],[107.38,14.42],[107.32,14.12],[107.34,14.02],[107.44,13.98],[107.44,13.78],[107.6,13.54],[107.6,13.36],[107.46,13.02],[107.54,12.8],[107.56,12.6],[107.52,12.34],[107.42,12.26],[107.32,12.32],[107.16,12.28],[106.98,12.1],[106.74,12.06],[106.7,11.98],[106.4,11.96],[106.44,11.86],[106.4,11.74],[106.28,11.68],[106.16,11.74],[106.02,11.78],[105.86,11.54],[105.88,11.42],[105.84,11.3],[106.06,11.1],[106.16,11.06],[106.14,10.96],[106.16,10.78],[106.02,10.82],[105.94,10.9],[105.86,10.84],[105.76,11.02],[105.48,10.94],[105.42,10.96],[105.32,10.84],[105.26,10.88],[105.02,10.92],[105.06,10.74],[104.86,10.54],[104.56,10.52],[104.46,10.42],[104.58,10.26],[104.62,10.14],[104.7,10.22],[104.8,10.2],[104.9,10.1],[105,10.1],[105.08,10],[104.96,9.86],[104.9,9.86],[104.84,9.56],[104.8,9.04],[104.78,8.82],[104.86,8.72],[104.86,8.56],[105.1,8.64],[105.18,8.74],[105.34,8.84],[105.44,9.04],[105.54,9.12],[106.02,9.32],[106.2,9.36],[106.2,9.54],[106.08,9.74],[106.4,9.54],[106.48,9.54],[106.58,9.64],[106.52,9.76],[106.4,9.98],[106.62,9.82],[106.62,9.94],[106.66,10.04],[106.8,10.12],[106.72,10.2],[106.78,10.28],[106.78,10.4],[106.74,10.52],[106.76,10.58],[106.78,10.6],[106.74,10.66],[106.78,10.68],[106.82,10.64],[106.88,10.66],[106.96,10.5],[107.18,10.48],[107.28,10.38],[107.32,10.44],[107.54,10.52],[107.58,10.58],[107.88,10.72],[108,10.7],[108.1,10.92],[108.34,10.96],[108.48,11.06],[108.58,11.18],[108.72,11.18],[108.82,11.32],[108.94,11.32],[109.02,11.36],[109.02,11.52],[109.14,11.58],[109.24,11.74],[109.12,11.86],[109.2,11.94],[109.22,12.06],[109.2,12.38],[109.34,12.42],[109.2,12.56],[109.2,12.64],[109.46,12.92],[109.3,13.14],[109.3,13.34],[109.24,13.4],[109.3,13.58],[109.22,13.74],[109.3,13.76],[109.18,14.3],[109.08,14.58],[109.08,14.72],[108.94,14.98],[108.9,15.16],[108.92,15.26],[108.88,15.34],[108.7,15.44],[108.62,15.52],[108.46,15.74],[108.42,15.86],[108.3,15.96],[108.24,16.1],[108.14,16.12],[108.16,16.22],[107.94,16.36],[107.9,16.28],[107.82,16.32],[107.76,16.46],[107.68,16.5],[107.6,16.6],[107.22,16.9],[107.12,17.08],[106.76,17.34],[106.64,17.48],[106.48,17.74],[106.44,17.88],[106.52,17.94],[106.4,18.1],[106.28,18.2],[106.1,18.3],[105.98,18.4],[105.82,18.6],[105.78,18.74],[105.64,18.9],[105.62,18.98],[105.64,19.06],[105.74,19.1],[105.74,19.24],[105.8,19.28],[105.78,19.4],[105.82,19.6],[105.92,19.76],[105.96,19.92],[106.02,20],[106.1,19.96],[106.26,20.06],[106.4,20.2],[106.56,20.24],[106.6,20.44],[106.56,20.52],[106.7,20.7],[106.74,20.8],[106.76,20.94],[106.86,20.88],[106.94,20.96],[107.16,20.94],[107.22,21],[107.34,21],[107.4,21.28],[107.6,21.3],[107.66,21.38],[107.74,21.42],[107.78,21.5],[107.88,21.54],[108,21.48],[107.74,21.66],[107.62,21.6],[107.34,21.6],[107.28,21.72],[107.18,21.72],[107.06,21.8],[107.02,21.9],[106.72,22],[106.68,22.1],[106.66,22.22],[106.52,22.42],[106.56,22.58],[106.68,22.58],[106.74,22.7],[106.74,22.8],[106.66,22.86],[106.48,22.92],[106.32,22.86],[106.2,22.94],[106,22.98],[105.86,22.9],[105.7,23.04],[105.56,23.06],[105.52,23.16],[105.44,23.26],[105.34,23.32],[105.06,23.24],[104.94,23.16],[104.88,23.16],[104.8,23.08],[104.82,22.96],[104.72,22.84],[104.56,22.84],[104.34,22.68],[104.24,22.72],[104.22,22.82],[104.08,22.78],[104.02,22.72],[103.98,22.52],[103.86,22.58],[103.64,22.8],[103.6,22.76],[103.56,22.64],[103.48,22.6],[103.4,22.74],[103.3,22.78],[103.26,22.68],[103.14,22.6],[103.14,22.54],[102.98,22.44],[102.9,22.48],[102.84,22.58],[102.7,22.68],[102.54,22.7],[102.44,22.76],[102.38,22.62],[102.26,22.5],[102.22,22.42],[102.12,22.4]]],[[[104.08,10.38],[104,10.46],[103.86,10.32],[103.94,10.26],[104.02,10.04],[104.08,10.24],[104.08,10.38]]],[[[106.88,10.46],[106.8,10.64],[106.78,10.66],[106.76,10.66],[106.78,10.6],[106.76,10.56],[106.76,10.48],[106.88,10.46]]],[[[107.08,20.8],[107.02,20.86],[106.9,20.82],[107,20.74],[107.08,20.8]]],[[[107.58,21.22],[107.46,21.28],[107.38,21.06],[107.48,21.1],[107.58,21.22]]]]},"properties":{"ADMIN":"Vietnam","ADM0_A3":"VNM"}},
{"type":"Feature","geometry":{"type":"Polygon","coordinates":[[[107.52,14.7],[107.42,14.54],[107.28,14.6],[107.22,14.5],[107.08,14.4],[107.04,14.44],[106.94,14.32],[106.8,14.32],[106.7,14.42],[106.6,14.46],[106.52,14.6],[106.42,14.46],[106.32,14.44],[106.24,14.48],[106.16,14.36],[105.96,14.34],[106.02,14.22],[106.14,14.08],[106.04,13.92],[105.88,13.94],[105.74,14.08],[105.62,14.1],[105.54,14.16],[105.34,14.1],[105.26,14.18],[105.18,14.34],[105.1,14.24],[104.98,14.3],[104.98,14.38],[104.78,14.44],[104.6,14.42],[104.46,14.36],[104.24,14.4],[104,14.34],[103.88,14.34],[103.56,14.42],[103.46,14.38],[103.28,14.36],[103.08,14.3],[102.92,14.18],[102.86,14.02],[102.78,13.94],[102.7,13.76],[102.58,13.7],[102.52,13.56],[102.34,13.56],[102.32,13.28],[102.38,13.14],[102.48,13],[102.5,12.8],[102.48,12.66],[102.56,12.64],[102.76,12.42],[102.72,12.34],[102.7,12.14],[102.92,11.76],[102.92,11.64],[102.98,11.68],[103.04,11.54],[103.12,11.46],[103.08,11.28],[103.12,11.16],[103.1,10.94],[103.18,10.86],[103.28,10.94],[103.4,10.88],[103.48,11.14],[103.54,11.16],[103.66,11.02],[103.72,10.9],[103.68,10.76],[103.56,10.72],[103.5,10.64],[103.62,10.5],[103.74,10.5],[103.86,10.58],[104.28,10.54],[104.46,10.42],[104.56,10.52],[104.86,10.54],[105.06,10.74],[105.02,10.92],[105.26,10.88],[105.32,10.84],[105.42,10.96],[105.48,10.94],[105.76,11.02],[105.86,10.84],[105.94,10.9],[106.02,10.82],[106.16,10.78],[106.14,10.96],[106.16,11.06],[106.06,11.1],[105.84,11.3],[105.88,11.42],[105.86,11.54],[106.02,11.78],[106.16,11.74],[106.28,11.68],[106.4,11.74],[106.44,11.86],[106.4,11.96],[106.7,11.98],[106.74,12.06],[106.98,12.1],[107.16,12.28],[107.32,12.32],[107.42,12.26],[107.52,12.34],[107.56,12.6],[107.54,12.8],[107.46,13.02],[107.6,13.36],[107.6,13.54],[107.44,13.78],[107.44,13.98],[107.34,14.02],[107.32,14.12],[107.38,14.42],[107.46,14.44],[107.5,14.54],[107.52,14.7]]]},"properties":{"ADMIN":"Cambodia","ADM0_A3":"KHM"}},
{"type":"Feature","geometry":{"type":"Polygon","coordinates":[[[6.34,49.46],[6.36,49.56],[6.5,49.7],[6.5,49.8],[6.22,49.88],[6.1,50.04],[6.12,50.12],[5.96,50.16],[5.88,50.1],[5.72,49.88],[5.88,49.64],[5.8,49.54],[5.96,49.44],[6.14,49.5],[6.34,49.46]]]},"properties":{"ADMIN":"Luxembourg","ADM0_A3":"LUX"}},
{"type":"Feature","geometry":{"type":"MultiPolygon","coordinates":[[[[56.08,26.06],[56.02,25.88],[55.84,25.72],[55.66,25.6],[55.52,25.54],[55.48,25.42],[55.36,25.34],[55.08,25.02],[54.7,24.8],[54.56,24.46],[54.48,24.42],[54.44,24.32],[54.32,24.28],[54.12,24.14],[53.86,24.06],[53.58,24.04],[53.44,24.12],[53.26,24.1],[53.16,24.18],[53.06,24.12],[52.68,24.14],[52.64,24.18],[52.34,24],[52.22,23.98],[51.8,24],[51.78,24.18],[51.56,24.26],[51.6,24.08],[52.22,23.32],[52.54,22.96],[52.58,22.94],[53.44,22.82],[54.14,22.74],[55.1,22.62],[55.18,22.7],[55.2,23],[55.22,23.12],[55.32,23.28],[55.38,23.46],[55.44,23.56],[55.54,23.78],[55.5,23.98],[55.64,24.02],[55.8,24],[56,24.08],[55.94,24.22],[55.76,24.24],[55.8,24.34],[55.76,24.56],[55.82,24.64],[55.78,24.86],[55.94,24.98],[56,24.96],[56.04,24.76],[56.12,24.74],[56.38,24.98],[56.36,25.06],[56.38,25.32],[56.36,25.52],[56.28,25.62],[56.14,25.68],[56.18,26.02],[56.08,26.06]]],[[[53.66,24.16],[53.92,24.14],[53.96,24.2],[53.84,24.26],[53.72,24.22],[53.66,24.16]]]]},"properties":{"ADMIN":"United Arab Emirates","ADM0_A3":"ARE"}},
{"type":"Feature","geometry":{"type":"Polygon","coordinates":[[[5.8,49.54],[5.88,49.64],[5.72,49.88],[5.88,50.1],[5.96,50.16],[6.12,50.12],[6.14,50.22],[6.26,50.26],[6.34,50.36],[6.32,50.48],[6.24,50.58],[6,50.74],[5.8,50.76],[5.64,50.82],[5.84,51.14],[5.54,51.22],[5.48,51.28],[5.22,51.26],[5.06,51.38],[4.92,51.4],[4.74,51.48],[4.52,51.48],[4.26,51.36],[4.22,51.36],[4.12,51.28],[3.92,51.2],[3.64,51.28],[3.4,51.24],[3.34,51.38],[3.12,51.32],[2.52,51.08],[2.6,50.96],[2.62,50.82],[2.78,50.72],[3.14,50.76],[3.28,50.52],[3.46,50.52],[3.64,50.44],[3.76,50.34],[4.02,50.34],[4.16,50.22],[4.22,50.06],[4.14,49.98],[4.44,49.94],[4.66,49.98],[4.68,50.08],[4.86,50.08],[4.78,49.98],[4.84,49.8],[4.98,49.8],[5.4,49.6],[5.48,49.5],[5.64,49.54],[5.8,49.54]]]},"properties":{"ADMIN":"Belgium","ADM0_A3":"BEL"}},
{"type":"Feature","geometry":{"type":"Polygon","coordinates":[[[39.98,43.38],[40.22,43.32],[40.34,43.14],[40.4,43.16],[40.58,43.08],[40.86,43.06],[41.02,42.98],[41.16,42.8],[41.38,42.76],[41.5,42.64],[41.56,42.38],[41.6,42.34],[41.66,42.12],[41.76,42],[41.78,41.82],[41.68,41.66],[41.52,41.52],[41.7,41.48],[41.8,41.42],[41.94,41.5],[42.16,41.5],[42.44,41.44],[42.56,41.56],[42.8,41.58],[42.76,41.5],[42.96,41.44],[43.12,41.32],[43.24,41.18],[43.32,41.2],[43.44,41.1],[43.72,41.1],[43.86,41.16],[44.12,41.18],[44.2,41.24],[44.56,41.18],[44.62,41.22],[44.82,41.2],[44.82,41.28],[45,41.3],[45.24,41.44],[45.46,41.44],[45.72,41.34],[45.7,41.26],[45.96,41.16],[46.22,41.2],[46.5,41.04],[46.62,41.12],[46.7,41.26],[46.6,41.38],[46.3,41.52],[46.2,41.62],[46.2,41.76],[46.3,41.76],[46.44,41.9],[46.22,42],[45.94,42.02],[45.62,42.22],[45.74,42.44],[45.7,42.5],[45.48,42.54],[45.36,42.52],[45.18,42.68],[45.04,42.68],[44.86,42.76],[44.76,42.62],[44.68,42.72],[44.56,42.76],[44.28,42.7],[44.2,42.62],[44.06,42.62],[43.94,42.56],[43.76,42.6],[43.8,42.74],[43.52,42.86],[43.2,42.92],[42.98,43.06],[43,43.1],[42.76,43.18],[42.6,43.14],[42.42,43.22],[42.18,43.22],[42.08,43.18],[41.56,43.22],[41.38,43.34],[41.18,43.38],[41.02,43.38],[40.66,43.54],[40.48,43.5],[40.24,43.58],[40.06,43.54],[39.98,43.38]]]},"properties":{"ADMIN":"Georgia","ADM0_A3":"GEO"}},
{"type":"Feature","geometry":{"type":"Polygon","coordinates":[[[20.56,41.88],[20.5,41.74],[20.54,41.6],[20.44,41.54],[20.54,41.4],[20.48,41.32],[20.58,41.1],[20.66,41.06],[20.7,40.94],[20.94,40.9],[20.96,40.84],[21.3,40.86],[21.38,40.9],[21.58,40.86],[21.74,40.92],[21.9,41.1],[22.18,41.16],[22.42,41.12],[22.72,41.16],[22.76,41.32],[22.92,41.34],[22.96,41.42],[22.94,41.58],[23,41.72],[22.88,41.88],[22.84,42.02],[22.54,42.12],[22.34,42.32],[22.24,42.34],[22.1,42.3],[21.94,42.34],[21.68,42.24],[21.36,42.22],[21.24,42.1],[21.1,42.2],[20.76,42.06],[20.76,41.9],[20.68,41.84],[20.56,41.88]]]},"properties":{"ADMIN":"North Macedonia","ADM0_A3":"MKD"}},
{"type":"Feature","geometry":{"type":"Polygon","coordinates":[[[20.56,41.88],[20.6,41.94],[20.5,42.22],[20.34,42.32],[20.24,42.32],[20.14,42.5],[20.06,42.54],[19.82,42.46],[19.6,42.58],[19.52,42.46],[19.28,42.18],[19.38,42.1],[19.36,41.86],[19.58,41.82],[19.56,41.58],[19.42,41.38],[19.52,41.26],[19.46,41.18],[19.44,41],[19.52,40.94],[19.42,40.86],[19.3,40.64],[19.48,40.46],[19.48,40.34],[19.38,40.3],[19.48,40.22],[19.86,40.04],[19.9,39.92],[20.02,39.84],[20,39.7],[20.2,39.64],[20.3,39.72],[20.32,39.92],[20.44,40.06],[20.64,40.1],[20.7,40.28],[20.82,40.46],[20.92,40.46],[21.02,40.56],[21.04,40.64],[20.96,40.74],[20.96,40.84],[20.94,40.9],[20.7,40.94],[20.66,41.06],[20.58,41.1],[20.48,41.32],[20.54,41.4],[20.44,41.54],[20.54,41.6],[20.5,41.74],[20.56,41.88]]]},"properties":{"ADMIN":"Albania","ADM0_A3":"ALB"}},
{"type":"Feature","geometry":{"type":"MultiPolygon","coordinates":[[[[46.44,41.9],[46.3,41.76],[46.2,41.76],[46.2,41.62],[46.3,41.52],[46.6,41.38],[46.7,41.26],[46.62,41.12],[46.5,41.04],[46.22,41.2],[45.96,41.16],[45.7,41.26],[45.72,41.34],[45.46,41.44],[45.24,41.44],[45,41.3],[45.06,41.2],[45.18,41.16],[45.22,41.02],[45.42,40.96],[45.54,40.88],[45.56,40.78],[45.38,40.68],[45.52,40.44],[45.58,40.4],[45.98,40.22],[45.88,40],[45.64,40.02],[45.62,39.96],[45.76,39.92],[45.86,39.8],[45.98,39.76],[46.04,39.68],[46.2,39.58],[46.34,39.62],[46.52,39.54],[46.38,39.38],[46.5,39.32],[46.6,39.22],[46.48,39.12],[46.52,38.88],[46.74,39.04],[46.86,39.16],[47.02,39.18],[47.1,39.3],[47.3,39.38],[47.38,39.46],[47.56,39.52],[47.84,39.68],[47.96,39.7],[48.06,39.66],[48.34,39.38],[48.12,39.3],[48.14,39.18],[48.3,39.04],[48.24,38.98],[48.06,38.94],[48.02,38.82],[48.22,38.72],[48.32,38.6],[48.44,38.56],[48.6,38.4],[48.78,38.44],[48.88,38.44],[48.86,38.76],[48.84,38.8],[48.92,38.94],[48.96,39.18],[49.06,39.18],[49.2,39.02],[49.24,39.28],[49.4,39.38],[49.3,39.48],[49.32,39.62],[49.42,39.7],[49.4,39.78],[49.48,39.98],[49.44,40.08],[49.58,40.22],[49.78,40.28],[49.9,40.36],[50.22,40.34],[50.34,40.4],[50.24,40.5],[50.06,40.58],[49.86,40.56],[49.58,40.62],[49.52,40.68],[49.54,40.78],[49.38,40.86],[49.2,41.06],[49.14,41.28],[49.04,41.42],[48.66,41.8],[48.58,41.84],[48.38,41.58],[48.2,41.5],[48.06,41.46],[47.94,41.34],[47.88,41.2],[47.74,41.2],[47.38,41.26],[47.26,41.3],[47.24,41.42],[47.1,41.56],[47.02,41.56],[46.9,41.7],[46.76,41.78],[46.74,41.84],[46.54,41.8],[46.44,41.9]]],[[[46.14,38.86],[45.96,39.16],[45.96,39.28],[45.76,39.36],[45.78,39.54],[45.72,39.56],[45.46,39.48],[45.16,39.56],[45.14,39.68],[45.04,39.78],[44.78,39.7],[44.8,39.64],[44.88,39.6],[44.96,39.44],[45.06,39.38],[45.18,39.22],[45.34,39.16],[45.44,39],[46.14,38.86]]]]},"properties":{"ADMIN":"Azerbaijan","ADM0_A3":"AZE"}},
{"type":"Feature","geometry":{"type":"Polygon","coordinates":[[[22.34,42.32],[22.5,42.4],[22.52,42.5],[22.42,42.58],[22.5,42.88],[22.72,42.88],[22.78,42.98],[22.94,43.08],[22.92,43.22],[22.8,43.32],[22.52,43.48],[22.48,43.64],[22.34,43.8],[22.4,44],[22.6,44.08],[22.6,44.18],[22.7,44.22],[22.68,44.3],[22.5,44.4],[22.48,44.5],[22.62,44.56],[22.62,44.64],[22.48,44.72],[22.32,44.68],[22.18,44.52],[22.1,44.5],[22,44.66],[21.86,44.7],[21.66,44.68],[21.56,44.78],[21.42,44.78],[21.36,44.86],[21.5,45.14],[20.98,45.34],[20.76,45.5],[20.72,45.74],[20.58,45.88],[20.34,46],[20.24,46.1],[19.92,46.16],[19.8,46.12],[19.54,46.16],[19.26,45.98],[18.9,45.94],[18.84,45.82],[19.02,45.56],[18.98,45.4],[19.1,45.3],[19.28,45.24],[19.14,45.16],[19.08,45.08],[19.14,44.96],[19.02,44.86],[19.18,44.92],[19.36,44.88],[19.32,44.74],[19.12,44.52],[19.1,44.38],[19.18,44.28],[19.32,44.26],[19.36,44.2],[19.62,44.04],[19.56,43.98],[19.28,43.94],[19.46,43.76],[19.5,43.68],[19.48,43.56],[19.36,43.6],[19.2,43.54],[19.22,43.44],[19.36,43.4],[19.62,43.16],[19.8,43.08],[19.92,43.12],[20.12,42.98],[20.34,42.9],[20.34,42.82],[20.08,42.78],[20.1,42.66],[20.06,42.54],[20.14,42.5],[20.24,42.32],[20.34,42.32],[20.5,42.22],[20.6,41.94],[20.56,41.88],[20.68,41.84],[20.76,41.9],[20.76,42.06],[21.1,42.2],[21.24,42.1],[21.36,42.22],[21.68,42.24],[21.94,42.34],[22.1,42.3],[22.24,42.34],[22.34,42.32]]]},"properties":{"ADMIN":"Republic of Serbia","ADM0_A3":"SRB"}},
{"type":"Feature","geometry":{"type":"MultiPolygon","coordinates":[[[[42.36,37.1],[42.56,37.14],[42.78,37.38],[42.94,37.32],[43.08,37.36],[43.34,37.32],[43.48,37.24],[43.9,37.22],[44,37.32],[44.22,37.26],[44.24,37.16],[44.18,37.08],[44.24,36.98],[44.42,37.06],[44.58,37.16],[44.76,37.14],[44.8,37.3],[44.56,37.44],[44.6,37.72],[44.46,37.76],[44.38,37.86],[44.22,37.88],[44.22,37.96],[44.34,38.1],[44.42,38.38],[44.28,38.38],[44.3,38.62],[44.24,38.72],[44.28,38.84],[44.14,39],[44.18,39.14],[44.08,39.2],[44.06,39.4],[44.26,39.38],[44.4,39.44],[44.46,39.7],[44.56,39.76],[44.8,39.64],[44.78,39.7],[44.46,39.98],[44.26,40.04],[44.04,40],[43.92,40.02],[43.66,40.12],[43.72,40.16],[43.6,40.34],[43.72,40.68],[43.72,40.78],[43.6,40.96],[43.46,41.02],[43.44,41.1],[43.32,41.2],[43.24,41.18],[43.12,41.32],[42.96,41.44],[42.76,41.5],[42.8,41.58],[42.56,41.56],[42.44,41.44],[42.16,41.5],[41.94,41.5],[41.8,41.42],[41.7,41.48],[41.52,41.52],[41.4,41.38],[41.12,41.28],[41.02,41.22],[40.82,41.2],[40.7,41.1],[40.46,41.06],[40.14,40.92],[40,40.98],[39.86,40.96],[39.6,41.02],[39.44,41.12],[39.28,41.06],[39.16,41.08],[38.92,41.04],[38.72,40.96],[38.34,40.92],[37.98,41],[37.9,40.98],[37.66,41.12],[37.5,41.04],[37.26,41.14],[37.04,41.18],[36.98,41.3],[36.84,41.36],[36.62,41.38],[36.46,41.24],[36.24,41.36],[36.14,41.46],[36.12,41.62],[36.04,41.7],[35.9,41.7],[35.62,41.64],[35.54,41.64],[35.22,41.76],[35.1,41.92],[35.1,42.02],[34.94,42.1],[34.88,42],[34.7,41.94],[34.48,41.98],[34.34,41.94],[34,41.98],[33.88,41.98],[33.32,42.02],[32.92,41.88],[32.62,41.84],[32.36,41.72],[32.26,41.72],[32.14,41.6],[31.88,41.5],[31.66,41.4],[31.4,41.32],[31.4,41.2],[31.24,41.1],[30.84,41.08],[30.28,41.22],[30.14,41.14],[29.88,41.14],[29.24,41.24],[29.14,41.22],[29.02,40.98],[29.26,40.86],[29.36,40.76],[29.28,40.66],[28.98,40.64],[28.8,40.56],[28.92,40.48],[29.12,40.46],[29.06,40.38],[28.96,40.36],[28.78,40.4],[28.64,40.36],[28.34,40.4],[28.12,40.4],[27.96,40.5],[27.76,40.54],[27.68,40.5],[27.86,40.36],[27.78,40.32],[27.46,40.32],[27.34,40.38],[27.3,40.46],[27.1,40.46],[27.02,40.4],[26.74,40.4],[26.5,40.22],[26.4,40.2],[26.32,40.02],[26.16,39.94],[26.14,39.62],[26.06,39.5],[26.16,39.46],[26.36,39.48],[26.46,39.52],[26.9,39.58],[26.92,39.48],[26.68,39.3],[26.74,39.2],[26.88,39.08],[26.8,38.96],[26.96,38.94],[27.02,38.88],[26.72,38.72],[26.76,38.62],[26.84,38.6],[26.94,38.44],[26.92,38.38],[26.76,38.36],[26.62,38.42],[26.64,38.52],[26.5,38.66],[26.34,38.62],[26.4,38.48],[26.52,38.44],[26.48,38.36],[26.26,38.28],[26.44,38.22],[26.6,38.1],[26.64,38.2],[26.76,38.22],[26.86,38.04],[26.94,38.06],[27.12,38],[27.24,37.98],[27.24,37.74],[27.12,37.68],[27.2,37.6],[27.2,37.36],[27.34,37.36],[27.56,37.28],[27.56,37.14],[27.48,37.1],[27.3,37.12],[27.22,37.06],[27.26,36.96],[27.44,37.02],[27.48,37],[27.78,37],[27.98,37.04],[28.04,36.94],[28.04,36.72],[28.12,36.6],[28.26,36.72],[28.24,36.82],[28.42,36.82],[28.6,36.74],[28.86,36.7],[28.96,36.72],[29.1,36.66],[29.12,36.42],[29.18,36.34],[29.32,36.24],[29.6,36.2],[29.66,36.14],[29.8,36.14],[29.92,36.22],[30.14,36.26],[30.26,36.3],[30.44,36.24],[30.52,36.34],[30.48,36.4],[30.56,36.52],[30.56,36.78],[30.68,36.9],[30.78,36.84],[30.94,36.86],[31.34,36.8],[31.4,36.76],[32.02,36.54],[32.36,36.18],[32.68,36.04],[32.8,36.02],[32.94,36.1],[33.08,36.08],[33.14,36.14],[33.54,36.14],[34.08,36.32],[34.08,36.42],[34.28,36.58],[34.56,36.76],[34.78,36.82],[35.34,36.54],[35.52,36.62],[35.64,36.6],[35.6,36.74],[35.8,36.78],[36.02,36.92],[36.18,36.8],[36.18,36.6],[36.04,36.52],[35.78,36.32],[35.98,36.02],[35.92,35.92],[36.14,35.82],[36.2,35.96],[36.36,36.02],[36.36,36.18],[36.5,36.22],[36.66,36.22],[36.58,36.32],[36.54,36.5],[36.6,36.74],[36.66,36.82],[36.96,36.76],[37.02,36.64],[37.24,36.66],[37.44,36.64],[37.66,36.74],[37.82,36.76],[38.2,36.9],[38.52,36.84],[38.66,36.72],[38.8,36.68],[39.04,36.7],[39.24,36.66],[39.76,36.74],[40.2,36.88],[40.4,37],[40.7,37.1],[40.9,37.12],[41.2,37.06],[41.48,37.08],[42,37.18],[42.18,37.3],[42.36,37.22],[42.36,37.1]]],[[[28.02,41.98],[27.8,42],[27.54,41.9],[27.28,42.1],[27.18,42.06],[27.02,42.08],[26.94,42],[26.62,41.96],[26.52,41.82],[26.38,41.82],[26.34,41.72],[26.6,41.6],[26.64,41.38],[26.34,41.26],[26.32,41.08],[26.36,40.96],[26.26,40.92],[26.14,40.76],[26.04,40.74],[26.08,40.62],[26.3,40.6],[26.8,40.66],[26.82,40.6],[26.66,40.52],[26.6,40.52],[26.22,40.34],[26.26,40.26],[26.22,40.14],[26.38,40.16],[26.44,40.24],[26.62,40.36],[26.68,40.46],[27.04,40.62],[27.18,40.64],[27.42,40.84],[27.52,40.98],[27.74,41.02],[27.94,40.98],[28.02,41.04],[28.24,41.08],[28.62,40.96],[28.82,40.96],[28.98,41],[29.1,41.24],[28.9,41.26],[28.38,41.44],[28.12,41.62],[27.98,41.82],[28.02,41.98]]],[[[26.02,40.16],[25.92,40.24],[25.76,40.2],[25.76,40.1],[26.02,40.16]]]]},"properties":{"ADMIN":"Turkey","ADM0_A3":"TUR"}},
{"type":"Feature","geometry":{"type":"MultiPolygon","coordinates":[[[[1.7,42.5],[1.44,42.44],[1.42,42.6],[1.32,42.72],[1.14,42.72],[1.06,42.78],[0.82,42.84],[0.66,42.84],[0.6,42.68],[0.28,42.66],[0.16,42.72],[-0.04,42.68],[-0.16,42.78],[-0.3,42.84],[-0.56,42.78],[-0.74,42.88],[-0.76,42.94],[-0.98,42.96],[-1.28,43.04],[-1.44,43.04],[-1.4,43.24],[-1.56,43.28],[-1.74,43.3],[-1.8,43.38],[-2.1,43.3],[-2.36,43.32],[-2.76,43.46],[-2.94,43.44],[-3.12,43.36],[-3.48,43.46],[-3.56,43.52],[-3.82,43.5],[-4.18,43.4],[-4.74,43.42],[-4.84,43.44],[-5.18,43.48],[-5.42,43.56],[-5.7,43.56],[-5.86,43.66],[-5.9,43.58],[-6.06,43.56],[-6.22,43.6],[-6.52,43.54],[-6.64,43.58],[-7.24,43.56],[-7.36,43.68],[-7.54,43.74],[-7.78,43.74],[-8.06,43.7],[-8.08,43.66],[-8.3,43.54],[-8.34,43.48],[-8.5,43.34],[-8.7,43.3],[-8.84,43.34],[-8.98,43.28],[-9.06,43.2],[-9.22,43.16],[-9.26,43.02],[-9.14,42.92],[-9.12,42.76],[-8.98,42.8],[-9.08,42.6],[-8.98,42.56],[-8.82,42.56],[-8.86,42.42],[-8.8,42.26],[-8.9,42.1],[-8.88,41.9],[-8.76,41.96],[-8.62,42.06],[-8.34,42.1],[-8.22,42.16],[-8.1,42.02],[-8.24,41.88],[-8.18,41.82],[-8.04,41.82],[-7.72,41.9],[-7.58,41.82],[-7.26,41.86],[-7.14,41.98],[-6.66,41.94],[-6.52,41.86],[-6.56,41.68],[-6.36,41.66],[-6.2,41.58],[-6.32,41.42],[-6.5,41.3],[-6.64,41.26],[-6.82,41.06],[-6.94,41.02],[-6.84,40.84],[-6.82,40.64],[-6.86,40.44],[-6.8,40.36],[-6.9,40.26],[-7.04,40.18],[-6.88,40],[-6.92,39.88],[-7.04,39.68],[-7.34,39.68],[-7.56,39.68],[-7.52,39.6],[-7.32,39.46],[-7.32,39.34],[-7.16,39.12],[-7.04,39.1],[-6.98,39.02],[-7.06,38.86],[-7.28,38.74],[-7.36,38.44],[-7.16,38.28],[-7.12,38.2],[-6.94,38.2],[-7.02,38.02],[-7.12,38.04],[-7.26,37.94],[-7.34,37.82],[-7.42,37.76],[-7.52,37.56],[-7.48,37.5],[-7.42,37.2],[-7.02,37.2],[-6.74,37.1],[-6.5,36.96],[-6.36,36.78],[-6.44,36.76],[-6.4,36.64],[-6.24,36.58],[-6.22,36.4],[-6.04,36.18],[-5.92,36.18],[-5.8,36.08],[-5.62,36],[-5.44,36.06],[-5.36,36.14],[-5.34,36.14],[-5.18,36.42],[-4.9,36.5],[-4.72,36.5],[-4.52,36.58],[-4.44,36.72],[-4.22,36.72],[-4.06,36.74],[-3.6,36.74],[-3.42,36.7],[-3.22,36.76],[-2.94,36.76],[-2.76,36.68],[-2.66,36.7],[-2.58,36.82],[-2.36,36.84],[-2.2,36.74],[-2.08,36.78],[-2,36.88],[-1.9,36.96],[-1.82,37.2],[-1.68,37.36],[-1.48,37.44],[-1.32,37.56],[-1.16,37.54],[-1.06,37.58],[-0.92,37.56],[-0.7,37.62],[-0.86,37.72],[-0.72,37.94],[-0.66,37.98],[-0.6,38.18],[-0.5,38.2],[-0.52,38.3],[-0.32,38.48],[-0.1,38.54],[-0.02,38.62],[0.24,38.76],[0.16,38.84],[0,38.86],[-0.12,38.96],[-0.22,39.08],[-0.22,39.18],[-0.3,39.32],[-0.32,39.52],[-0.2,39.72],[0.2,40.18],[0.36,40.28],[0.54,40.58],[0.6,40.62],[0.88,40.7],[0.72,40.82],[1,41.04],[1.18,41.06],[1.22,41.1],[1.54,41.18],[2.06,41.28],[2.14,41.3],[2.3,41.46],[2.78,41.64],[3.16,41.84],[3.24,41.96],[3.22,42.06],[3.12,42.14],[3.16,42.26],[3.26,42.24],[3.32,42.32],[3.18,42.36],[3.18,42.44],[2.94,42.48],[2.64,42.38],[2.46,42.34],[2.28,42.42],[2.14,42.42],[2.06,42.36],[1.92,42.44],[1.7,42.5]]],[[[-17.94,27.86],[-18.06,27.76],[-18,27.64],[-17.88,27.82],[-17.94,27.86]]],[[[-15.4,28.04],[-15.42,28.14],[-15.7,28.16],[-15.72,28.06],[-15.82,28],[-15.78,27.84],[-15.68,27.76],[-15.58,27.74],[-15.38,27.86],[-15.4,28.04]]],[[[-17.3,28.2],[-17.34,28.1],[-17.24,28.02],[-17.1,28.1],[-17.22,28.2],[-17.3,28.2]]],[[[-16.42,28.14],[-16.36,28.38],[-16.24,28.48],[-16.3,28.56],[-16.4,28.52],[-16.5,28.42],[-16.78,28.36],[-16.92,28.36],[-16.84,28.2],[-16.68,28],[-16.54,28.02],[-16.42,28.14]]],[[[-13.98,28.74],[-14.04,28.58],[-14.14,28.42],[-14.22,28.16],[-13.96,28.22],[-13.84,28.4],[-13.84,28.72],[-13.98,28.74]]],[[[-17.76,28.82],[-17.92,28.86],[-18,28.74],[-17.84,28.46],[-17.72,28.74],[-17.76,28.82]]],[[[-13.48,29.24],[-13.52,29.16],[-13.76,29.08],[-13.84,29],[-13.86,28.86],[-13.78,28.84],[-13.7,28.92],[-13.48,29],[-13.48,29.24]]],[[[1.6,39.1],[1.54,39.12],[1.36,39.08],[1.22,38.9],[1.34,38.86],[1.5,38.94],[1.62,39.02],[1.6,39.1]]],[[[3.36,39.78],[3.3,39.74],[3.12,39.82],[3.14,39.92],[2.94,39.92],[2.7,39.82],[2.56,39.72],[2.36,39.62],[2.38,39.52],[2.5,39.48],[2.66,39.56],[2.76,39.5],[2.76,39.4],[2.96,39.36],[3.06,39.26],[3.22,39.36],[3.32,39.52],[3.4,39.6],[3.46,39.74],[3.36,39.78]]],[[[4.3,39.92],[4.26,40],[4.1,40.06],[3.82,40.04],[3.86,39.92],[4.02,39.92],[4.24,39.82],[4.3,39.92]]]]},"properties":{"ADMIN":"Spain","ADM0_A3":"ESP"}},
{"type":"Feature","geometry":{"type":"Polygon","coordinates":[[[-8.68,27.66],[-8.68,28.66],[-8.64,28.72],[-8.42,28.86],[-8.38,28.9],[-8.18,29.04],[-8.06,29.08],[-7.62,29.38],[-7.34,29.38],[-7.26,29.46],[-7.14,29.5],[-6.96,29.5],[-6.78,29.44],[-6.7,29.52],[-6.28,29.58],[-6,29.58],[-5.76,29.62],[-5.72,29.52],[-5.54,29.52],[-5.44,29.64],[-5.28,29.88],[-5.18,29.98],[-4.88,30.18],[-4.62,30.28],[-4.48,30.38],[-4.38,30.5],[-4.16,30.58],[-3.84,30.62],[-3.64,30.72],[-3.66,30.84],[-3.56,30.96],[-3.64,31.1],[-3.82,31.22],[-3.82,31.32],[-3.68,31.38],[-3.66,31.64],[-3.22,31.72],[-2.82,31.8],[-2.94,32.04],[-2.52,32.14],[-1.24,32.08],[-1.28,32.16],[-1.22,32.4],[-1.12,32.42],[-1.04,32.52],[-1.42,32.74],[-1.56,32.94],[-1.5,33.06],[-1.68,33.24],[-1.68,33.36],[-1.62,33.52],[-1.66,33.64],[-1.74,33.68],[-1.7,33.78],[-1.72,33.9],[-1.68,34.1],[-1.74,34.3],[-1.8,34.38],[-1.76,34.5],[-1.88,34.6],[-1.78,34.76],[-2.2,35],[-2.22,35.08],[-2.42,35.14],[-2.56,35.1],[-2.9,35.18],[-2.92,35.28],[-2.94,35.32],[-3.2,35.24],[-3.42,35.2],[-3.6,35.24],[-3.68,35.28],[-3.76,35.22],[-3.96,35.26],[-4.38,35.16],[-4.78,35.24],[-5.06,35.42],[-5.24,35.58],[-5.32,35.72],[-5.34,35.84],[-5.4,35.92],[-5.6,35.82],[-5.92,35.78],[-6.02,35.5],[-6.2,35.12],[-6.3,34.88],[-6.56,34.42],[-6.82,34.04],[-7.1,33.84],[-7.22,33.8],[-7.5,33.64],[-7.86,33.52],[-8.1,33.44],[-8.24,33.4],[-8.46,33.26],[-8.52,33.26],[-8.62,33.12],[-8.86,32.88],[-9,32.8],[-9.26,32.58],[-9.24,32.48],[-9.3,32.36],[-9.28,32.22],[-9.36,32.02],[-9.66,31.74],[-9.68,31.64],[-9.84,31.4],[-9.82,31.36],[-9.84,31.14],[-9.82,30.8],[-9.88,30.68],[-9.7,30.54],[-9.62,30.4],[-9.66,30.12],[-9.82,29.84],[-10.06,29.6],[-10.14,29.42],[-10.26,29.28],[-10.34,29.22],[-10.46,29.1],[-10.58,29],[-11.04,28.76],[-11.32,28.52],[-11.48,28.32],[-12,28.12],[-12.06,28.08],[-12.34,28.04],[-12.52,28],[-12.84,27.98],[-12.96,27.92],[-13.06,27.74],[-13.18,27.66],[-11.98,27.66],[-11.22,27.66],[-10.22,27.66],[-9.38,27.66],[-8.68,27.66]]]},"properties":{"ADMIN":"Morocco","ADM0_A3":"MAR"}},
{"type":"Feature","geometry":{"type":"Polygon","coordinates":[[[101.16,21.56],[101,21.4],[100.8,21.3],[100.72,21.32],[100.64,21.06],[100.54,21.02],[100.52,20.88],[100.38,20.84],[100.22,20.7],[100.14,20.54],[100.1,20.32],[100.3,20.4],[100.36,20.36],[100.54,20.06],[100.48,19.86],[100.38,19.76],[100.46,19.54],[100.6,19.54],[100.74,19.48],[100.88,19.62],[101.12,19.56],[101.24,19.58],[101.2,19.46],[101.22,19.14],[101.32,19.06],[101.24,18.9],[101.22,18.72],[101.24,18.68],[101.04,18.42],[101.14,18.34],[101.12,18.24],[101.16,18.06],[101,17.9],[100.9,17.56],[101.14,17.46],[101.24,17.6],[101.46,17.76],[101.56,17.8],[101.58,17.86],[101.72,17.92],[101.8,18.08],[101.9,18.04],[102.08,18.22],[102.16,18.22],[102.3,18.06],[102.42,18],[102.56,17.98],[102.6,17.86],[102.72,17.88],[102.94,18],[103.04,18],[103.08,18.14],[103.14,18.16],[103.26,18.4],[103.4,18.44],[103.6,18.4],[103.84,18.32],[104,18.32],[104.12,18.12],[104.22,18],[104.28,17.86],[104.36,17.82],[104.48,17.64],[104.72,17.52],[104.82,17.38],[104.8,17.18],[104.74,17.02],[104.78,16.72],[104.76,16.52],[104.86,16.44],[104.9,16.36],[105.02,16.28],[105.04,16.14],[105.24,16.06],[105.4,16.02],[105.38,15.88],[105.44,15.76],[105.62,15.72],[105.66,15.64],[105.58,15.42],[105.48,15.38],[105.56,15.28],[105.44,15.14],[105.58,14.98],[105.54,14.94],[105.48,14.78],[105.52,14.6],[105.42,14.42],[105.18,14.34],[105.26,14.18],[105.34,14.1],[105.54,14.16],[105.62,14.1],[105.74,14.08],[105.88,13.94],[106.04,13.92],[106.14,14.08],[106.02,14.22],[105.96,14.34],[106.16,14.36],[106.24,14.48],[106.32,14.44],[106.42,14.46],[106.52,14.6],[106.6,14.46],[106.7,14.42],[106.8,14.32],[106.94,14.32],[107.04,14.44],[107.08,14.4],[107.22,14.5],[107.28,14.6],[107.42,14.54],[107.52,14.7],[107.5,14.8],[107.56,14.88],[107.44,15.02],[107.58,15.04],[107.66,15.2],[107.66,15.28],[107.58,15.42],[107.5,15.42],[107.44,15.5],[107.36,15.5],[107.16,15.76],[107.18,15.84],[107.4,15.94],[107.44,16.06],[107.3,16.06],[107.16,16.16],[107.12,16.26],[106.96,16.3],[106.86,16.42],[106.66,16.48],[106.64,16.58],[106.54,16.68],[106.54,16.98],[106.42,16.98],[106.26,17.28],[106.18,17.26],[106.02,17.4],[105.84,17.6],[105.74,17.66],[105.6,17.88],[105.6,17.96],[105.48,18.12],[105.36,18.14],[105.16,18.32],[105.08,18.46],[105.16,18.64],[105.12,18.7],[104.94,18.74],[104.88,18.78],[104.72,18.8],[104.54,18.9],[104.48,18.98],[104.14,19.18],[103.98,19.22],[103.86,19.32],[104.04,19.42],[104.08,19.48],[104.08,19.66],[104.22,19.7],[104.3,19.66],[104.38,19.68],[104.5,19.6],[104.62,19.62],[104.66,19.7],[104.8,19.8],[104.78,19.9],[104.96,20],[104.9,20.18],[104.82,20.22],[104.66,20.22],[104.68,20.34],[104.58,20.42],[104.36,20.44],[104.44,20.54],[104.54,20.54],[104.6,20.66],[104.38,20.78],[104.3,20.88],[104.06,20.96],[103.78,20.84],[103.76,20.74],[103.66,20.66],[103.42,20.82],[103.36,20.78],[103.12,20.86],[103.02,21.04],[102.96,21.06],[102.88,21.22],[102.9,21.5],[102.98,21.58],[102.94,21.74],[102.78,21.74],[102.66,21.66],[102.6,21.9],[102.48,21.96],[102.48,22.02],[102.38,22.12],[102.22,22.22],[102.12,22.4],[102.02,22.44],[101.82,22.4],[101.72,22.5],[101.66,22.44],[101.6,22.28],[101.52,22.22],[101.6,21.96],[101.68,21.94],[101.76,21.8],[101.72,21.72],[101.8,21.58],[101.74,21.56],[101.72,21.3],[101.82,21.24],[101.76,21.14],[101.5,21.24],[101.28,21.18],[101.2,21.24],[101.24,21.36],[101.18,21.4],[101.16,21.56]]]},"properties":{"ADMIN":"Laos","ADM0_A3":"LAO"}},
{"type":"Feature","geometry":{"type":"Polygon","coordinates":[[[80.22,42.18],[79.92,42.42],[79.7,42.46],[79.48,42.46],[79.36,42.58],[79.24,42.62],[79.14,42.8],[79.04,42.76],[78.68,42.8],[78.5,42.88],[78.04,42.86],[77.9,42.9],[77.16,42.92],[76.96,42.98],[76.68,42.92],[76.4,42.88],[76.26,42.92],[75.86,42.94],[75.78,42.92],[75.64,42.8],[75.18,42.84],[74.86,42.98],[74.72,43],[74.56,43.12],[74.26,43.22],[74.04,43.18],[73.64,43.06],[73.5,42.9],[73.5,42.8],[73.42,42.58],[73.5,42.42],[73.32,42.42],[73.32,42.5],[73.12,42.56],[72.84,42.56],[72.72,42.66],[72.48,42.68],[72.3,42.76],[72.1,42.76],[71.84,42.84],[71.58,42.76],[71.4,42.8],[71.14,42.68],[71.12,42.6],[71,42.56],[70.94,42.38],[70.86,42.3],[70.94,42.24],[71.08,42.28],[71.22,42.2],[70.98,42.04],[70.84,42.04],[70.82,41.94],[70.68,41.9],[70.56,41.82],[70.46,41.72],[70.16,41.58],[70.2,41.5],[70.34,41.5],[70.48,41.4],[70.64,41.46],[70.76,41.38],[70.76,41.26],[70.92,41.2],[71.02,41.18],[71.28,41.12],[71.42,41.16],[71.42,41.34],[71.58,41.32],[71.68,41.54],[71.86,41.32],[71.88,41.2],[72.04,41.16],[72.16,41.16],[72.18,41.04],[72.48,41.02],[72.62,40.88],[73,40.88],[73.12,40.78],[72.78,40.66],[72.74,40.58],[72.58,40.5],[72.44,40.56],[72.38,40.38],[72.24,40.46],[72.1,40.42],[71.68,40.14],[71.48,40.22],[71.36,40.3],[70.96,40.24],[70.64,40.08],[70.62,40],[70.14,40.14],[69.96,40.22],[69.58,40.1],[69.46,40.02],[69.5,39.92],[69.4,39.9],[69.32,39.98],[69.22,39.76],[69.3,39.66],[69.28,39.54],[69.5,39.54],[69.66,39.58],[69.84,39.54],[70.02,39.56],[70.2,39.52],[70.46,39.6],[70.62,39.56],[70.74,39.38],[71,39.4],[71.06,39.5],[71.24,39.52],[71.46,39.62],[71.5,39.5],[71.6,39.44],[71.74,39.44],[71.74,39.28],[71.84,39.28],[72.04,39.36],[72.1,39.28],[72.2,39.24],[72.32,39.32],[72.66,39.4],[72.84,39.36],[73.16,39.36],[73.32,39.4],[73.36,39.44],[73.64,39.44],[73.82,39.46],[73.92,39.6],[73.82,39.8],[74,40.06],[74.16,40.1],[74.36,40.1],[74.7,40.34],[74.84,40.52],[75.04,40.44],[75.2,40.44],[75.48,40.62],[75.56,40.64],[75.66,40.46],[75.68,40.3],[75.92,40.3],[76.08,40.4],[76.24,40.44],[76.34,40.34],[76.44,40.42],[76.62,40.62],[76.64,40.72],[76.78,40.86],[76.76,40.94],[76.86,41.02],[77,41.04],[77.12,41.02],[77.34,41.02],[77.48,40.98],[77.66,41],[77.86,41.06],[78.08,41.04],[78.18,41.1],[78.36,41.28],[78.36,41.38],[78.62,41.48],[78.68,41.54],[78.98,41.64],[79.3,41.78],[79.42,41.78],[79.62,41.86],[79.74,41.88],[79.84,42],[80.18,42.02],[80.26,42.08],[80.22,42.18]],[[71.18,40.04],[71.22,39.94],[71.12,39.88],[70.96,40.08],[70.98,40.14],[71.18,40.04]]]},"properties":{"ADMIN":"Kyrgyzstan","ADM0_A3":"KGZ"}},
{"type":"Feature","geometry":{"type":"Polygon","coordinates":[[[43.44,41.1],[43.46,41.02],[43.6,40.96],[43.72,40.78],[43.72,40.68],[43.6,40.34],[43.72,40.16],[43.66,40.12],[43.92,40.02],[44.04,40],[44.26,40.04],[44.46,39.98],[44.78,39.7],[45.04,39.78],[45.14,39.68],[45.16,39.56],[45.46,39.48],[45.72,39.56],[45.78,39.54],[45.76,39.36],[45.96,39.28],[45.96,39.16],[46.14,38.86],[46.4,38.92],[46.52,38.88],[46.48,39.12],[46.6,39.22],[46.5,39.32],[46.38,39.38],[46.52,39.54],[46.34,39.62],[46.2,39.58],[46.04,39.68],[45.98,39.76],[45.86,39.8],[45.76,39.92],[45.62,39.96],[45.64,40.02],[45.88,40],[45.98,40.22],[45.58,40.4],[45.52,40.44],[45.38,40.68],[45.56,40.78],[45.54,40.88],[45.42,40.96],[45.22,41.02],[45.18,41.16],[45.06,41.2],[45,41.3],[44.82,41.28],[44.82,41.2],[44.62,41.22],[44.56,41.18],[44.2,41.24],[44.12,41.18],[43.86,41.16],[43.72,41.1],[43.44,41.1]]]},"properties":{"ADMIN":"Armenia","ADM0_A3":"ARM"}},
{"type":"Feature","geometry":{"type":"MultiPolygon","coordinates":[[[[9.44,54.82],[9.54,54.88],[9.74,54.86],[9.74,54.98],[9.56,55.04],[9.5,55.16],[9.72,55.24],[9.58,55.42],[9.7,55.54],[9.98,55.7],[10.04,55.82],[10.24,55.92],[10.26,56.1],[10.38,56.2],[10.54,56.18],[10.76,56.22],[10.92,56.34],[10.96,56.44],[10.78,56.54],[10.56,56.52],[10.36,56.56],[10.26,56.9],[10.44,57.18],[10.54,57.24],[10.54,57.44],[10.44,57.58],[10.48,57.72],[10.2,57.6],[9.96,57.6],[9.78,57.46],[9.58,57.24],[9.42,57.16],[9.24,57.14],[8.98,57.16],[8.78,57.1],[8.58,57.1],[8.28,56.84],[8.38,56.68],[8.5,56.74],[8.68,56.96],[9.12,57.04],[9.28,57],[9.16,56.9],[9.18,56.78],[9.32,56.66],[9.14,56.64],[9.1,56.8],[8.88,56.76],[8.6,56.5],[8.44,56.58],[8.12,56.56],[8.14,56.2],[8.1,56.12],[8.28,56.08],[8.38,55.92],[8.2,55.82],[8.1,55.56],[8.3,55.58],[8.44,55.46],[8.62,55.44],[8.68,55.14],[8.64,55.02],[8.66,54.9],[8.82,54.9],[9.44,54.82]]],[[[11.84,54.74],[11.72,54.88],[11.58,54.84],[11.36,54.88],[11.24,54.96],[11.02,54.9],[11.04,54.76],[11.18,54.74],[11.46,54.62],[11.62,54.66],[11.82,54.66],[11.84,54.74]]],[[[12.42,55.04],[12.12,54.96],[12.22,54.9],[12.42,55.04]]],[[[10.02,54.98],[9.8,55.02],[9.78,54.92],[9.96,54.86],[10.02,54.98]]],[[[10.86,55.04],[10.64,54.84],[10.74,54.76],[10.86,55.04]]],[[[15.16,55.14],[14.76,55.3],[14.7,55.08],[15.08,55],[15.16,55.14]]],[[[10.66,55.06],[10.74,55.08],[10.82,55.3],[10.7,55.44],[10.5,55.46],[10.48,55.54],[10.3,55.62],[9.88,55.5],[9.82,55.44],[9.88,55.26],[10.12,55.18],[10.32,55.06],[10.54,55.02],[10.66,55.06]]],[[[12.04,54.9],[12.14,55],[12.04,55.14],[12.18,55.22],[12.4,55.26],[12.44,55.34],[12.22,55.44],[12.24,55.54],[12.46,55.6],[12.6,55.7],[12.52,55.92],[12.62,56.04],[12.48,56.1],[12.24,56.12],[11.86,55.98],[12.02,55.94],[11.76,55.74],[11.64,55.94],[11.26,55.72],[11.08,55.68],[11.22,55.42],[11.16,55.32],[11.24,55.22],[11.42,55.22],[11.64,55.18],[11.88,54.98],[11.74,54.88],[11.96,54.7],[12.18,54.84],[12.04,54.9]]],[[[8.82,56.74],[8.84,56.86],[8.64,56.9],[8.56,56.76],[8.64,56.68],[8.82,56.74]]],[[[11.14,57.34],[10.86,57.26],[11.02,57.2],[11.14,57.34]]]]},"properties":{"ADMIN":"Denmark","ADM0_A3":"DNK"}},
{"type":"Feature","geometry":{"type":"Polygon","coordinates":[[[11.5,33.18],[11.46,32.9],[11.44,32.64],[11.56,32.46],[11.44,32.36],[10.88,32.14],[10.8,32.04],[10.6,31.96],[10.58,31.84],[10.52,31.76],[10.26,31.68],[10.12,31.5],[10.1,31.42],[10.24,31.08],[10.28,30.92],[10.2,30.74],[9.88,30.36],[9.74,30.34],[9.52,30.22],[9.28,30.12],[9.54,29.8],[9.66,29.6],[9.82,29.12],[9.86,28.78],[9.78,28.26],[9.94,27.86],[9.82,27.5],[9.76,27.42],[9.72,27.3],[9.82,26.92],[9.92,26.84],[9.9,26.66],[9.84,26.5],[9.48,26.36],[9.38,26.16],[9.4,26.12],[9.96,25.4],[10.02,25.26],[10.04,24.86],[10.2,24.74],[10.26,24.58],[10.46,24.48],[10.72,24.56],[11.5,24.32],[11.56,24.26],[11.96,23.52],[12.86,23.32],[13.48,23.18],[13.6,23.12],[14.2,22.62],[14.24,22.62],[14.98,23],[15.96,23.44],[15.98,23.44],[16.7,23.1],[17.44,22.72],[18.18,22.36],[19.16,21.88],[19.9,21.5],[20.52,21.2],[21.64,20.66],[22.26,20.36],[23.24,19.86],[23.98,19.5],[23.98,20],[24.96,20],[24.98,20],[24.98,20.5],[24.98,21.38],[24.98,22],[24.98,22.58],[24.98,23.74],[24.98,24.62],[24.98,25.2],[24.98,26.08],[24.98,26.66],[24.98,27.66],[24.98,28.5],[24.98,29.18],[24.88,29.46],[24.88,29.64],[24.8,29.76],[24.82,29.9],[24.68,30.14],[24.78,30.34],[24.9,30.5],[25,30.78],[24.88,31.02],[24.86,31.14],[24.86,31.38],[25.02,31.5],[25.16,31.66],[25.02,31.86],[24.98,31.96],[24.68,32.04],[24.54,32],[24.1,32],[24,32.1],[23.66,32.18],[23.4,32.2],[23.24,32.22],[23.1,32.32],[23.14,32.48],[23.08,32.64],[22.52,32.8],[22.38,32.88],[22.1,32.92],[21.88,32.9],[21.72,32.96],[21.6,32.94],[21.46,32.82],[21.28,32.78],[21.1,32.78],[20.8,32.64],[20.56,32.56],[20.26,32.34],[20.08,32.18],[19.94,31.96],[19.92,31.72],[20.02,31.4],[20.14,31.22],[20.14,31.04],[20.04,30.82],[19.74,30.52],[19.62,30.42],[19.34,30.3],[19.06,30.26],[18.92,30.3],[18.66,30.42],[18.56,30.5],[18.32,30.66],[18.18,30.78],[17.92,30.86],[17.84,30.92],[17.46,31.02],[17.36,31.08],[17.16,31.12],[16.72,31.22],[16.36,31.22],[16.04,31.28],[15.76,31.38],[15.62,31.5],[15.5,31.66],[15.38,31.92],[15.38,32.16],[15.28,32.32],[15.2,32.38],[14.92,32.44],[14.72,32.46],[14.46,32.52],[14.18,32.72],[13.78,32.8],[13.58,32.8],[13.36,32.9],[13.16,32.92],[13.08,32.86],[12.72,32.8],[12.34,32.84],[12.12,32.92],[11.84,33.08],[11.64,33.1],[11.5,33.18]]]},"properties":{"ADMIN":"Libya","ADM0_A3":"LBY"}},
{"type":"Feature","geometry":{"type":"MultiPolygon","coordinates":[[[[11.5,33.18],[11.18,33.22],[11.18,33.34],[11.08,33.46],[11.1,33.54],[10.98,33.64],[10.9,33.54],[10.72,33.48],[10.72,33.7],[10.48,33.64],[10.34,33.7],[10.16,33.84],[10.04,33.98],[10,34.18],[10.12,34.32],[10.38,34.42],[10.44,34.5],[10.6,34.54],[10.92,34.88],[10.92,34.96],[11.12,35.2],[11.04,35.34],[11.06,35.48],[11.02,35.66],[10.84,35.7],[10.84,35.76],[10.7,35.78],[10.6,35.86],[10.48,36.08],[10.52,36.34],[10.8,36.46],[11.02,36.78],[11.12,36.84],[11.02,37.08],[10.74,36.9],[10.56,36.86],[10.54,36.78],[10.44,36.72],[10.32,36.74],[10.34,36.88],[10.22,36.98],[10.14,37.24],[10.06,37.26],[9.82,37.16],[9.78,37.22],[9.86,37.32],[9.66,37.34],[9.34,37.24],[9.22,37.24],[8.98,37.12],[8.8,36.98],[8.6,36.94],[8.62,36.82],[8.44,36.8],[8.4,36.64],[8.16,36.52],[8.34,36.44],[8.3,36.24],[8.32,36.14],[8.24,35.82],[8.32,35.66],[8.34,35.5],[8.3,35.4],[8.32,35.28],[8.44,35.24],[8.32,35.1],[8.24,34.9],[8.26,34.76],[8.24,34.64],[8.1,34.54],[7.84,34.42],[7.78,34.26],[7.64,34.2],[7.52,34.1],[7.48,33.9],[7.56,33.66],[7.7,33.46],[7.7,33.28],[7.76,33.2],[7.88,33.18],[8.08,33.1],[8.28,32.84],[8.32,32.56],[8.48,32.44],[9.02,32.1],[9.04,32.08],[9.26,31.22],[9.52,30.22],[9.74,30.34],[9.88,30.36],[10.2,30.74],[10.28,30.92],[10.24,31.08],[10.1,31.42],[10.12,31.5],[10.26,31.68],[10.52,31.76],[10.58,31.84],[10.6,31.96],[10.8,32.04],[10.88,32.14],[11.44,32.36],[11.56,32.46],[11.44,32.64],[11.46,32.9],[11.5,33.18]]],[[[11,33.84],[10.74,33.88],[10.74,33.72],[10.9,33.66],[11.06,33.8],[11,33.84]]]]},"properties":{"ADMIN":"Tunisia","ADM0_A3":"TUN"}},
{"type":"Feature","geometry":{"type":"Polygon","coordinates":[[[28.2,45.46],[28.14,45.56],[28.16,45.76],[28.08,46],[28.24,46.42],[28.24,46.66],[28.04,47.02],[27.8,47.14],[27.72,47.28],[27.58,47.38],[27.56,47.46],[27.28,47.72],[27.22,47.88],[27.06,48.06],[27.04,48.12],[26.8,48.26],[26.62,48.26],[26.3,48.22],[26.28,48.12],[26.18,48],[25.76,47.94],[25.26,47.9],[25.12,47.78],[24.9,47.72],[24.8,47.8],[24.56,47.94],[24.42,47.96],[24.24,47.9],[23.98,47.96],[23.56,48],[23.36,48],[23.24,48.08],[23.12,48.1],[23.06,48],[22.88,47.94],[22.74,47.82],[22.56,47.76],[22.26,47.72],[22.14,47.58],[21.98,47.5],[22,47.4],[21.86,47.3],[21.82,47.18],[21.64,47.02],[21.64,46.94],[21.5,46.8],[21.48,46.68],[21.32,46.62],[21.16,46.32],[21.06,46.24],[20.82,46.28],[20.66,46.14],[20.28,46.14],[20.24,46.1],[20.34,46],[20.58,45.88],[20.72,45.74],[20.76,45.5],[20.98,45.34],[21.5,45.14],[21.36,44.86],[21.42,44.78],[21.56,44.78],[21.66,44.68],[21.86,44.7],[22,44.66],[22.1,44.5],[22.18,44.52],[22.32,44.68],[22.48,44.72],[22.62,44.64],[22.62,44.56],[22.48,44.5],[22.5,44.4],[22.68,44.3],[22.7,44.22],[22.9,44.12],[23.02,44.04],[22.88,44],[22.86,43.9],[22.92,43.84],[23.32,43.88],[24.16,43.76],[24.36,43.76],[24.5,43.8],[24.7,43.74],[24.96,43.74],[25.26,43.7],[25.36,43.66],[25.56,43.68],[25.78,43.74],[25.94,43.88],[26.16,44.02],[26.32,44.06],[26.62,44.08],[27.02,44.18],[27.26,44.12],[27.38,44.02],[27.66,44.02],[27.72,43.94],[27.94,43.96],[27.98,43.84],[28.22,43.76],[28.58,43.74],[28.68,44],[28.64,44.16],[28.64,44.32],[28.84,44.5],[28.78,44.56],[28.78,44.7],[28.92,44.76],[28.88,44.96],[29.04,45],[29.04,44.86],[29.1,44.78],[29.52,44.82],[29.62,44.84],[29.68,45.14],[29.66,45.22],[29.66,45.34],[29.56,45.4],[29.32,45.44],[28.96,45.32],[28.82,45.32],[28.72,45.22],[28.34,45.32],[28.2,45.46]]]},"properties":{"ADMIN":"Romania","ADM0_A3":"ROU"}},
{"type":"Feature","geometry":{"type":"Polygon","coordinates":[[[22.14,48.4],[21.72,48.34],[21.42,48.56],[21.1,48.48],[20.78,48.56],[20.48,48.52],[20.48,48.48],[20.28,48.26],[19.88,48.12],[19.62,48.22],[19.5,48.18],[19.42,48.08],[18.84,48.04],[18.76,47.96],[18.76,47.82],[18.24,47.76],[17.82,47.76],[17.48,47.88],[17.34,48],[17.14,48],[17.04,47.84],[17.06,47.7],[16.8,47.68],[16.6,47.76],[16.48,47.64],[16.64,47.62],[16.68,47.52],[16.64,47.46],[16.42,47.36],[16.46,47.3],[16.42,47.18],[16.5,47.14],[16.44,47.04],[16.28,47],[16.1,46.86],[16.28,46.86],[16.38,46.62],[16.52,46.5],[16.84,46.38],[16.98,46.22],[17.24,46.08],[17.34,45.96],[17.6,45.94],[17.66,45.84],[17.88,45.8],[18.22,45.78],[18.42,45.74],[18.58,45.82],[18.68,45.92],[18.76,45.88],[18.9,45.94],[19.26,45.98],[19.54,46.16],[19.8,46.12],[19.92,46.16],[20.24,46.1],[20.28,46.14],[20.66,46.14],[20.82,46.28],[21.06,46.24],[21.16,46.32],[21.32,46.62],[21.48,46.68],[21.5,46.8],[21.64,46.94],[21.64,47.02],[21.82,47.18],[21.86,47.3],[22,47.4],[21.98,47.5],[22.14,47.58],[22.26,47.72],[22.56,47.76],[22.74,47.82],[22.88,47.94],[22.84,48.08],[22.6,48.1],[22.48,48.24],[22.36,48.24],[22.28,48.4],[22.14,48.4]]]},"properties":{"ADMIN":"Hungary","ADM0_A3":"HUN"}},
{"type":"Feature","geometry":{"type":"Polygon","coordinates":[[[22.54,49.08],[22.4,49.1],[22.02,49.22],[22,49.28],[21.82,49.38],[21.6,49.42],[21.42,49.4],[21.28,49.44],[21.06,49.42],[20.94,49.3],[20.78,49.34],[20.68,49.4],[20.52,49.38],[20.32,49.4],[20.14,49.3],[20.08,49.18],[19.76,49.22],[19.76,49.4],[19.62,49.4],[19.44,49.6],[19.24,49.52],[19.18,49.4],[18.96,49.38],[18.94,49.5],[18.84,49.52],[18.54,49.48],[18.32,49.32],[18.2,49.28],[18.1,49.1],[17.92,49.02],[17.86,48.92],[17.54,48.82],[17.16,48.86],[17.02,48.74],[16.94,48.6],[16.84,48.36],[16.96,48.28],[16.98,48.16],[17.14,48],[17.34,48],[17.48,47.88],[17.82,47.76],[18.24,47.76],[18.76,47.82],[18.76,47.96],[18.84,48.04],[19.42,48.08],[19.5,48.18],[19.62,48.22],[19.88,48.12],[20.28,48.26],[20.48,48.48],[20.48,48.52],[20.78,48.56],[21.1,48.48],[21.42,48.56],[21.72,48.34],[22.14,48.4],[22.16,48.58],[22.32,48.7],[22.44,48.98],[22.54,49.08]]]},"properties":{"ADMIN":"Slovakia","ADM0_A3":"SVK"}},
{"type":"Feature","geometry":{"type":"Polygon","coordinates":[[[23.6,51.52],[23.54,51.6],[23.56,51.76],[23.68,52],[23.64,52.08],[23.4,52.2],[23.22,52.24],[23.16,52.28],[23.4,52.5],[23.56,52.58],[23.86,52.68],[23.92,52.74],[23.9,53.16],[23.78,53.28],[23.6,53.62],[23.48,53.94],[23.44,54.16],[22.98,54.38],[22.76,54.36],[22.7,54.34],[20.92,54.4],[19.68,54.44],[19.6,54.46],[19.38,54.38],[19,54.34],[18.72,54.38],[18.58,54.44],[18.58,54.56],[18.42,54.78],[18.32,54.84],[17.88,54.82],[17.34,54.74],[17.04,54.66],[16.94,54.6],[16.56,54.56],[16.32,54.4],[16.22,54.28],[15.86,54.24],[15.66,54.2],[15.28,54.14],[14.78,54.04],[14.36,53.92],[14.22,53.94],[14.2,53.88],[14.28,53.84],[14.58,53.86],[14.54,53.7],[14.26,53.7],[14.3,53.5],[14.4,53.28],[14.34,53.04],[14.14,52.96],[14.22,52.82],[14.64,52.58],[14.54,52.42],[14.6,52.28],[14.7,52.26],[14.68,52.12],[14.76,52.08],[14.7,51.94],[14.58,51.8],[14.72,51.68],[14.74,51.52],[14.94,51.44],[15.02,51.28],[14.96,51.06],[14.82,50.86],[14.98,50.86],[15,51],[15.22,50.98],[15.34,50.78],[15.44,50.8],[15.76,50.74],[15.84,50.68],[16.34,50.64],[16.38,50.52],[16.2,50.42],[16.34,50.38],[16.7,50.1],[16.82,50.18],[16.96,50.24],[16.92,50.44],[17.18,50.38],[17.34,50.28],[17.6,50.26],[17.58,50.14],[17.84,49.98],[18.1,50.02],[18.3,49.9],[18.56,49.9],[18.64,49.7],[18.78,49.68],[18.84,49.52],[18.94,49.5],[18.96,49.38],[19.18,49.4],[19.24,49.52],[19.44,49.6],[19.62,49.4],[19.76,49.4],[19.76,49.22],[20.08,49.18],[20.14,49.3],[20.32,49.4],[20.52,49.38],[20.68,49.4],[20.78,49.34],[20.94,49.3],[21.06,49.42],[21.28,49.44],[21.42,49.4],[21.6,49.42],[21.82,49.38],[22,49.28],[22.02,49.22],[22.4,49.1],[22.54,49.08],[22.74,49.04],[22.7,49.16],[22.72,49.36],[22.64,49.52],[23.1,49.96],[23.74,50.38],[23.98,50.4],[24.1,50.54],[24.08,50.7],[23.96,50.82],[24.14,50.86],[23.92,51],[23.88,51.14],[23.74,51.22],[23.64,51.34],[23.7,51.4],[23.6,51.52]]]},"properties":{"ADMIN":"Poland","ADM0_A3":"POL"}},
{"type":"Feature","geometry":{"type":"Polygon","coordinates":[[[-7.24,55.06],[-7.16,55.16],[-6.94,55.24],[-7.34,55.38],[-7.52,55.28],[-7.52,55.14],[-7.82,55.2],[-8.26,55.16],[-8.46,55],[-8.5,54.86],[-8.8,54.7],[-8.6,54.62],[-8.12,54.64],[-8.28,54.48],[-8.62,54.38],[-8.48,54.28],[-8.88,54.26],[-9.2,54.26],[-9.78,54.34],[-9.98,54.22],[-9.84,53.96],[-9.62,53.9],[-9.56,53.8],[-9.9,53.76],[-9.94,53.6],[-10.16,53.54],[-10.02,53.38],[-9.52,53.22],[-9.02,53.28],[-8.96,53.16],[-9.16,53.12],[-9.28,53.14],[-9.44,52.96],[-9.5,52.76],[-9.58,52.74],[-9.58,52.58],[-9.84,52.42],[-9.84,52.26],[-10.28,52.26],[-10.44,52.18],[-10.42,52.1],[-10.26,52.14],[-10.02,52.14],[-9.92,52.08],[-10.26,51.98],[-10.24,51.86],[-10.12,51.74],[-9.98,51.74],[-9.78,51.6],[-9.8,51.44],[-9.42,51.56],[-9.34,51.48],[-9.1,51.54],[-8.54,51.64],[-8.3,51.76],[-8.34,51.9],[-8.22,51.88],[-8.14,51.8],[-7.9,51.88],[-7.82,51.96],[-7.58,52],[-7.44,52.12],[-6.9,52.16],[-6.78,52.22],[-6.36,52.18],[-6.32,52.24],[-6.44,52.36],[-6.2,52.54],[-6.22,52.66],[-6,52.96],[-6.1,53.28],[-6.1,53.58],[-6.22,53.64],[-6.24,53.86],[-6.38,53.92],[-6.26,54.1],[-6.62,54.04],[-6.64,54.16],[-6.82,54.24],[-6.88,54.34],[-7.04,54.42],[-7.2,54.3],[-7.32,54.12],[-7.6,54.14],[-7.84,54.2],[-7.9,54.3],[-8.16,54.44],[-8,54.54],[-7.74,54.6],[-7.9,54.66],[-7.56,54.76],[-7.4,55],[-7.24,55.06]]]},"properties":{"ADMIN":"Ireland","ADM0_A3":"IRL"}},
{"type":"Feature","geometry":{"type":"MultiPolygon","coordinates":[[[[-6.26,54.1],[-6.04,54.04],[-5.92,54.1],[-5.86,54.24],[-5.62,54.26],[-5.44,54.46],[-5.54,54.66],[-5.74,54.68],[-5.7,54.82],[-5.8,54.84],[-6.06,55.08],[-6.04,55.16],[-6.48,55.24],[-6.76,55.18],[-6.94,55.2],[-7.02,55.08],[-7.24,55.06],[-7.4,55],[-7.56,54.76],[-7.9,54.66],[-7.74,54.6],[-8,54.54],[-8.16,54.44],[-7.9,54.3],[-7.84,54.2],[-7.6,54.14],[-7.32,54.12],[-7.2,54.3],[-7.04,54.42],[-6.88,54.34],[-6.82,54.24],[-6.64,54.16],[-6.62,54.04],[-6.26,54.1]]],[[[-2.66,51.62],[-2.7,51.52],[-2.96,51.38],[-3.06,51.2],[-3.38,51.18],[-3.76,51.24],[-4.16,51.22],[-4.24,51.06],[-4.34,51],[-4.52,51.02],[-4.56,50.8],[-4.8,50.6],[-5.02,50.52],[-5.06,50.42],[-5.44,50.2],[-5.68,50.16],[-5.7,50.06],[-5.58,50.06],[-5.48,50.14],[-5.32,50.08],[-5.22,49.96],[-5.1,50.02],[-5.02,50.2],[-4.8,50.22],[-4.76,50.34],[-4.5,50.32],[-4.22,50.42],[-4.04,50.3],[-3.82,50.24],[-3.64,50.22],[-3.64,50.32],[-3.48,50.42],[-3.46,50.58],[-3.26,50.68],[-2.86,50.74],[-2.7,50.7],[-2.48,50.6],[-2.44,50.64],[-1.98,50.6],[-1.94,50.72],[-1.68,50.74],[-1.32,50.8],[-1.06,50.78],[-0.94,50.84],[-0.82,50.74],[-0.56,50.8],[-0.18,50.82],[0.28,50.74],[0.38,50.82],[0.62,50.86],[0.8,50.94],[0.94,50.9],[1.02,51.04],[1.36,51.14],[1.42,51.22],[1.42,51.4],[0.98,51.34],[0.56,51.42],[0.92,51.58],[0.96,51.68],[0.88,51.78],[0.98,51.84],[1.14,51.78],[1.28,51.86],[1.34,51.94],[1.58,52.08],[1.64,52.28],[1.78,52.48],[1.74,52.62],[1.64,52.78],[1.28,52.92],[0.96,52.98],[0.56,52.96],[0.38,52.8],[0.24,52.8],[0.02,52.92],[0.32,53.08],[0.34,53.22],[0.22,53.42],[-0.04,53.58],[0.14,53.64],[-0.16,53.9],[-0.22,54.02],[-0.12,54.14],[-0.24,54.16],[-0.4,54.26],[-0.56,54.48],[-0.78,54.56],[-1.1,54.62],[-1.28,54.74],[-1.38,54.98],[-1.48,55.08],[-1.58,55.28],[-1.64,55.58],[-1.82,55.64],[-2.14,55.92],[-2.3,55.94],[-2.64,56.06],[-2.8,56.06],[-2.94,55.96],[-3.3,55.98],[-3.12,56.12],[-2.96,56.2],[-2.78,56.2],[-2.58,56.28],[-2.82,56.38],[-2.76,56.48],[-2.54,56.58],[-2.44,56.74],[-2.22,56.88],[-2.16,57.02],[-2.04,57.12],[-1.98,57.32],[-1.76,57.48],[-1.82,57.62],[-1.94,57.68],[-2.1,57.7],[-2.44,57.66],[-2.92,57.7],[-3.08,57.66],[-3.28,57.72],[-3.5,57.72],[-3.84,57.6],[-4.12,57.6],[-3.92,57.8],[-4.14,57.84],[-4.04,57.96],[-3.52,58.16],[-3.44,58.24],[-3.22,58.3],[-3.08,58.42],[-3.12,58.52],[-3.02,58.64],[-3.2,58.66],[-3.82,58.58],[-4.16,58.56],[-4.38,58.52],[-4.98,58.62],[-5.06,58.46],[-5.18,58.36],[-5.1,58.28],[-5.32,58.24],[-5.3,57.98],[-5.48,57.86],[-5.62,57.92],[-5.8,57.84],[-5.76,57.64],[-5.86,57.5],[-5.8,57.36],[-5.6,57.28],[-5.84,57],[-5.74,56.9],[-5.92,56.76],[-6,56.62],[-5.66,56.5],[-5.42,56.56],[-5.4,56.46],[-5.5,56.4],[-5.6,56.26],[-5.52,56.16],[-5.58,56.02],[-5.7,55.92],[-5.58,55.76],[-5.72,55.56],[-5.78,55.3],[-5.64,55.3],[-5.46,55.6],[-5.44,55.72],[-5.32,55.78],[-5.4,55.86],[-5.44,56],[-5.32,56.02],[-4.98,55.88],[-4.86,55.76],[-4.92,55.7],[-4.68,55.58],[-4.62,55.5],[-4.84,55.34],[-4.88,55.22],[-5,55.14],[-5.04,55.02],[-5.18,55],[-5.12,54.84],[-4.96,54.82],[-4.86,54.86],[-4.6,54.78],[-4.5,54.7],[-4.34,54.7],[-4.34,54.8],[-4.24,54.84],[-4.12,54.78],[-3.96,54.78],[-3.84,54.86],[-3.38,54.88],[-3.64,54.52],[-3.48,54.4],[-3.4,54.28],[-3.24,54.12],[-2.86,54.18],[-2.8,54.12],[-3.02,53.94],[-3.04,53.76],[-2.96,53.7],[-3.1,53.58],[-3.06,53.44],[-3.18,53.38],[-3.56,53.3],[-3.76,53.32],[-4.06,53.22],[-4.16,53.22],[-4.34,53.12],[-4.36,53.02],[-4.6,52.92],[-4.76,52.8],[-4.5,52.82],[-4.4,52.9],[-4.12,52.88],[-4.04,52.72],[-4.12,52.62],[-4.06,52.54],[-4.1,52.38],[-4.2,52.28],[-4.52,52.14],[-4.64,52.14],[-4.78,52.06],[-5.28,51.92],[-5.12,51.86],[-4.94,51.6],[-4.72,51.66],[-4.64,51.74],[-4.38,51.72],[-4.3,51.68],[-4.28,51.56],[-3.98,51.56],[-3.86,51.62],[-3.72,51.48],[-3.54,51.4],[-3.18,51.4],[-3.1,51.5],[-2.86,51.54],[-2.66,51.62]]],[[[-1.08,50.72],[-1.3,50.78],[-1.5,50.7],[-1.32,50.58],[-1.16,50.6],[-1.08,50.72]]],[[[-4.1,53.3],[-4.2,53.3],[-4.28,53.4],[-4.56,53.4],[-4.58,53.28],[-4.5,53.18],[-4.34,53.14],[-4.22,53.18],[-4.2,53.22],[-4.1,53.26],[-4.1,53.3]]],[[[-5.08,55.5],[-5.16,55.68],[-5.36,55.68],[-5.34,55.48],[-5.16,55.44],[-5.08,55.5]]],[[[-6.04,55.72],[-6.12,55.92],[-6.4,55.86],[-6.5,55.74],[-6.32,55.74],[-6.22,55.62],[-6.04,55.72]]],[[[-5.8,56.12],[-5.92,56.06],[-6.08,55.92],[-5.96,55.8],[-5.74,56.08],[-5.8,56.12]]],[[[-5.68,56.44],[-5.72,56.5],[-5.96,56.52],[-6.06,56.64],[-6.28,56.6],[-6.28,56.54],[-6.12,56.48],[-6.32,56.28],[-6.14,56.28],[-5.72,56.36],[-5.68,56.44]]],[[[-7.24,57.32],[-7.36,57.4],[-7.46,57.24],[-7.28,57.14],[-7.24,57.32]]],[[[-7.12,57.66],[-7.18,57.68],[-7.54,57.6],[-7.28,57.5],[-7.14,57.54],[-7.12,57.66]]],[[[-6.56,57.34],[-6.32,57.16],[-6.02,57.2],[-5.92,57.06],[-5.7,57.18],[-6.1,57.32],[-6.16,57.58],[-6.32,57.7],[-6.7,57.52],[-6.72,57.38],[-6.56,57.34]]],[[[-6.96,57.74],[-6.54,57.92],[-6.36,58.04],[-6.4,58.1],[-6.32,58.26],[-6.16,58.42],[-6.34,58.46],[-6.82,58.28],[-6.9,58.18],[-7.06,58.22],[-7.12,58.12],[-7.04,57.96],[-6.9,57.94],[-7.08,57.82],[-6.96,57.74]]],[[[-2.72,58.98],[-3.02,59.02],[-3.08,59.12],[-3.32,59.12],[-3.36,59.02],[-3.2,58.92],[-2.98,58.96],[-2.84,58.88],[-2.72,58.98]]],[[[-1.1,60.42],[-1.34,60.54],[-1.44,60.46],[-1.4,60.32],[-1.66,60.3],[-1.66,60.24],[-1.26,60.12],[-1.38,59.9],[-1.28,59.88],[-1.08,60.32],[-1.1,60.42]]]]},"properties":{"ADMIN":"United Kingdom","ADM0_A3":"GBR"}},
{"type":"Feature","geometry":{"type":"MultiPolygon","coordinates":[[[[20.96,40.84],[20.96,40.74],[21.04,40.64],[21.02,40.56],[20.92,40.46],[20.82,40.46],[20.7,40.28],[20.64,40.1],[20.44,40.06],[20.32,39.92],[20.3,39.72],[20.2,39.64],[20,39.7],[20.18,39.62],[20.14,39.54],[20.3,39.34],[20.44,39.28],[20.48,39.22],[20.68,39.08],[20.9,39.08],[21,39.02],[21.16,39],[21.08,38.86],[20.98,38.94],[20.76,38.9],[20.72,38.8],[20.88,38.78],[20.9,38.7],[21.02,38.6],[21.14,38.4],[21.16,38.3],[21.36,38.4],[21.54,38.32],[21.6,38.36],[21.76,38.32],[21.98,38.42],[22.36,38.34],[22.46,38.42],[22.54,38.3],[22.7,38.32],[22.9,38.24],[23.1,38.22],[23.22,38.1],[23.06,38.06],[22.94,38.08],[22.86,37.94],[22.68,38.06],[22.34,38.18],[22.22,38.18],[21.96,38.34],[21.76,38.3],[21.6,38.16],[21.38,38.2],[21.32,38.02],[21.2,37.94],[21.12,37.84],[21.3,37.78],[21.3,37.68],[21.4,37.66],[21.54,37.56],[21.68,37.4],[21.68,37.28],[21.56,37.16],[21.6,37.04],[21.7,36.96],[21.7,36.82],[21.94,36.78],[21.94,36.98],[22.04,37.04],[22.16,37.02],[22.14,36.92],[22.22,36.9],[22.38,36.68],[22.36,36.52],[22.46,36.46],[22.54,36.7],[22.62,36.8],[22.76,36.8],[22.98,36.52],[23.08,36.58],[23.02,36.72],[23.1,36.8],[23.02,36.94],[23,37.04],[22.76,37.4],[22.72,37.54],[22.96,37.52],[23.14,37.44],[23.08,37.36],[23.2,37.3],[23.24,37.38],[23.44,37.42],[23.52,37.46],[23.38,37.56],[23.16,37.62],[23.18,37.8],[23.1,37.92],[23.22,37.98],[23.4,37.98],[23.44,38.02],[23.68,37.94],[23.76,37.82],[23.9,37.78],[23.94,37.68],[24.08,37.68],[24.06,37.86],[23.98,38.12],[24.06,38.2],[23.96,38.3],[23.7,38.34],[23.6,38.42],[23.6,38.48],[23.42,38.5],[23.3,38.58],[23.2,38.68],[22.76,38.78],[22.84,38.92],[23.02,39],[22.96,39.12],[22.82,39.22],[22.84,39.28],[23.02,39.32],[23.16,39.28],[23.22,39.16],[23.34,39.2],[23.28,39.32],[23.1,39.5],[22.92,39.6],[22.86,39.78],[22.74,39.88],[22.72,39.96],[22.58,40.06],[22.56,40.16],[22.66,40.36],[22.6,40.48],[22.72,40.52],[22.92,40.64],[22.98,40.56],[22.84,40.48],[23.02,40.32],[23.3,40.24],[23.3,40.1],[23.38,40.02],[23.62,39.92],[23.68,39.98],[23.5,40.04],[23.34,40.2],[23.4,40.28],[23.68,40.22],[23.82,40.02],[23.98,39.96],[24,40.12],[23.78,40.2],[23.7,40.32],[23.92,40.36],[24.16,40.28],[24.3,40.12],[24.38,40.18],[24.18,40.34],[23.86,40.42],[23.88,40.56],[23.7,40.7],[23.8,40.78],[24.12,40.72],[24.34,40.84],[24.42,40.94],[24.56,40.96],[24.62,40.86],[24.8,40.86],[24.98,40.94],[25.3,40.96],[25.54,40.88],[25.92,40.86],[26.04,40.74],[26.14,40.76],[26.26,40.92],[26.36,40.96],[26.32,41.08],[26.34,41.26],[26.64,41.38],[26.6,41.6],[26.34,41.72],[26.24,41.74],[26.04,41.68],[26.16,41.52],[26.12,41.36],[25.88,41.3],[25.56,41.32],[25.28,41.24],[24.88,41.4],[24.6,41.42],[24.54,41.54],[24.28,41.52],[24.04,41.52],[23.62,41.38],[23.28,41.4],[23.12,41.32],[22.92,41.34],[22.76,41.32],[22.72,41.16],[22.42,41.12],[22.18,41.16],[21.9,41.1],[21.74,40.92],[21.58,40.86],[21.38,40.9],[21.3,40.86],[20.96,40.84]]],[[[26.32,35.32],[26.16,35.2],[26.06,35.24],[25.9,35.18],[25.84,35.12],[25.72,35.18],[25.76,35.34],[25.64,35.34],[25.48,35.3],[25.38,35.34],[25.06,35.36],[24.98,35.42],[24.72,35.42],[24.34,35.34],[24.18,35.46],[24.18,35.58],[24.04,35.52],[23.82,35.54],[23.58,35.44],[23.52,35.3],[23.58,35.24],[23.82,35.26],[24.08,35.2],[24.4,35.2],[24.56,35.1],[24.7,35.1],[24.76,35.04],[24.74,34.94],[25.1,34.94],[25.3,34.98],[25.5,34.98],[25.6,35.02],[25.8,35],[25.98,35.04],[26.14,35],[26.24,35.04],[26.32,35.18],[26.32,35.32]]],[[[23.02,36.3],[22.9,36.32],[22.9,36.2],[23.06,36.14],[23.08,36.28],[23.02,36.3]]],[[[28.24,36.44],[28.12,36.42],[27.9,36.34],[27.7,36.16],[27.76,36.08],[27.72,35.96],[27.78,35.9],[28.14,36.18],[28.24,36.44]]],[[[24.48,36.74],[24.36,36.76],[24.32,36.66],[24.48,36.66],[24.48,36.74]]],[[[27.28,36.9],[27.06,36.84],[27.12,36.76],[27.28,36.9]]],[[[25.28,37.04],[25.16,37.12],[25.1,37.02],[25.2,36.98],[25.28,37.04]]],[[[25.52,37.2],[25.34,37.08],[25.44,36.92],[25.56,36.96],[25.6,37.1],[25.52,37.2]]],[[[26.36,37.68],[26.2,37.64],[26.08,37.64],[26.06,37.52],[26.24,37.58],[26.36,37.68]]],[[[27.04,37.72],[27.02,37.78],[26.78,37.82],[26.66,37.8],[26.78,37.64],[26.86,37.64],[27.04,37.72]]],[[[20.9,37.8],[20.74,37.86],[20.62,37.86],[20.7,37.74],[20.82,37.66],[20.9,37.8]]],[[[25,37.76],[24.96,37.9],[24.7,37.92],[24.96,37.7],[25,37.76]]],[[[20.74,38.06],[20.8,38.14],[20.62,38.36],[20.4,38.34],[20.34,38.2],[20.48,38.18],[20.74,38.06]]],[[[26.16,38.54],[26,38.6],[25.84,38.58],[25.84,38.52],[25.98,38.38],[25.86,38.26],[25.98,38.16],[26.12,38.22],[26.16,38.3],[26.16,38.54]]],[[[20.58,38.62],[20.72,38.64],[20.72,38.82],[20.6,38.78],[20.58,38.62]]],[[[24.58,38.16],[24.48,38.14],[24.32,38.18],[24.18,38.4],[24.22,38.54],[24.08,38.68],[23.86,38.68],[23.7,38.76],[23.62,38.76],[23.46,38.88],[23.42,38.96],[23.3,39.04],[23.14,39],[22.96,38.88],[23.2,38.82],[23.44,38.68],[23.5,38.6],[23.64,38.52],[23.64,38.42],[24.04,38.4],[24.38,37.98],[24.56,37.98],[24.58,38.16]]],[[[26.62,39.04],[26.48,39.22],[26.38,39.28],[26.34,39.38],[26.16,39.38],[26.16,39.32],[25.86,39.26],[25.88,39.14],[26.04,39.1],[26.18,39.2],[26.16,39.02],[26.42,38.96],[26.62,39.04]]],[[[20.1,39.44],[19.94,39.48],[19.86,39.66],[19.94,39.8],[19.86,39.82],[19.68,39.8],[19.68,39.68],[19.84,39.56],[19.86,39.46],[20,39.4],[20.1,39.44]]],[[[25.44,40.04],[25.28,39.96],[25.22,40],[25.04,39.98],[25.06,39.86],[25.3,39.8],[25.44,40.04]]],[[[24.78,40.74],[24.64,40.8],[24.52,40.66],[24.64,40.58],[24.78,40.62],[24.78,40.74]]]]},"properties":{"ADMIN":"Greece","ADM0_A3":"GRC"}},
{"type":"Feature","geometry":{"type":"Polygon","coordinates":[[[32.92,-9.4],[32.76,-9.34],[32.72,-9.28],[32.52,-9.26],[32.38,-9.14],[32.22,-9.12],[32.14,-9.06],[31.92,-9.02],[31.94,-8.94],[31.78,-8.9],[31.68,-8.92],[31.56,-8.8],[31.54,-8.7],[31.36,-8.58],[31.26,-8.62],[31.12,-8.62],[30.96,-8.56],[30.82,-8.38],[30.76,-8.2],[29.86,-8.32],[28.92,-8.48],[28.94,-8.68],[28.76,-8.94],[28.6,-9.1],[28.38,-9.24],[28.36,-9.3],[28.52,-9.38],[28.62,-9.64],[28.66,-9.82],[28.62,-9.96],[28.62,-10.14],[28.56,-10.22],[28.62,-10.3],[28.64,-10.52],[28.7,-10.64],[28.56,-10.82],[28.48,-11.08],[28.44,-11.34],[28.36,-11.44],[28.46,-11.78],[28.5,-11.86],[28.84,-12.1],[28.94,-12.2],[29.04,-12.38],[29.26,-12.36],[29.3,-12.4],[29.5,-12.46],[29.44,-12.34],[29.48,-12.24],[29.64,-12.22],[29.8,-12.16],[29.8,-13.42],[29.7,-13.46],[29.6,-13.38],[29.66,-13.3],[29.58,-13.22],[29.16,-13.44],[29.12,-13.38],[29,-13.4],[28.94,-13.3],[28.9,-13.16],[28.86,-13.14],[28.8,-13],[28.66,-12.84],[28.58,-12.88],[28.48,-12.74],[28.52,-12.7],[28.42,-12.52],[28.34,-12.46],[28.14,-12.42],[28.08,-12.38],[27.96,-12.36],[27.94,-12.3],[27.64,-12.3],[27.52,-12.18],[27.42,-11.92],[27.24,-11.8],[27.18,-11.56],[27.02,-11.6],[26.96,-11.88],[26.88,-11.96],[26.64,-11.98],[26.48,-11.96],[26.42,-11.92],[26.3,-11.94],[26.16,-11.9],[26,-11.9],[25.86,-11.8],[25.72,-11.8],[25.62,-11.72],[25.52,-11.78],[25.48,-11.72],[25.36,-11.64],[25.28,-11.4],[25.32,-11.28],[25.28,-11.2],[25.12,-11.26],[24.94,-11.26],[24.68,-11.34],[24.56,-11.44],[24.44,-11.46],[24.32,-11.4],[24.4,-11.28],[24.38,-11.12],[24.3,-11.06],[24.12,-11.04],[24.12,-10.92],[23.96,-10.88],[24,-10.98],[24.02,-11.28],[24.06,-11.4],[23.96,-11.62],[23.98,-11.84],[23.96,-11.88],[23.96,-12.2],[24.04,-12.38],[23.92,-12.56],[23.86,-12.78],[24,-13],[23.1,-13],[21.98,-13],[21.98,-13.6],[21.98,-14.36],[21.98,-15.26],[21.98,-16.16],[22.08,-16.46],[22.16,-16.6],[22.24,-16.66],[22.34,-16.68],[22.52,-16.92],[22.72,-17.06],[22.76,-17.16],[22.88,-17.24],[23,-17.3],[23.08,-17.4],[23.3,-17.54],[23.38,-17.64],[24.22,-17.48],[24.4,-17.48],[24.6,-17.52],[24.68,-17.5],[24.96,-17.56],[25.26,-17.8],[25.34,-17.84],[25.5,-17.86],[25.68,-17.82],[25.84,-17.9],[25.86,-17.98],[25.98,-18],[26.2,-17.88],[26.4,-17.94],[26.72,-18.06],[26.88,-17.98],[27.04,-17.94],[27.14,-17.84],[27.16,-17.76],[27.58,-17.36],[27.64,-17.2],[27.78,-17],[27.86,-16.92],[28.12,-16.82],[28.28,-16.7],[28.64,-16.56],[28.74,-16.56],[28.82,-16.48],[28.88,-16.08],[28.94,-15.96],[29.04,-15.94],[29.18,-15.82],[29.4,-15.72],[29.5,-15.7],[29.84,-15.62],[30.02,-15.64],[30.14,-15.62],[30.2,-15.66],[30.4,-15.64],[30.36,-15.38],[30.28,-15.28],[30.22,-15.1],[30.22,-14.98],[30.32,-14.96],[30.48,-14.88],[30.82,-14.76],[31.42,-14.64],[31.66,-14.52],[32.22,-14.34],[33.2,-14.02],[33.16,-13.94],[33.04,-14],[32.86,-13.8],[32.72,-13.58],[32.88,-13.44],[32.92,-13.3],[33,-13.2],[32.96,-13.12],[33,-12.9],[32.94,-12.76],[33.02,-12.62],[33.26,-12.54],[33.38,-12.52],[33.52,-12.38],[33.46,-12.32],[33.34,-12.3],[33.26,-12.08],[33.32,-11.9],[33.3,-11.6],[33.22,-11.56],[33.24,-11.42],[33.4,-11.16],[33.3,-11.04],[33.28,-10.92],[33.32,-10.82],[33.5,-10.76],[33.68,-10.58],[33.52,-10.32],[33.54,-10.24],[33.3,-10.02],[33.36,-9.9],[33.34,-9.82],[33.22,-9.72],[33.18,-9.6],[33.08,-9.64],[32.98,-9.6],[33,-9.5],[32.92,-9.4]]]},"properties":{"ADMIN":"Zambia","ADM0_A3":"ZMB"}},
{"type":"Feature","geometry":{"type":"MultiPolygon","coordinates":[[[[-10.28,8.48],[-10.38,8.48],[-10.52,8.34],[-10.58,8.3],[-10.66,8.4],[-10.64,8.52],[-10.48,8.68],[-10.6,8.82],[-10.6,9.06],[-10.74,9.08],[-10.68,9.3],[-10.86,9.46],[-10.86,9.52],[-11.02,9.74],[-11.16,9.88],[-11.2,9.98],[-11.28,10],[-11.92,10],[-11.92,9.92],[-12.14,9.88],[-12.26,9.92],[-12.5,9.86],[-12.54,9.72],[-12.64,9.58],[-12.7,9.42],[-12.84,9.28],[-12.96,9.28],[-13.02,9.1],[-13.12,9.04],[-13.2,9.08],[-13.3,9.04],[-13.28,8.96],[-13.14,8.92],[-13.24,8.82],[-13.24,8.68],[-13.16,8.52],[-13.1,8.58],[-13.02,8.56],[-13.14,8.44],[-13.22,8.5],[-13.28,8.42],[-13.18,8.28],[-13.16,8.18],[-12.98,8.24],[-12.9,8.08],[-12.88,7.82],[-12.72,7.72],[-12.54,7.68],[-12.42,7.54],[-12.5,7.38],[-12.32,7.32],[-11.84,7.14],[-11.48,6.92],[-11.4,7],[-11.38,7.14],[-11.32,7.22],[-11.22,7.26],[-11.12,7.36],[-10.98,7.48],[-10.88,7.54],[-10.74,7.7],[-10.62,7.76],[-10.62,8.02],[-10.52,8.12],[-10.36,8.14],[-10.28,8.48]]],[[[-12.5,7.56],[-12.62,7.64],[-12.9,7.62],[-12.96,7.56],[-12.6,7.48],[-12.5,7.56]]]]},"properties":{"ADMIN":"Sierra Leone","ADM0_A3":"SLE"}},
{"type":"Feature","geometry":{"type":"Polygon","coordinates":[[[-10.28,8.48],[-10.1,8.52],[-10.04,8.42],[-9.96,8.48],[-9.8,8.5],[-9.68,8.48],[-9.58,8.38],[-9.52,8.26],[-9.42,8.02],[-9.44,7.86],[-9.36,7.74],[-9.36,7.62],[-9.44,7.42],[-9.24,7.38],[-9.2,7.3],[-9.12,7.24],[-8.92,7.24],[-8.72,7.5],[-8.68,7.7],[-8.56,7.68],[-8.48,7.56],[-8.3,7.58],[-8.22,7.54],[-8.12,7.72],[-8.12,7.88],[-8.02,8.12],[-8.26,8.24],[-8.2,8.5],[-7.98,8.5],[-7.9,8.42],[-7.78,8.38],[-7.68,8.44],[-7.7,8.6],[-7.8,8.74],[-7.96,8.78],[-7.92,9.02],[-7.76,9.1],[-7.92,9.18],[-7.86,9.4],[-8.04,9.38],[-8.08,9.42],[-8.16,9.58],[-8.12,9.84],[-8.18,9.94],[-8.1,10.06],[-7.98,10.16],[-7.96,10.26],[-8.02,10.34],[-8.22,10.42],[-8.3,10.54],[-8.32,11],[-8.36,11.06],[-8.5,11.06],[-8.54,10.98],[-8.7,11],[-8.62,11.12],[-8.48,11.28],[-8.42,11.4],[-8.52,11.42],[-8.68,11.52],[-8.72,11.64],[-8.84,11.66],[-8.8,11.92],[-8.82,12.02],[-8.92,12.06],[-8.92,12.16],[-9,12.26],[-9,12.38],[-9.14,12.46],[-9.32,12.5],[-9.42,12.46],[-9.3,12.34],[-9.42,12.26],[-9.62,12.18],[-9.72,12.02],[-9.88,12.06],[-10.06,12.14],[-10.26,12.22],[-10.38,12.18],[-10.72,11.9],[-10.8,12.02],[-10.8,12.1],[-10.9,12.2],[-11.06,12.2],[-11.2,12.02],[-11.36,12.04],[-11.5,12.2],[-11.38,12.4],[-11.52,12.44],[-11.76,12.38],[-11.94,12.42],[-12.08,12.4],[-12.2,12.34],[-12.36,12.3],[-12.5,12.4],[-12.58,12.36],[-12.64,12.42],[-12.78,12.44],[-12.92,12.54],[-12.98,12.46],[-13.08,12.52],[-13.08,12.64],[-13.72,12.68],[-13.72,12.56],[-13.66,12.48],[-13.72,12.26],[-13.84,12.28],[-13.94,12.22],[-13.96,12.14],[-13.72,12],[-13.72,11.7],[-13.88,11.7],[-14.02,11.64],[-14.28,11.66],[-14.52,11.52],[-14.68,11.52],[-14.82,11.34],[-14.86,11.22],[-14.96,11.04],[-15.02,10.96],[-15.08,10.88],[-14.98,10.82],[-14.9,11],[-14.84,10.96],[-14.74,10.82],[-14.8,10.74],[-14.62,10.62],[-14.66,10.48],[-14.58,10.48],[-14.46,10.34],[-14.46,10.22],[-14.36,10.22],[-14.16,10.06],[-13.94,9.96],[-13.74,9.76],[-13.62,9.72],[-13.56,9.5],[-13.44,9.38],[-13.32,9.34],[-13.3,9.04],[-13.2,9.08],[-13.12,9.04],[-13.02,9.1],[-12.96,9.28],[-12.84,9.28],[-12.7,9.42],[-12.64,9.58],[-12.54,9.72],[-12.5,9.86],[-12.26,9.92],[-12.14,9.88],[-11.92,9.92],[-11.92,10],[-11.28,10],[-11.2,9.98],[-11.16,9.88],[-11.02,9.74],[-10.86,9.52],[-10.86,9.46],[-10.68,9.3],[-10.74,9.08],[-10.6,9.06],[-10.6,8.82],[-10.48,8.68],[-10.64,8.52],[-10.66,8.4],[-10.58,8.3],[-10.52,8.34],[-10.38,8.48],[-10.28,8.48]]]},"properties":{"ADMIN":"Guinea","ADM0_A3":"GIN"}},
{"type":"Feature","geometry":{"type":"Polygon","coordinates":[[[-11.48,6.92],[-11.36,6.82],[-11.36,6.7],[-11.06,6.58],[-10.82,6.44],[-10.78,6.3],[-10.66,6.22],[-10.4,6.18],[-10.04,5.9],[-10.04,5.86],[-9.7,5.54],[-9.5,5.38],[-9.48,5.32],[-9.28,5.14],[-9.02,4.98],[-8.84,4.92],[-8.74,4.84],[-8.6,4.78],[-8.26,4.58],[-8.1,4.56],[-7.84,4.46],[-7.72,4.36],[-7.54,4.36],[-7.58,4.38],[-7.58,4.72],[-7.6,4.9],[-7.56,4.94],[-7.58,5.06],[-7.48,5.14],[-7.46,5.28],[-7.4,5.36],[-7.44,5.42],[-7.4,5.52],[-7.44,5.74],[-7.44,5.84],[-7.56,5.84],[-7.68,5.94],[-7.8,5.98],[-7.84,6.18],[-7.94,6.28],[-8.06,6.3],[-8.18,6.28],[-8.38,6.36],[-8.4,6.44],[-8.56,6.5],[-8.56,6.56],[-8.36,6.76],[-8.28,7.02],[-8.3,7.14],[-8.38,7.32],[-8.44,7.54],[-8.48,7.56],[-8.56,7.68],[-8.68,7.7],[-8.72,7.5],[-8.92,7.24],[-9.12,7.24],[-9.2,7.3],[-9.24,7.38],[-9.44,7.42],[-9.36,7.62],[-9.36,7.74],[-9.44,7.86],[-9.42,8.02],[-9.52,8.26],[-9.58,8.38],[-9.68,8.48],[-9.8,8.5],[-9.96,8.48],[-10.04,8.42],[-10.1,8.52],[-10.28,8.48],[-10.36,8.14],[-10.52,8.12],[-10.62,8.02],[-10.62,7.76],[-10.74,7.7],[-10.88,7.54],[-10.98,7.48],[-11.12,7.36],[-11.22,7.26],[-11.32,7.22],[-11.38,7.14],[-11.4,7],[-11.48,6.92]]]},"properties":{"ADMIN":"Liberia","ADM0_A3":"LBR"}},
{"type":"Feature","geometry":{"type":"Polygon","coordinates":[[[24.18,8.68],[23.92,8.72],[23.72,8.7],[23.62,8.74],[23.5,8.72],[23.48,8.78],[23.56,8.88],[23.56,8.98],[23.46,8.98],[23.46,9.14],[23.54,9.18],[23.64,9.28],[23.64,9.42],[23.6,9.54],[23.68,9.7],[23.62,9.9],[23.3,10.44],[23.1,10.62],[23,10.68],[22.86,10.92],[22.72,10.96],[22.46,11],[22.26,10.92],[22.18,10.82],[22.04,10.84],[22,10.74],[21.86,10.66],[21.72,10.64],[21.7,10.58],[21.76,10.42],[21.72,10.3],[21.66,10.24],[21.54,10.22],[21.48,10.16],[21.38,9.98],[21.26,9.98],[21.1,9.78],[21.02,9.74],[21,9.64],[20.82,9.42],[20.5,9.28],[20.44,9.14],[20.36,9.12],[20.06,9.14],[19.88,9.04],[19.7,9.02],[19.36,9],[19.26,9.02],[19.1,9.02],[18.9,8.9],[18.92,8.8],[19.12,8.68],[18.92,8.44],[18.82,8.28],[18.68,8.2],[18.58,8.04],[18.5,8.04],[18.08,8.02],[17.9,7.96],[17.68,7.98],[17.5,7.92],[17.46,7.88],[17.26,7.82],[17.1,7.68],[16.88,7.64],[16.76,7.56],[16.62,7.66],[16.54,7.88],[16.4,7.8],[16.38,7.68],[16.2,7.62],[16.06,7.6],[15.92,7.48],[15.8,7.46],[15.66,7.52],[15.48,7.52],[15.44,7.38],[15.22,7.24],[15.04,6.8],[14.94,6.72],[14.72,6.26],[14.54,6.2],[14.4,6.02],[14.48,5.9],[14.58,5.92],[14.64,5.74],[14.6,5.62],[14.62,5.52],[14.6,5.42],[14.52,5.28],[14.62,5.22],[14.66,5.14],[14.66,5],[14.7,4.82],[14.72,4.62],[14.78,4.54],[15,4.4],[15.08,4.26],[15.1,4.12],[15.08,3.88],[15.18,3.76],[15.78,3.1],[15.92,3.1],[15.98,2.98],[16.1,2.86],[16.06,2.7],[16.12,2.58],[16.1,2.52],[16.2,2.24],[16.48,2.84],[16.44,2.96],[16.5,3.06],[16.46,3.16],[16.52,3.22],[16.56,3.46],[16.64,3.52],[16.96,3.54],[17.34,3.62],[17.46,3.7],[17.62,3.62],[17.8,3.6],[17.86,3.54],[18.08,3.56],[18.18,3.48],[18.24,3.58],[18.52,3.6],[18.62,3.48],[18.6,3.7],[18.64,3.98],[18.62,4.16],[18.54,4.3],[18.58,4.38],[18.72,4.38],[18.82,4.56],[19.02,4.76],[19.08,4.9],[19.2,4.96],[19.24,5.02],[19.4,5.14],[19.72,5.14],[19.82,5.1],[19.9,5],[20,4.98],[20.34,4.78],[20.46,4.6],[20.46,4.52],[20.6,4.4],[20.88,4.46],[21.08,4.38],[21.16,4.32],[21.3,4.34],[21.36,4.28],[21.54,4.24],[21.72,4.3],[21.86,4.24],[22,4.24],[22.2,4.16],[22.42,4.14],[22.5,4.18],[22.6,4.36],[22.58,4.44],[22.68,4.5],[22.78,4.72],[22.86,4.72],[22.9,4.82],[22.98,4.82],[23.02,4.76],[23.16,4.74],[23.26,4.64],[23.38,4.58],[23.56,4.72],[23.82,4.82],[23.94,4.82],[24.08,4.92],[24.16,4.9],[24.36,5.06],[24.46,5.1],[24.62,5.02],[24.66,4.92],[24.78,4.92],[24.96,5],[25.08,4.96],[25.12,5.02],[25.3,5.04],[25.34,5.14],[25.3,5.18],[25.36,5.32],[25.58,5.38],[25.74,5.26],[26.02,5.18],[26.12,5.26],[26.3,5.16],[26.4,5.14],[26.46,5.06],[26.76,5.08],[26.86,5.04],[26.96,5.16],[27.12,5.2],[27.44,5.08],[27.3,5.2],[27.24,5.32],[27.22,5.44],[27.26,5.56],[27.18,5.72],[27.02,5.78],[26.98,5.86],[26.82,5.9],[26.8,5.96],[26.7,6],[26.52,6.04],[26.46,6.28],[26.28,6.38],[26.28,6.48],[26.38,6.66],[26.24,6.72],[26.08,6.84],[26.02,7],[25.8,7.1],[25.78,7.14],[25.6,7.22],[25.36,7.34],[25.32,7.42],[25.2,7.5],[25.16,7.58],[25.28,7.66],[25.22,7.86],[25.08,7.88],[24.96,8],[24.92,8.08],[24.84,8.16],[24.62,8.22],[24.52,8.2],[24.44,8.28],[24.34,8.24],[24.14,8.34],[24.14,8.44],[24.24,8.58],[24.18,8.68]]]},"properties":{"ADMIN":"Central African Republic","ADM0_A3":"CAF"}},
{"type":"Feature","geometry":{"type":"Polygon","coordinates":[[[36.52,14.26],[36.42,15.12],[36.52,15.24],[36.68,15.72],[36.76,15.84],[36.88,16.18],[36.94,16.26],[36.94,16.42],[36.88,16.52],[36.9,16.66],[36.98,16.76],[37,17.08],[37.14,17.02],[37.3,17.06],[37.4,17.02],[37.5,17.2],[37.5,17.32],[37.72,17.38],[37.8,17.48],[37.88,17.44],[38.02,17.54],[38.16,17.56],[38.34,17.66],[38.46,17.9],[38.6,18],[38.54,18.12],[38.46,18.14],[38.24,18.24],[38.16,18.24],[38.04,18.46],[37.92,18.58],[37.82,18.62],[37.68,18.74],[37.56,18.7],[37.44,18.86],[37.34,19.16],[37.28,19.48],[37.24,19.66],[37.26,19.82],[37.2,19.98],[37.22,20.12],[37.18,20.34],[37.22,20.56],[37.16,20.74],[37.14,20.94],[37.08,21.06],[37.14,21.18],[37.12,21.28],[36.98,21.46],[36.9,21.68],[36.88,21.82],[36.88,22],[35.48,22],[34.08,22],[34,21.76],[33.56,21.72],[33.18,22],[32.14,22],[31.44,22],[31.5,22.14],[31.36,22.18],[31.24,22],[30.44,22],[29.46,22],[28.3,22],[27.32,22],[26.34,22],[25.56,22],[24.98,22],[24.98,21.38],[24.98,20.5],[24.98,20],[24.96,20],[23.98,20],[23.98,19.5],[23.98,18.56],[23.98,17.4],[23.98,16.7],[23.98,15.72],[23.6,15.74],[23.32,15.68],[23.1,15.7],[22.92,15.56],[22.9,15.48],[22.96,15.4],[22.96,15.22],[22.9,15.12],[22.74,14.98],[22.66,14.82],[22.66,14.68],[22.46,14.62],[22.36,14.54],[22.42,14.48],[22.44,14.24],[22.54,14.22],[22.54,14.12],[22.24,13.98],[22.08,13.78],[22.14,13.64],[22.2,13.58],[22.26,13.34],[22.14,13.2],[22.02,13.14],[21.94,13.06],[21.8,12.8],[21.94,12.64],[22.06,12.64],[22.2,12.74],[22.44,12.62],[22.38,12.46],[22.48,12.18],[22.48,12.04],[22.6,11.98],[22.54,11.68],[22.62,11.5],[22.74,11.46],[22.78,11.4],[22.92,11.4],[22.96,11.2],[22.86,10.92],[23,10.68],[23.1,10.62],[23.3,10.44],[23.62,9.9],[23.68,9.7],[23.6,9.54],[23.64,9.42],[23.64,9.28],[23.54,9.18],[23.46,9.14],[23.46,8.98],[23.56,8.98],[23.56,8.88],[23.48,8.78],[23.5,8.72],[23.62,8.74],[23.72,8.7],[23.92,8.72],[24.18,8.68],[24.38,8.84],[24.56,8.88],[24.56,9.02],[24.66,9.18],[24.68,9.38],[24.8,9.54],[24.8,9.8],[24.98,9.96],[25.02,10.16],[25.08,10.3],[25.48,10.34],[25.84,10.42],[25.9,10.34],[25.9,10.2],[26.02,10.12],[26.1,9.98],[26.18,9.96],[26.56,9.52],[26.7,9.48],[27.08,9.6],[27.34,9.62],[27.9,9.6],[28.04,9.34],[28.84,9.32],[28.82,9.42],[29,9.6],[29.26,9.72],[29.48,9.76],[29.62,9.92],[29.62,10.06],[30.02,10.28],[30.48,9.98],[30.74,9.74],[31.16,9.76],[31.24,9.8],[31.66,10.22],[31.86,10.48],[31.94,10.66],[32.42,11.06],[32.44,11.1],[32.36,11.24],[32.34,11.42],[32.34,11.7],[32.08,12],[32.74,12],[32.74,12.22],[33.2,12.22],[33.14,11.94],[33.14,11.68],[33.08,11.58],[33.18,10.84],[33.16,10.74],[33.38,10.66],[33.46,10.54],[33.9,10.2],[33.96,10.04],[33.96,9.84],[33.9,9.72],[33.88,9.54],[33.9,9.46],[34.08,9.46],[34.1,9.68],[34.22,10.02],[34.3,10.12],[34.32,10.26],[34.28,10.56],[34.44,10.8],[34.58,10.88],[34.76,10.74],[34.84,10.72],[34.94,10.84],[34.92,10.96],[34.98,11.16],[34.94,11.28],[35.08,11.54],[35.04,11.78],[35.08,11.84],[35.22,11.9],[35.32,12.02],[35.36,12.14],[35.62,12.58],[35.72,12.68],[36.12,12.72],[36.14,12.84],[36.12,12.94],[36.24,13.36],[36.38,13.58],[36.46,13.82],[36.44,14],[36.52,14.26]]]},"properties":{"ADMIN":"Sudan","ADM0_A3":"SDN"}},
{"type":"Feature","geometry":{"type":"Polygon","coordinates":[[[42.92,11],[43.24,11.48],[43.12,11.58],[42.88,11.58],[42.7,11.54],[42.64,11.48],[42.54,11.5],[42.52,11.58],[42.68,11.58],[42.76,11.7],[42.9,11.78],[43.04,11.8],[43.2,11.96],[43.38,12],[43.42,12.1],[43.42,12.24],[43.32,12.48],[43.12,12.7],[42.86,12.62],[42.78,12.52],[42.8,12.42],[42.68,12.36],[42.52,12.5],[42.44,12.52],[42.38,12.46],[42.28,12.32],[42.1,12.08],[41.94,11.82],[41.8,11.74],[41.74,11.54],[41.78,11.26],[41.8,10.98],[41.96,10.94],[42.06,10.98],[42.4,11],[42.62,11.08],[42.72,11.06],[42.78,11],[42.92,11]]]},"properties":{"ADMIN":"Djibouti","ADM0_A3":"DJI"}},
{"type":"Feature","geometry":{"type":"MultiPolygon","coordinates":[[[[42.38,12.46],[42.44,12.52],[42.52,12.5],[42.68,12.36],[42.8,12.42],[42.78,12.52],[42.86,12.62],[43.12,12.7],[43.08,12.82],[42.96,12.82],[42.78,12.86],[42.74,13.02],[42.66,13.08],[42.52,13.24],[42.38,13.22],[42.34,13.42],[42.28,13.58],[42.1,13.66],[41.98,13.84],[41.84,13.88],[41.8,13.92],[41.68,13.94],[41.62,14.06],[41.34,14.4],[41.3,14.48],[41.16,14.64],[40.8,14.7],[40.74,14.82],[40.56,15],[40.38,14.98],[40.3,14.92],[40.16,14.98],[40.14,15.06],[40.02,15.24],[40.08,15.36],[39.88,15.5],[39.78,15.4],[39.78,15.3],[39.86,15.18],[39.82,15.08],[39.7,15.12],[39.72,15.26],[39.66,15.34],[39.58,15.54],[39.46,15.52],[39.48,15.62],[39.42,15.82],[39.32,15.9],[39.24,16.1],[39.2,16.3],[39.16,16.62],[39.06,17.04],[38.92,17.4],[38.78,17.66],[38.7,17.8],[38.6,18],[38.46,17.9],[38.34,17.66],[38.16,17.56],[38.02,17.54],[37.88,17.44],[37.8,17.48],[37.72,17.38],[37.5,17.32],[37.5,17.2],[37.4,17.02],[37.3,17.06],[37.14,17.02],[37,17.08],[36.98,16.76],[36.9,16.66],[36.88,16.52],[36.94,16.42],[36.94,16.26],[36.88,16.18],[36.76,15.84],[36.68,15.72],[36.52,15.24],[36.42,15.12],[36.52,14.26],[36.74,14.34],[37.08,14.28],[37.12,14.42],[37.3,14.46],[37.4,14.36],[37.48,14.2],[37.56,14.12],[37.9,14.88],[38,14.72],[38.22,14.68],[38.32,14.5],[38.42,14.42],[38.6,14.44],[38.86,14.5],[39.08,14.64],[39.16,14.56],[39.2,14.44],[39.48,14.52],[39.76,14.5],[39.92,14.42],[40.1,14.46],[40.28,14.4],[40.42,14.28],[40.58,14.2],[40.7,14.18],[40.84,14.1],[41.04,13.88],[41.2,13.62],[41.54,13.4],[41.72,13.24],[41.82,13.12],[41.94,12.88],[42.14,12.78],[42.38,12.46]]],[[[40.38,15.64],[40.28,15.7],[40.16,15.64],[40.14,15.8],[40.1,15.84],[39.92,15.78],[40.04,15.72],[40.06,15.6],[40.28,15.58],[40.38,15.64]]]]},"properties":{"ADMIN":"Eritrea","ADM0_A3":"ERI"}},
{"type":"Feature","geometry":{"type":"Polygon","coordinates":[[[13.82,48.76],[13.8,48.62],[13.72,48.52],[13.52,48.58],[13.4,48.38],[13.28,48.3],[13.04,48.26],[12.74,48.12],[12.76,48.06],[13,47.84],[12.9,47.72],[13.08,47.64],[13.04,47.5],[12.94,47.48],[12.78,47.56],[12.74,47.66],[12.5,47.62],[12.42,47.7],[12.2,47.68],[12.16,47.6],[11.94,47.62],[11.82,47.58],[11.62,47.58],[11.56,47.52],[11.42,47.5],[11.26,47.4],[11.08,47.38],[10.8,47.52],[10.6,47.56],[10.44,47.54],[10.46,47.44],[10.3,47.3],[9.94,47.52],[9.54,47.54],[9.64,47.4],[9.52,47.26],[9.62,47.1],[9.58,47.06],[9.86,47.02],[9.86,46.94],[10.12,46.84],[10.36,47],[10.46,46.86],[10.66,46.86],[10.76,46.8],[11,46.76],[11.1,46.92],[11.32,46.98],[11.6,47],[11.74,46.98],[11.94,47.04],[12.12,47],[12.26,46.78],[12.4,46.7],[12.84,46.6],[13.06,46.6],[13.24,46.56],[13.48,46.56],[13.7,46.52],[14.06,46.48],[14.14,46.44],[14.5,46.42],[14.78,46.5],[14.86,46.6],[15.06,46.64],[15.38,46.64],[15.46,46.62],[15.66,46.72],[15.98,46.74],[15.98,46.84],[16.1,46.86],[16.28,47],[16.44,47.04],[16.5,47.14],[16.42,47.18],[16.46,47.3],[16.42,47.36],[16.64,47.46],[16.68,47.52],[16.64,47.62],[16.48,47.64],[16.6,47.76],[16.8,47.68],[17.06,47.7],[17.04,47.84],[17.14,48],[16.98,48.16],[16.96,48.28],[16.84,48.36],[16.94,48.6],[16.88,48.72],[16.44,48.8],[16.36,48.72],[16.04,48.76],[15.82,48.88],[15.68,48.86],[15.26,48.98],[14.98,49],[14.92,48.76],[14.8,48.78],[14.7,48.58],[14.44,48.64],[14.32,48.56],[14.08,48.6],[13.98,48.7],[13.82,48.76]]]},"properties":{"ADMIN":"Austria","ADM0_A3":"AUT"}},
{"type":"Feature","geometry":{"type":"Polygon","coordinates":[[[38.78,33.38],[39.06,32.5],[38.98,32.48],[39.04,32.3],[39.24,32.36],[39.3,32.24],[39.14,32.12],[40.02,32],[40.42,31.92],[41.54,31.34],[42.08,31.08],[42.86,30.5],[43.9,29.76],[44.7,29.2],[45.44,29.14],[46.36,29.06],[46.54,29.1],[46.72,29.28],[46.86,29.44],[46.96,29.62],[47.12,29.96],[47.2,30.04],[47.36,30.1],[47.68,30.1],[47.94,30],[48.04,30.04],[48.2,30.02],[48.34,29.96],[48.54,29.96],[48.46,30],[48.38,30.16],[48.4,30.22],[48.16,30.42],[48.02,30.46],[48.02,30.98],[47.68,31],[47.68,31.4],[47.84,31.76],[47.66,32.02],[47.4,32.34],[47.34,32.46],[47.12,32.46],[46.72,32.76],[46.48,32.9],[46.28,32.96],[46.1,32.96],[46.16,33.16],[46.16,33.26],[46.04,33.36],[45.88,33.64],[45.72,33.64],[45.66,33.68],[45.48,33.94],[45.42,34],[45.54,34.12],[45.56,34.32],[45.44,34.36],[45.42,34.44],[45.5,34.5],[45.5,34.6],[45.7,34.56],[45.62,34.72],[45.68,34.82],[45.84,34.9],[45.86,35.02],[46,35.06],[46.16,35.18],[46.12,35.32],[45.96,35.5],[46.04,35.7],[46.24,35.72],[46.18,35.8],[46.06,35.86],[45.82,35.8],[45.72,35.82],[45.64,35.94],[45.46,36.02],[45.34,36.08],[45.24,36.4],[45.12,36.4],[45,36.54],[45.04,36.64],[45,36.74],[44.84,36.8],[44.88,36.88],[44.88,37.02],[44.76,37.14],[44.58,37.16],[44.42,37.06],[44.24,36.98],[44.18,37.08],[44.24,37.16],[44.22,37.26],[44,37.32],[43.9,37.22],[43.48,37.24],[43.34,37.32],[43.08,37.36],[42.94,37.32],[42.78,37.38],[42.56,37.14],[42.36,37.1],[42.28,37],[41.84,36.62],[41.78,36.58],[41.42,36.52],[41.28,36.36],[41.24,36.04],[41.34,35.86],[41.36,35.66],[41.26,35.5],[41.2,35.18],[41.2,34.76],[40.98,34.42],[40.94,34.38],[40.7,34.34],[39.88,33.92],[38.78,33.38]]]},"properties":{"ADMIN":"Iraq","ADM0_A3":"IRQ"}},
{"type":"Feature","geometry":{"type":"MultiPolygon","coordinates":[[[[7.5,43.8],[7.7,43.8],[7.96,43.86],[8.14,43.96],[8.24,44.1],[8.4,44.2],[8.46,44.3],[8.76,44.44],[9.24,44.36],[9.48,44.24],[9.78,44.08],[9.84,44.1],[10.1,44.02],[10.26,43.8],[10.32,43.48],[10.44,43.38],[10.54,43.14],[10.5,42.94],[10.68,42.94],[10.78,42.9],[10.74,42.8],[11,42.72],[11.18,42.52],[11.16,42.44],[11.38,42.4],[11.66,42.28],[11.82,42.04],[11.92,42.04],[12.14,41.9],[12.24,41.74],[12.44,41.64],[12.62,41.46],[12.9,41.4],[13.04,41.22],[13.32,41.3],[13.52,41.22],[13.72,41.26],[13.86,41.14],[14.02,40.92],[14.06,40.84],[14.2,40.8],[14.3,40.84],[14.48,40.72],[14.38,40.64],[14.54,40.62],[14.76,40.68],[14.88,40.58],[15,40.4],[14.92,40.24],[15.12,40.16],[15.28,40.02],[15.42,40],[15.62,40.08],[15.78,39.86],[15.8,39.7],[15.86,39.56],[16,39.44],[16.08,39.08],[16.22,38.9],[16.22,38.82],[16.12,38.72],[16,38.72],[15.84,38.66],[15.9,38.48],[15.78,38.28],[15.66,38.24],[15.62,38.1],[15.66,37.96],[15.76,37.92],[16.1,37.94],[16.16,38.14],[16.34,38.3],[16.56,38.42],[16.54,38.72],[16.62,38.82],[16.84,38.92],[17.12,38.92],[17.18,39],[17.12,39.1],[17.12,39.34],[17.16,39.4],[16.84,39.56],[16.74,39.62],[16.62,39.62],[16.52,39.68],[16.5,39.8],[16.64,39.96],[16.6,40.08],[16.74,40.22],[16.92,40.44],[17.04,40.52],[17.24,40.5],[17.22,40.4],[17.52,40.3],[17.84,40.3],[18,40.12],[18,39.98],[18.22,39.84],[18.38,39.82],[18.44,40.02],[18.52,40.12],[18.44,40.26],[18.24,40.46],[18.04,40.56],[18,40.66],[17.48,40.84],[17.28,40.98],[17.06,41.08],[16.6,41.2],[16.02,41.42],[15.92,41.5],[15.92,41.64],[16.2,41.8],[16.14,41.92],[16.02,41.94],[15.44,41.9],[15.12,41.94],[15,42.02],[14.74,42.08],[14.72,42.16],[14.56,42.22],[14.38,42.38],[14.22,42.48],[14.08,42.6],[13.94,42.8],[13.84,43.12],[13.62,43.54],[13.26,43.7],[12.94,43.9],[12.72,43.98],[12.48,44.14],[12.36,44.26],[12.28,44.48],[12.26,44.76],[12.44,44.82],[12.52,44.94],[12.38,45.04],[12.3,45.22],[12.16,45.26],[12.28,45.46],[12.44,45.54],[12.48,45.46],[12.94,45.62],[13.08,45.64],[13.14,45.76],[13.5,45.72],[13.56,45.8],[13.72,45.7],[13.72,45.6],[13.86,45.64],[13.78,45.74],[13.58,45.8],[13.62,45.96],[13.5,45.96],[13.5,46.06],[13.64,46.18],[13.42,46.2],[13.36,46.3],[13.7,46.52],[13.48,46.56],[13.24,46.56],[13.06,46.6],[12.84,46.6],[12.4,46.7],[12.26,46.78],[12.12,47],[11.94,47.04],[11.74,46.98],[11.6,47],[11.32,46.98],[11.1,46.92],[11,46.76],[10.76,46.8],[10.66,46.86],[10.46,46.86],[10.36,46.68],[10.46,46.6],[10.3,46.56],[10.2,46.62],[10.1,46.6],[10.02,46.44],[10.14,46.42],[10.04,46.22],[9.9,46.38],[9.68,46.3],[9.56,46.3],[9.46,46.38],[9.44,46.5],[9.26,46.48],[9.26,46.3],[9.22,46.24],[9,46.04],[9,45.94],[8.76,45.98],[8.84,46.06],[8.6,46.12],[8.42,46.26],[8.44,46.44],[8.08,46.26],[8.12,46.12],[7.98,46],[7.84,45.92],[7.54,45.98],[7.36,45.9],[7.18,45.88],[7.02,45.92],[6.8,45.82],[6.8,45.72],[6.96,45.64],[6.98,45.52],[7.16,45.42],[7.06,45.22],[6.96,45.2],[6.84,45.14],[6.74,45.16],[6.6,45.1],[6.72,45.02],[6.72,44.92],[6.86,44.86],[6.98,44.84],[7.02,44.74],[6.84,44.5],[6.86,44.38],[7.04,44.24],[7.38,44.12],[7.62,44.18],[7.7,44.08],[7.48,43.86],[7.5,43.8]],[[12.42,43.9],[12.38,43.92],[12.42,43.96],[12.5,43.94],[12.42,43.9]]],[[[15.52,38.3],[15.4,38.24],[15.24,38.22],[15.08,38.12],[14.9,38.18],[14.74,38.16],[14.64,38.08],[14.28,38.02],[14.02,38.04],[13.8,37.98],[13.66,38],[13.52,38.12],[13.4,38.1],[13.32,38.22],[13.1,38.2],[13.02,38.06],[12.9,38.02],[12.72,38.12],[12.5,38.02],[12.42,37.8],[12.48,37.68],[12.7,37.56],[12.94,37.56],[13.06,37.5],[13.18,37.48],[13.28,37.4],[13.46,37.3],[13.56,37.28],[13.68,37.18],[13.9,37.1],[14.08,37.12],[14.28,37.04],[14.4,36.94],[14.48,36.8],[14.78,36.7],[14.88,36.74],[15.08,36.66],[15.1,36.8],[15.18,36.94],[15.32,37.02],[15.18,37.2],[15.22,37.28],[15.12,37.32],[15.1,37.5],[15.16,37.56],[15.2,37.74],[15.5,38.08],[15.58,38.24],[15.52,38.3]]],[[[9.8,40.56],[9.66,40.8],[9.58,40.9],[9.54,41.12],[9.24,41.26],[9.16,41.16],[9.02,41.12],[8.76,40.92],[8.64,40.9],[8.52,40.82],[8.32,40.86],[8.24,40.92],[8.14,40.72],[8.14,40.62],[8.32,40.58],[8.46,40.32],[8.5,40.1],[8.4,40.04],[8.4,39.9],[8.56,39.86],[8.46,39.58],[8.38,39.46],[8.42,39.28],[8.38,39.24],[8.64,38.88],[8.72,38.94],[8.84,38.88],[9.02,39],[9.02,39.14],[9.08,39.22],[9.26,39.22],[9.46,39.12],[9.56,39.14],[9.64,39.48],[9.64,39.64],[9.74,40.08],[9.66,40.14],[9.62,40.26],[9.74,40.38],[9.82,40.52],[9.8,40.56]]]]},"properties":{"ADMIN":"Italy","ADM0_A3":"ITA"}},
{"type":"Feature","geometry":{"type":"Polygon","coordinates":[[[7.02,45.92],[7.18,45.88],[7.36,45.9],[7.54,45.98],[7.84,45.92],[7.98,46],[8.12,46.12],[8.08,46.26],[8.44,46.44],[8.42,46.26],[8.6,46.12],[8.84,46.06],[8.76,45.98],[9,45.94],[9,46.04],[9.22,46.24],[9.26,46.3],[9.26,46.48],[9.44,46.5],[9.46,46.38],[9.56,46.3],[9.68,46.3],[9.9,46.38],[10.04,46.22],[10.14,46.42],[10.02,46.44],[10.1,46.6],[10.2,46.62],[10.3,46.56],[10.46,46.6],[10.36,46.68],[10.46,46.86],[10.36,47],[10.12,46.84],[9.86,46.94],[9.86,47.02],[9.58,47.06],[9.48,47.18],[9.52,47.26],[9.64,47.4],[9.54,47.54],[9.28,47.66],[9.02,47.68],[8.9,47.66],[8.8,47.72],[8.56,47.8],[8.26,47.62],[8.08,47.56],[7.82,47.6],[7.68,47.54],[7.58,47.58],[7.38,47.44],[7.24,47.42],[7.1,47.5],[6.9,47.4],[7.04,47.34],[6.96,47.24],[6.66,47.02],[6.44,46.94],[6.42,46.76],[6.14,46.6],[6.06,46.48],[6.14,46.36],[6.08,46.24],[6.14,46.16],[6.28,46.24],[6.22,46.32],[6.3,46.4],[6.48,46.44],[6.76,46.42],[6.86,46.12],[7.02,45.92]]]},"properties":{"ADMIN":"Switzerland","ADM0_A3":"CHE"}},
{"type":"Feature","geometry":{"type":"MultiPolygon","coordinates":[[[[46.52,38.88],[46.4,38.92],[46.14,38.86],[45.44,39],[45.34,39.16],[45.18,39.22],[45.06,39.38],[44.96,39.44],[44.88,39.6],[44.8,39.64],[44.56,39.76],[44.46,39.7],[44.4,39.44],[44.26,39.38],[44.06,39.4],[44.08,39.2],[44.18,39.14],[44.14,39],[44.28,38.84],[44.24,38.72],[44.3,38.62],[44.28,38.38],[44.42,38.38],[44.34,38.1],[44.22,37.96],[44.22,37.88],[44.38,37.86],[44.46,37.76],[44.6,37.72],[44.56,37.44],[44.8,37.3],[44.76,37.14],[44.88,37.02],[44.88,36.88],[44.84,36.8],[45,36.74],[45.04,36.64],[45,36.54],[45.12,36.4],[45.24,36.4],[45.34,36.08],[45.46,36.02],[45.64,35.94],[45.72,35.82],[45.82,35.8],[46.06,35.86],[46.18,35.8],[46.24,35.72],[46.04,35.7],[45.96,35.5],[46.12,35.32],[46.16,35.18],[46,35.06],[45.86,35.02],[45.84,34.9],[45.68,34.82],[45.62,34.72],[45.7,34.56],[45.5,34.6],[45.5,34.5],[45.42,34.44],[45.44,34.36],[45.56,34.32],[45.54,34.12],[45.42,34],[45.48,33.94],[45.66,33.68],[45.72,33.64],[45.88,33.64],[46.04,33.36],[46.16,33.26],[46.16,33.16],[46.1,32.96],[46.28,32.96],[46.48,32.9],[46.72,32.76],[47.12,32.46],[47.34,32.46],[47.4,32.34],[47.66,32.02],[47.84,31.76],[47.68,31.4],[47.68,31],[48.02,30.98],[48.02,30.46],[48.16,30.42],[48.4,30.22],[48.38,30.16],[48.46,30],[48.54,29.96],[48.64,30.04],[48.88,30.02],[48.94,30.08],[48.92,30.26],[48.86,30.34],[48.98,30.52],[49.16,30.5],[49.26,30.42],[49.18,30.38],[49.06,30.4],[49,30.3],[49.24,30.16],[49.48,30.16],[49.54,30.02],[49.6,30.04],[49.92,30.2],[50.08,30.2],[50.12,30.12],[50.14,29.94],[50.24,29.86],[50.4,29.66],[50.66,29.44],[50.64,29.14],[50.84,29.14],[50.92,29.06],[50.9,28.98],[50.82,28.92],[50.88,28.84],[50.98,28.82],[51.06,28.74],[51.08,28.56],[51.14,28.4],[51.26,28.28],[51.26,28.16],[51.38,28],[51.58,27.84],[51.72,27.82],[52.02,27.84],[52.24,27.68],[52.42,27.64],[52.56,27.54],[52.6,27.36],[53.08,27.1],[53.42,27],[53.5,26.86],[53.72,26.7],[53.82,26.7],[54,26.74],[54.16,26.7],[54.3,26.72],[54.38,26.6],[54.56,26.58],[54.62,26.5],[54.8,26.5],[55.1,26.7],[55.28,26.8],[55.4,26.76],[55.56,26.82],[55.6,26.96],[55.68,27],[55.94,27.02],[56.12,27.16],[56.36,27.2],[56.58,27.16],[56.8,27.14],[56.86,27.04],[56.98,26.96],[57.1,26.62],[57.08,26.44],[57.14,26.26],[57.22,26.16],[57.16,26.1],[57.26,25.96],[57.32,25.78],[57.52,25.74],[57.78,25.74],[57.78,25.64],[57.96,25.7],[58.08,25.56],[58.18,25.54],[58.32,25.58],[58.54,25.6],[58.82,25.56],[58.92,25.52],[59,25.42],[59.12,25.4],[59.46,25.46],[59.54,25.4],[59.78,25.38],[59.9,25.32],[60.08,25.36],[60.2,25.32],[60.28,25.38],[60.36,25.34],[60.42,25.42],[60.54,25.44],[60.64,25.28],[61.04,25.2],[61.18,25.12],[61.42,25.06],[61.58,25.2],[61.62,25.28],[61.66,25.76],[61.76,25.84],[61.8,26.16],[61.86,26.24],[62.1,26.32],[62.12,26.38],[62.24,26.36],[62.3,26.5],[62.42,26.56],[62.6,26.58],[62.76,26.64],[63.14,26.62],[63.18,26.84],[63.26,26.9],[63.22,27.06],[63.26,27.22],[63.16,27.26],[62.92,27.22],[62.8,27.22],[62.76,27.34],[62.82,27.5],[62.78,27.82],[62.74,28],[62.76,28.22],[62.74,28.26],[62.58,28.22],[62.36,28.42],[62.04,28.48],[61.9,28.54],[61.66,28.76],[61.56,28.88],[61.48,29.08],[61.34,29.26],[61.34,29.38],[61.28,29.4],[60.84,29.86],[61.46,30.5],[61.78,30.84],[61.82,31.04],[61.74,31.3],[61.66,31.38],[60.86,31.48],[60.8,31.66],[60.8,31.74],[60.78,32.02],[60.84,32.24],[60.58,33],[60.56,33.16],[60.76,33.36],[60.82,33.4],[60.88,33.54],[60.66,33.56],[60.52,33.64],[60.48,33.72],[60.52,33.84],[60.48,34.1],[60.52,34.18],[60.64,34.3],[60.9,34.32],[60.72,34.54],[60.94,34.64],[60.96,34.72],[61.06,34.82],[61.12,35.06],[61.1,35.28],[61.3,35.54],[61.26,35.62],[61.24,35.68],[61.24,35.88],[61.18,36],[61.22,36.12],[61.16,36.4],[61.18,36.58],[61.08,36.64],[60.34,36.64],[60.02,37.02],[59.8,37.12],[59.5,37.18],[59.38,37.32],[59.36,37.5],[59.22,37.52],[59.04,37.62],[58.86,37.66],[58.7,37.64],[58.52,37.7],[58.38,37.64],[58.2,37.68],[58.18,37.78],[57.7,37.92],[57.5,37.92],[57.36,37.96],[57.34,38.08],[57.22,38.26],[57.04,38.18],[56.82,38.22],[56.74,38.26],[56.58,38.24],[56.44,38.26],[56.3,38.16],[56.3,38.08],[55.98,38.06],[55.7,38.12],[55.42,38.08],[55.14,37.96],[55,37.84],[54.86,37.76],[54.78,37.66],[54.78,37.52],[54.62,37.44],[54.54,37.44],[54.36,37.36],[54.18,37.32],[53.92,37.34],[53.92,37.26],[54.04,36.94],[54.02,36.82],[53.88,36.8],[53.7,36.82],[53.66,36.88],[53.5,36.88],[53.12,36.82],[52.78,36.74],[51.9,36.58],[51.36,36.7],[51.08,36.74],[50.48,37.04],[50.32,37.16],[50.14,37.4],[49.94,37.46],[49.44,37.5],[49.14,37.62],[49.02,37.74],[48.9,38.08],[48.86,38.32],[48.88,38.44],[48.78,38.44],[48.6,38.4],[48.44,38.56],[48.32,38.6],[48.22,38.72],[48.02,38.82],[48.06,38.94],[48.24,38.98],[48.3,39.04],[48.14,39.18],[48.12,39.3],[48.34,39.38],[48.06,39.66],[47.96,39.7],[47.84,39.68],[47.56,39.52],[47.38,39.46],[47.3,39.38],[47.1,39.3],[47.02,39.18],[46.86,39.16],[46.74,39.04],[46.52,38.88]]],[[[56.22,27],[56.04,26.98],[55.78,26.84],[55.74,26.78],[55.36,26.64],[55.3,26.54],[55.5,26.6],[55.7,26.7],[55.88,26.74],[55.94,26.7],[56.08,26.78],[56.2,26.92],[56.22,27]]]]},"properties":{"ADMIN":"Iran","ADM0_A3":"IRN"}},
{"type":"Feature","geometry":{"type":"MultiPolygon","coordinates":[[[[7.2,53.24],[6.9,53.36],[6.86,53.44],[6.74,53.46],[6.34,53.42],[5.98,53.4],[5.6,53.3],[5.44,53.22],[5.38,53.1],[5.08,52.96],[4.92,52.9],[4.74,52.96],[4.66,52.8],[4.6,52.5],[4.5,52.34],[4.28,52.12],[4.14,52],[4.02,51.98],[4.04,51.78],[4.12,51.64],[4.06,51.5],[3.82,51.62],[3.56,51.6],[3.46,51.56],[3.54,51.46],[3.68,51.46],[3.82,51.4],[3.94,51.46],[4.26,51.36],[4.52,51.48],[4.74,51.48],[4.92,51.4],[5.06,51.38],[5.22,51.26],[5.48,51.28],[5.54,51.22],[5.84,51.14],[5.64,50.82],[5.8,50.76],[6,50.74],[6.06,50.9],[5.98,51.08],[6.14,51.14],[6.06,51.24],[6.18,51.34],[6.2,51.5],[6.1,51.64],[5.94,51.74],[5.92,51.8],[6.22,51.86],[6.38,51.82],[6.72,51.9],[6.8,51.98],[6.68,52.04],[6.76,52.1],[7.02,52.24],[7.04,52.36],[6.7,52.48],[6.7,52.62],[7.04,52.64],[7.08,52.86],[7.18,52.96],[7.2,53.24]]],[[[4.22,51.36],[3.76,51.36],[3.54,51.42],[3.34,51.38],[3.4,51.24],[3.64,51.28],[3.92,51.2],[4.12,51.28],[4.22,51.36]]]]},"properties":{"ADMIN":"Netherlands","ADM0_A3":"NLD"}},
{"type":"Feature","geometry":{"type":"Polygon","coordinates":[[[9.52,47.26],[9.48,47.18],[9.58,47.06],[9.62,47.1],[9.52,47.26]]]},"properties":{"ADMIN":"Liechtenstein","ADM0_A3":"LIE"}},
{"type":"Feature","geometry":{"type":"Polygon","coordinates":[[[-8.48,7.56],[-8.44,7.54],[-8.38,7.32],[-8.3,7.14],[-8.28,7.02],[-8.36,6.76],[-8.56,6.56],[-8.56,6.5],[-8.4,6.44],[-8.38,6.36],[-8.18,6.28],[-8.06,6.3],[-7.94,6.28],[-7.84,6.18],[-7.8,5.98],[-7.68,5.94],[-7.56,5.84],[-7.44,5.84],[-7.44,5.74],[-7.4,5.52],[-7.44,5.42],[-7.4,5.36],[-7.46,5.28],[-7.48,5.14],[-7.58,5.06],[-7.56,4.94],[-7.6,4.9],[-7.58,4.72],[-7.58,4.38],[-7.54,4.36],[-7.46,4.34],[-7.18,4.52],[-7.06,4.54],[-6.92,4.66],[-6.62,4.72],[-6.58,4.76],[-6.14,4.92],[-5.86,5.02],[-5.52,5.1],[-4.78,5.14],[-4.62,5.18],[-4,5.24],[-4.18,5.28],[-4.44,5.22],[-4.48,5.3],[-4.12,5.3],[-3.84,5.2],[-3.72,5.2],[-3.32,5.12],[-3.24,5.36],[-3.14,5.36],[-3.2,5.22],[-3.14,5.14],[-2.94,5.18],[-2.84,5.14],[-2.78,5.16],[-2.78,5.34],[-2.74,5.36],[-2.78,5.58],[-2.88,5.64],[-2.96,5.62],[-3.02,5.7],[-3.02,5.82],[-3.08,6],[-3.12,6.16],[-3.18,6.26],[-3.26,6.62],[-3.22,6.72],[-3.22,6.84],[-3.1,7.04],[-3.04,7.08],[-2.98,7.2],[-3,7.28],[-2.94,7.58],[-2.84,7.82],[-2.7,8],[-2.62,8.04],[-2.62,8.12],[-2.5,8.2],[-2.62,8.92],[-2.66,9.02],[-2.78,9.06],[-2.76,9.14],[-2.66,9.28],[-2.68,9.48],[-2.76,9.4],[-2.92,9.54],[-2.98,9.7],[-3.1,9.74],[-3.14,9.82],[-3.28,9.84],[-3.38,9.92],[-3.6,9.92],[-3.66,9.94],[-3.88,9.9],[-4.06,9.8],[-4.14,9.82],[-4.28,9.74],[-4.32,9.6],[-4.5,9.66],[-4.6,9.72],[-4.7,9.7],[-4.84,9.86],[-4.96,9.9],[-4.98,10.06],[-5.04,10.08],[-5.12,10.28],[-5.22,10.32],[-5.4,10.3],[-5.52,10.42],[-5.6,10.46],[-5.8,10.42],[-5.9,10.34],[-6.02,10.18],[-6.18,10.22],[-6.24,10.28],[-6.18,10.36],[-6.18,10.48],[-6.26,10.54],[-6.2,10.64],[-6.28,10.72],[-6.44,10.66],[-6.42,10.56],[-6.52,10.56],[-6.66,10.66],[-6.7,10.48],[-6.66,10.44],[-6.7,10.34],[-6.8,10.38],[-6.98,10.34],[-6.96,10.18],[-7.04,10.14],[-7.1,10.2],[-7.34,10.24],[-7.44,10.34],[-7.46,10.42],[-7.64,10.44],[-7.7,10.4],[-7.82,10.22],[-7.98,10.16],[-8.1,10.06],[-8.18,9.94],[-8.12,9.84],[-8.16,9.58],[-8.08,9.42],[-8.04,9.38],[-7.86,9.4],[-7.92,9.18],[-7.76,9.1],[-7.92,9.02],[-7.96,8.78],[-7.8,8.74],[-7.7,8.6],[-7.68,8.44],[-7.78,8.38],[-7.9,8.42],[-7.98,8.5],[-8.2,8.5],[-8.26,8.24],[-8.02,8.12],[-8.12,7.88],[-8.12,7.72],[-8.22,7.54],[-8.3,7.58],[-8.48,7.56]]]},"properties":{"ADMIN":"Ivory Coast","ADM0_A3":"CIV"}},
{"type":"Feature","geometry":{"type":"Polygon","coordinates":[[[-7.98,10.16],[-7.82,10.22],[-7.7,10.4],[-7.64,10.44],[-7.46,10.42],[-7.44,10.34],[-7.34,10.24],[-7.1,10.2],[-7.04,10.14],[-6.96,10.18],[-6.98,10.34],[-6.8,10.38],[-6.7,10.34],[-6.66,10.44],[-6.7,10.48],[-6.66,10.66],[-6.52,10.56],[-6.42,10.56],[-6.44,10.66],[-6.28,10.72],[-6.2,10.64],[-6.26,10.54],[-6.18,10.48],[-6.18,10.36],[-6.24,10.28],[-6.18,10.22],[-6.02,10.18],[-5.9,10.34],[-5.8,10.42],[-5.6,10.46],[-5.52,10.42],[-5.46,10.58],[-5.48,10.68],[-5.44,10.84],[-5.5,11],[-5.48,11.08],[-5.32,11.14],[-5.22,11.42],[-5.24,11.58],[-5.3,11.62],[-5.26,11.84],[-5.16,11.94],[-4.96,12],[-4.8,12],[-4.66,12.06],[-4.58,12.2],[-4.4,12.3],[-4.46,12.44],[-4.38,12.54],[-4.48,12.64],[-4.4,12.74],[-4.3,12.72],[-4.22,12.82],[-4.22,12.94],[-4.36,13.12],[-4.32,13.16],[-4.14,13.3],[-4.1,13.38],[-3.98,13.4],[-3.8,13.34],[-3.6,13.2],[-3.46,13.16],[-3.42,13.28],[-3.24,13.3],[-3.28,13.54],[-3.26,13.66],[-3.12,13.68],[-3.06,13.6],[-2.9,13.66],[-2.92,13.8],[-2.84,14.04],[-2.7,14.12],[-2.6,14.22],[-2.46,14.28],[-2.16,14.16],[-2.02,14.2],[-2,14.44],[-1.96,14.48],[-1.7,14.5],[-1.36,14.72],[-1.04,14.82],[-0.76,15.06],[-0.46,15.08],[-0.4,15],[-0.24,15.06],[0.22,14.92],[0.22,15],[0.36,14.96],[0.52,15],[0.68,14.94],[0.98,15],[1.28,15.26],[1.34,15.28],[2.08,15.3],[3,15.34],[3.08,15.42],[3.5,15.36],[3.52,15.5],[3.7,15.64],[3.88,15.72],[3.9,15.88],[3.98,15.98],[3.98,16.08],[4.06,16.3],[4.18,16.42],[4.18,16.8],[4.24,17],[4.24,18.16],[4.22,19.14],[3.44,19],[3.3,18.98],[3.16,19.08],[3.1,19.16],[3.26,19.42],[3.2,19.56],[3.22,19.8],[2.94,19.94],[2.5,20.02],[2.4,20.06],[2.28,20.22],[2.18,20.28],[2.06,20.22],[1.78,20.3],[1.64,20.42],[1.64,20.52],[1.52,20.62],[1.36,20.66],[1.3,20.74],[1.16,20.74],[1.14,20.8],[1.18,21],[1.14,21.1],[0.5,21.52],[-0.02,21.86],[-0.96,22.48],[-1.84,23.04],[-2.52,23.5],[-3.44,24.1],[-4.16,24.58],[-4.82,25],[-5.92,25],[-6.6,25],[-6.5,24.2],[-6.38,23.16],[-6.3,22.54],[-6.22,21.82],[-6.12,20.92],[-6.04,20.24],[-5.96,19.62],[-5.86,18.66],[-5.76,17.74],[-5.62,16.52],[-5.36,16.32],[-5.52,15.5],[-6.68,15.5],[-7.52,15.5],[-8.32,15.5],[-9.34,15.5],[-9.34,15.68],[-9.46,15.56],[-9.42,15.44],[-9.68,15.44],[-9.84,15.38],[-10.14,15.38],[-10.3,15.44],[-10.54,15.44],[-10.74,15.42],[-10.74,15.34],[-10.82,15.28],[-10.92,15.1],[-11.04,15.28],[-11.3,15.46],[-11.4,15.6],[-11.52,15.6],[-11.64,15.52],[-11.72,15.54],[-11.84,15.18],[-11.82,15.02],[-11.84,14.9],[-11.98,14.78],[-12.26,14.78],[-12.16,14.62],[-12.24,14.52],[-12.22,14.4],[-12.12,14.36],[-12,14.16],[-12.02,14.02],[-11.96,13.9],[-12.02,13.76],[-12.1,13.7],[-12,13.54],[-11.9,13.46],[-11.9,13.38],[-11.82,13.3],[-11.76,13.4],[-11.62,13.36],[-11.56,13.26],[-11.54,13.12],[-11.46,13.08],[-11.4,12.74],[-11.46,12.66],[-11.38,12.48],[-11.38,12.4],[-11.5,12.2],[-11.36,12.04],[-11.2,12.02],[-11.06,12.2],[-10.9,12.2],[-10.8,12.1],[-10.8,12.02],[-10.72,11.9],[-10.38,12.18],[-10.26,12.22],[-10.06,12.14],[-9.88,12.06],[-9.72,12.02],[-9.62,12.18],[-9.42,12.26],[-9.3,12.34],[-9.42,12.46],[-9.32,12.5],[-9.14,12.46],[-9,12.38],[-9,12.26],[-8.92,12.16],[-8.92,12.06],[-8.82,12.02],[-8.8,11.92],[-8.84,11.66],[-8.72,11.64],[-8.68,11.52],[-8.52,11.42],[-8.42,11.4],[-8.48,11.28],[-8.62,11.12],[-8.7,11],[-8.54,10.98],[-8.5,11.06],[-8.36,11.06],[-8.32,11],[-8.3,10.54],[-8.22,10.42],[-8.02,10.34],[-7.96,10.26],[-7.98,10.16]]]},"properties":{"ADMIN":"Mali","ADM0_A3":"MLI"}},
{"type":"Feature","geometry":{"type":"Polygon","coordinates":[[[-11.38,12.4],[-11.38,12.48],[-11.46,12.66],[-11.4,12.74],[-11.46,13.08],[-11.54,13.12],[-11.56,13.26],[-11.62,13.36],[-11.76,13.4],[-11.82,13.3],[-11.9,13.38],[-11.9,13.46],[-12,13.54],[-12.1,13.7],[-12.02,13.76],[-11.96,13.9],[-12.02,14.02],[-12,14.16],[-12.12,14.36],[-12.22,14.4],[-12.24,14.52],[-12.16,14.62],[-12.26,14.78],[-12.38,14.84],[-12.48,15],[-12.62,15.1],[-12.7,15.1],[-12.86,15.22],[-12.96,15.5],[-13.08,15.5],[-13.12,15.6],[-13.24,15.62],[-13.32,15.92],[-13.48,16.16],[-13.68,16.1],[-13.74,16.18],[-13.82,16.12],[-13.96,16.24],[-14.02,16.36],[-14.34,16.64],[-14.4,16.66],[-14.6,16.62],[-14.94,16.64],[-14.98,16.7],[-15.12,16.58],[-15.5,16.56],[-15.68,16.48],[-15.82,16.52],[-16.06,16.5],[-16.14,16.56],[-16.32,16.48],[-16.38,16.24],[-16.46,16.18],[-16.54,15.8],[-16.54,15.78],[-16.74,15.48],[-16.88,15.24],[-17.14,14.92],[-17.38,14.8],[-17.34,14.74],[-17.18,14.66],[-17.06,14.46],[-16.94,14.36],[-16.88,14.18],[-16.8,14.1],[-16.72,13.78],[-16.56,13.58],[-15.52,13.58],[-15.46,13.7],[-15.4,13.78],[-15.26,13.74],[-15.1,13.82],[-14.92,13.8],[-14.84,13.76],[-14.8,13.66],[-14.72,13.62],[-14.58,13.66],[-14.48,13.52],[-14.32,13.46],[-14.1,13.56],[-13.96,13.58],[-13.82,13.42],[-13.86,13.34],[-14.06,13.3],[-14.2,13.22],[-14.4,13.24],[-14.6,13.36],[-14.74,13.36],[-14.78,13.42],[-15.02,13.5],[-15.14,13.58],[-15.22,13.52],[-15.22,13.42],[-15.38,13.36],[-15.52,13.38],[-15.82,13.32],[-15.84,13.16],[-16.68,13.16],[-16.76,13.06],[-16.76,12.9],[-16.8,12.84],[-16.76,12.72],[-16.8,12.44],[-16.72,12.34],[-16.38,12.38],[-16.24,12.46],[-16.1,12.46],[-15.98,12.44],[-15.68,12.44],[-15.42,12.56],[-15.2,12.68],[-14.44,12.68],[-13.72,12.68],[-13.08,12.64],[-13.08,12.52],[-12.98,12.46],[-12.92,12.54],[-12.78,12.44],[-12.64,12.42],[-12.58,12.36],[-12.5,12.4],[-12.36,12.3],[-12.2,12.34],[-12.08,12.4],[-11.94,12.42],[-11.76,12.38],[-11.52,12.44],[-11.38,12.4]]]},"properties":{"ADMIN":"Senegal","ADM0_A3":"SEN"}},
{"type":"Feature","geometry":{"type":"Polygon","coordinates":[[[3.6,11.7],[3.5,11.56],[3.48,11.4],[3.66,11.14],[3.72,11.12],[3.76,10.9],[3.74,10.82],[3.84,10.6],[3.76,10.4],[3.66,10.44],[3.58,10.28],[3.66,10.18],[3.6,9.96],[3.52,9.84],[3.46,9.86],[3.32,9.78],[3.34,9.68],[3.12,9.42],[3.16,9.28],[3.1,9.12],[2.98,9.06],[2.76,9.06],[2.76,8.82],[2.72,8.78],[2.74,8.5],[2.7,8.32],[2.74,8.22],[2.68,7.88],[2.72,7.8],[2.72,7.58],[2.8,7.48],[2.74,7.4],[2.78,7.06],[2.72,6.98],[2.72,6.8],[2.78,6.7],[2.7,6.36],[2.92,6.38],[3.08,6.38],[3.38,6.4],[3.4,6.56],[3.46,6.58],[3.54,6.46],[4.12,6.42],[4.4,6.36],[4.5,6.32],[4.72,6.16],[4.88,6],[5,5.84],[5.2,5.5],[5.34,5.34],[5.36,5.18],[5.48,4.84],[5.6,4.64],[5.78,4.46],[5.94,4.34],[6.1,4.28],[6.46,4.32],[6.84,4.34],[6.96,4.38],[7.18,4.5],[7.16,4.6],[7.56,4.52],[7.76,4.52],[8.04,4.56],[8.3,4.56],[8.36,4.62],[8.36,4.8],[8.46,4.72],[8.6,4.82],[8.6,4.88],[8.76,5.14],[8.8,5.16],[8.9,5.62],[8.82,5.7],[8.86,5.84],[8.98,5.94],[9.14,6.1],[9.28,6.2],[9.32,6.3],[9.58,6.5],[9.7,6.54],[9.76,6.78],[9.88,6.78],[10.12,7],[10.24,6.88],[10.5,6.88],[10.6,7.06],[10.84,6.94],[10.88,6.82],[11,6.76],[11.06,6.7],[11.1,6.44],[11.32,6.44],[11.38,6.48],[11.42,6.58],[11.5,6.62],[11.58,6.76],[11.54,6.82],[11.62,6.94],[11.88,7.1],[11.78,7.24],[11.84,7.4],[12.02,7.6],[12,7.68],[12.06,7.78],[12.2,7.98],[12.18,8.12],[12.24,8.22],[12.24,8.42],[12.4,8.5],[12.38,8.6],[12.56,8.6],[12.66,8.66],[12.8,8.84],[12.82,9.1],[12.88,9.22],[12.86,9.38],[12.98,9.48],[13.2,9.54],[13.26,9.8],[13.22,9.88],[13.24,10.08],[13.44,10.16],[13.5,10.5],[13.56,10.68],[13.74,10.94],[13.76,11.02],[13.98,11.28],[14.16,11.24],[14.36,11.38],[14.6,11.5],[14.62,11.62],[14.54,11.72],[14.62,11.92],[14.6,12.04],[14.66,12.16],[14.54,12.24],[14.52,12.32],[14.42,12.36],[14.22,12.36],[14.18,12.38],[14.18,12.54],[14.06,13.08],[13.6,13.7],[13.36,13.72],[13.26,13.64],[13.22,13.54],[13.06,13.54],[12.88,13.5],[12.68,13.28],[12.56,13.24],[12.48,13.06],[12.28,13.08],[12.2,13.12],[12.06,13.12],[11.86,13.24],[11.74,13.28],[11.44,13.36],[10.96,13.36],[10.68,13.38],[10.16,13.26],[9.94,13.14],[9.64,12.82],[9.6,12.8],[9.38,12.82],[9.26,12.8],[8.94,12.84],[8.68,12.92],[8.54,13.06],[8.4,13.08],[8.24,13.22],[8.08,13.32],[7.82,13.34],[7.76,13.32],[7.4,13.12],[7.2,13.12],[7.1,13],[6.9,13],[6.78,13.14],[6.68,13.32],[6.36,13.62],[6.22,13.68],[6.12,13.66],[5.56,13.88],[5.38,13.86],[5.28,13.76],[4.92,13.74],[4.86,13.78],[4.5,13.7],[4.4,13.64],[4.24,13.5],[4.12,13.48],[4.12,13.24],[4.08,13],[3.92,12.76],[3.64,12.52],[3.66,12.26],[3.62,12.1],[3.66,11.98],[3.6,11.9],[3.66,11.76],[3.6,11.7]]]},"properties":{"ADMIN":"Nigeria","ADM0_A3":"NGA"}},
{"type":"Feature","geometry":{"type":"Polygon","coordinates":[[[3.6,11.7],[3.5,11.82],[3.3,11.92],[3.26,12.02],[2.94,12.3],[2.84,12.4],[2.62,12.3],[2.48,12.28],[2.36,12.22],[2.4,12.04],[2.46,12],[2.4,11.9],[2.3,11.68],[2.02,11.42],[1.88,11.44],[1.6,11.38],[1.56,11.46],[1.44,11.46],[1.26,11.24],[1.14,11.24],[1.04,11.04],[0.98,11.08],[0.9,11],[0.86,10.8],[0.78,10.7],[0.76,10.36],[1.34,10],[1.36,9.6],[1.42,9.28],[1.56,9.14],[1.6,9.04],[1.6,8.42],[1.62,8.28],[1.62,8],[1.62,7],[1.58,6.88],[1.6,6.74],[1.56,6.68],[1.74,6.42],[1.78,6.28],[1.62,6.22],[1.88,6.28],[2.3,6.34],[2.7,6.36],[2.78,6.7],[2.72,6.8],[2.72,6.98],[2.78,7.06],[2.74,7.4],[2.8,7.48],[2.72,7.58],[2.72,7.8],[2.68,7.88],[2.74,8.22],[2.7,8.32],[2.74,8.5],[2.72,8.78],[2.76,8.82],[2.76,9.06],[2.98,9.06],[3.1,9.12],[3.16,9.28],[3.12,9.42],[3.34,9.68],[3.32,9.78],[3.46,9.86],[3.52,9.84],[3.6,9.96],[3.66,10.18],[3.58,10.28],[3.66,10.44],[3.76,10.4],[3.84,10.6],[3.74,10.82],[3.76,10.9],[3.72,11.12],[3.66,11.14],[3.48,11.4],[3.5,11.56],[3.6,11.7]]]},"properties":{"ADMIN":"Benin","ADM0_A3":"BEN"}},
{"type":"Feature","geometry":{"type":"MultiPolygon","coordinates":[[[[12,-5.02],[12.14,-5],[12.12,-5.18],[12.24,-5.48],[12.14,-5.62],[12.22,-5.76],[12.34,-5.72],[12.5,-5.72],[12.54,-5.16],[12.44,-5.06],[12.58,-5],[12.68,-4.92],[12.84,-4.72],[13.02,-4.68],[13.08,-4.64],[12.9,-4.48],[12.86,-4.4],[12.76,-4.4],[12.6,-4.56],[12.38,-4.62],[12.34,-4.76],[12.24,-4.8],[12,-5.02]]],[[[13.18,-5.86],[12.98,-5.9],[12.92,-5.98],[12.74,-6.04],[12.64,-6.02],[12.5,-6.1],[12.28,-6.14],[12.4,-6.32],[12.46,-6.46],[12.62,-6.74],[12.82,-6.94],[12.84,-7.26],[12.94,-7.44],[13.12,-7.86],[13.28,-8.18],[13.36,-8.32],[13.34,-8.46],[13.4,-8.64],[13.38,-8.76],[13.3,-8.76],[13.22,-8.82],[13.12,-8.96],[13,-9.1],[13.18,-9.4],[13.22,-9.62],[13.2,-9.7],[13.32,-9.88],[13.32,-9.98],[13.5,-10.28],[13.52,-10.38],[13.76,-10.64],[13.74,-10.78],[13.82,-10.92],[13.84,-11.12],[13.8,-11.34],[13.78,-11.58],[13.8,-11.78],[13.76,-11.92],[13.64,-12.24],[13.5,-12.38],[13.46,-12.5],[13.36,-12.6],[13.18,-12.6],[12.94,-12.82],[12.94,-12.98],[12.76,-13.2],[12.66,-13.26],[12.64,-13.34],[12.52,-13.44],[12.5,-13.86],[12.42,-13.88],[12.32,-14.1],[12.34,-14.44],[12.3,-14.5],[12.28,-14.76],[12.2,-14.84],[12.1,-15.18],[12.06,-15.24],[12.02,-15.5],[12,-15.62],[11.92,-15.68],[11.84,-15.8],[11.76,-15.8],[11.74,-15.9],[11.8,-16.02],[11.78,-16.1],[11.82,-16.48],[11.82,-16.78],[11.8,-16.8],[11.76,-17.04],[11.76,-17.26],[12.1,-17.14],[12.24,-17.22],[12.56,-17.24],[12.82,-17.1],[12.88,-17.02],[13.16,-16.96],[13.26,-16.98],[13.36,-16.96],[13.5,-17.02],[13.52,-17.12],[13.88,-17.34],[13.94,-17.4],[14.08,-17.42],[14.2,-17.38],[15.06,-17.38],[16.34,-17.38],[17.62,-17.38],[18.46,-17.38],[18.5,-17.46],[18.76,-17.74],[19.02,-17.82],[19.18,-17.8],[19.42,-17.86],[19.68,-17.84],[19.96,-17.86],[20.04,-17.9],[20.34,-17.86],[20.56,-17.98],[20.74,-18],[20.8,-18.04],[21.1,-17.94],[21.22,-17.94],[21.38,-18.02],[22.24,-17.86],[23.38,-17.64],[23.3,-17.54],[23.08,-17.4],[23,-17.3],[22.88,-17.24],[22.76,-17.16],[22.72,-17.06],[22.52,-16.92],[22.34,-16.68],[22.24,-16.66],[22.16,-16.6],[22.08,-16.46],[21.98,-16.16],[21.98,-15.26],[21.98,-14.36],[21.98,-13.6],[21.98,-13],[23.1,-13],[24,-13],[23.86,-12.78],[23.92,-12.56],[24.04,-12.38],[23.96,-12.2],[23.96,-11.88],[23.98,-11.84],[23.96,-11.62],[24.06,-11.4],[24.02,-11.28],[24,-10.98],[23.96,-10.88],[23.84,-11.02],[23.5,-10.96],[23.38,-10.98],[23.2,-11.08],[23.02,-11.1],[22.82,-11.06],[22.72,-11.1],[22.54,-11.04],[22.46,-11.12],[22.28,-11.24],[22.16,-10.86],[22.32,-10.74],[22.3,-10.56],[22.28,-10.5],[22.32,-10.36],[22.2,-10.14],[22.16,-9.94],[22,-9.8],[21.86,-9.62],[21.8,-9.4],[21.84,-9.28],[21.86,-8.84],[21.88,-8.78],[21.94,-8.42],[21.86,-8.14],[21.76,-8.02],[21.78,-7.8],[21.86,-7.58],[21.84,-7.36],[21.78,-7.28],[20.52,-7.28],[20.52,-7.14],[20.62,-6.92],[20.34,-6.92],[20.3,-7],[19.52,-7],[19.48,-7.32],[19.52,-7.48],[19.42,-7.58],[19.36,-7.58],[19.38,-7.74],[19.34,-7.86],[19.36,-8],[18.78,-8],[18.74,-7.94],[18.52,-7.94],[18.5,-8],[18.36,-8.02],[18.18,-8],[18.1,-8.1],[17.98,-8.1],[17.9,-8.04],[17.78,-8.08],[17.54,-8.08],[17.54,-8.02],[17.44,-7.92],[17.42,-7.84],[17.28,-7.7],[17.1,-7.4],[17,-7.3],[16.92,-7.08],[16.98,-7.02],[16.92,-6.88],[16.84,-6.82],[16.74,-6.56],[16.72,-6.18],[16.6,-6.06],[16.6,-5.92],[16.42,-5.9],[16.32,-5.86],[15.62,-5.86],[14.7,-5.88],[14.58,-5.9],[14.02,-5.88],[13.94,-5.84],[13.64,-5.86],[13.38,-5.86],[13.34,-5.9],[13.18,-5.86]]]]},"properties":{"ADMIN":"Angola","ADM0_A3":"AGO"}},
{"type":"Feature","geometry":{"type":"MultiPolygon","coordinates":[[[[18.9,45.94],[18.76,45.88],[18.68,45.92],[18.58,45.82],[18.42,45.74],[18.22,45.78],[17.88,45.8],[17.66,45.84],[17.6,45.94],[17.34,45.96],[17.24,46.08],[16.98,46.22],[16.84,46.38],[16.52,46.5],[16.34,46.54],[16.24,46.5],[16.2,46.36],[16.04,46.3],[15.66,46.22],[15.58,46.12],[15.7,46.04],[15.66,45.84],[15.46,45.82],[15.24,45.72],[15.32,45.46],[15.14,45.44],[14.92,45.52],[14.88,45.46],[14.66,45.54],[14.56,45.66],[14.46,45.52],[14.38,45.48],[14.22,45.5],[13.96,45.46],[13.88,45.42],[13.58,45.48],[13.52,45.44],[13.64,45.08],[13.78,44.96],[13.86,44.82],[13.98,44.82],[14.08,44.98],[14.24,45.14],[14.32,45.36],[14.52,45.3],[14.82,45.12],[14.92,44.96],[14.88,44.86],[14.9,44.7],[15.3,44.36],[15.16,44.28],[15.14,44.2],[15.46,43.92],[15.94,43.68],[15.92,43.6],[16.1,43.48],[16.34,43.56],[16.44,43.54],[16.62,43.44],[16.88,43.4],[17.08,43.24],[17.32,43.12],[17.52,42.96],[17.58,42.94],[17.66,42.96],[17.58,43.08],[17.44,43.16],[17.26,43.36],[17.24,43.48],[17.08,43.52],[16.72,43.78],[16.68,43.84],[16.4,44.06],[16.32,44.08],[16.22,44.2],[16.12,44.52],[15.9,44.72],[15.8,44.7],[15.72,44.78],[15.78,45.16],[15.82,45.22],[16,45.22],[16.22,45.04],[16.34,45],[16.48,45.2],[16.58,45.22],[16.78,45.18],[16.94,45.28],[17.18,45.14],[17.58,45.12],[17.68,45.16],[17.84,45.06],[17.98,45.14],[18.2,45.1],[18.24,45.16],[18.46,45.08],[18.62,45.1],[18.78,45],[18.78,44.94],[18.88,44.86],[19.02,44.86],[19.14,44.96],[19.08,45.08],[19.14,45.16],[19.28,45.24],[19.1,45.3],[18.98,45.4],[19.02,45.56],[18.84,45.82],[18.9,45.94]]],[[[18.44,42.56],[18.22,42.62],[17.86,42.82],[17.82,42.88],[17.66,42.9],[17.52,42.9],[17.24,43.02],[17.2,42.98],[17.44,42.88],[17.72,42.8],[17.8,42.82],[18.22,42.62],[18.24,42.56],[18.5,42.42],[18.44,42.56]]],[[[17.14,42.96],[16.82,42.96],[16.86,42.9],[17.1,42.92],[17.14,42.96]]],[[[16.5,43.28],[16.84,43.28],[16.8,43.36],[16.5,43.38],[16.5,43.28]]],[[[14.52,44.66],[14.46,44.86],[14.32,44.84],[14.42,44.66],[14.52,44.66]]],[[[14.72,44.94],[14.82,44.98],[14.66,45.08],[14.66,45.16],[14.42,45.08],[14.72,44.94]]]]},"properties":{"ADMIN":"Croatia","ADM0_A3":"HRV"}},
{"type":"Feature","geometry":{"type":"Polygon","coordinates":[[[16.1,46.86],[15.98,46.84],[15.98,46.74],[15.66,46.72],[15.46,46.62],[15.38,46.64],[15.06,46.64],[14.86,46.6],[14.78,46.5],[14.5,46.42],[14.14,46.44],[14.06,46.48],[13.7,46.52],[13.36,46.3],[13.42,46.2],[13.64,46.18],[13.5,46.06],[13.5,45.96],[13.62,45.96],[13.58,45.8],[13.78,45.74],[13.86,45.64],[13.72,45.6],[13.58,45.48],[13.88,45.42],[13.96,45.46],[14.22,45.5],[14.38,45.48],[14.46,45.52],[14.56,45.66],[14.66,45.54],[14.88,45.46],[14.92,45.52],[15.14,45.44],[15.32,45.46],[15.24,45.72],[15.46,45.82],[15.66,45.84],[15.7,46.04],[15.58,46.12],[15.66,46.22],[16.04,46.3],[16.2,46.36],[16.24,46.5],[16.34,46.54],[16.52,46.5],[16.38,46.62],[16.28,46.86],[16.1,46.86]]]},"properties":{"ADMIN":"Slovenia","ADM0_A3":"SVN"}},
{"type":"Feature","geometry":{"type":"Polygon","coordinates":[[[50.8,24.74],[50.88,24.64],[50.98,24.56],[51.1,24.56],[51.22,24.62],[51.38,24.64],[51.44,24.68],[51.5,24.86],[51.58,24.96],[51.62,25.14],[51.6,25.28],[51.52,25.3],[51.52,25.42],[51.48,25.52],[51.56,25.66],[51.58,25.88],[51.52,25.94],[51.38,25.96],[51.34,26.1],[51.26,26.16],[51.04,26.06],[50.9,25.78],[50.88,25.64],[50.78,25.52],[50.76,25.42],[50.78,25.1],[50.86,24.9],[50.8,24.74]]]},"properties":{"ADMIN":"Qatar","ADM0_A3":"QAT"}},
{"type":"Feature","geometry":{"type":"MultiPolygon","coordinates":[[[[55.18,22.7],[55.1,22.62],[54.14,22.74],[53.44,22.82],[52.58,22.94],[52.54,22.96],[52.22,23.32],[51.6,24.08],[51.56,24.26],[51.42,24.32],[51.28,24.3],[51.3,24.4],[51.4,24.48],[51.26,24.62],[51.22,24.62],[51.1,24.56],[50.98,24.56],[50.88,24.64],[50.8,24.74],[50.74,24.78],[50.72,24.88],[50.56,25.06],[50.52,25.3],[50.46,25.44],[50.34,25.48],[50.24,25.62],[50.12,25.86],[50.1,25.98],[49.98,26.14],[50.16,26.1],[50.22,26.22],[50.2,26.4],[50.04,26.5],[49.98,26.7],[50.06,26.72],[49.94,26.86],[49.88,26.86],[49.7,26.96],[49.52,27.18],[49.4,27.14],[49.34,27.18],[49.3,27.32],[49.16,27.42],[49.24,27.54],[49.08,27.56],[48.96,27.62],[48.88,27.62],[48.78,27.74],[48.88,27.84],[48.6,28.12],[48.62,28.22],[48.54,28.3],[48.5,28.5],[48.44,28.54],[47.66,28.54],[47.6,28.6],[47.5,28.9],[47.44,29],[46.54,29.1],[46.36,29.06],[45.44,29.14],[44.7,29.2],[43.9,29.76],[42.86,30.5],[42.08,31.08],[41.54,31.34],[40.42,31.92],[40.02,32],[39.14,32.12],[38.96,32],[38.4,31.86],[36.96,31.5],[37.48,31],[37.98,30.5],[37.64,30.32],[37.48,30],[36.76,29.86],[36.7,29.84],[36.48,29.5],[36.06,29.2],[36.02,29.18],[34.94,29.36],[34.86,29.04],[34.84,28.82],[34.78,28.66],[34.8,28.52],[34.62,28.16],[34.78,28.1],[34.9,28.08],[35.06,28.12],[35.22,28.06],[35.18,28],[35.32,27.88],[35.5,27.64],[35.56,27.46],[35.82,27.2],[35.84,27.1],[35.98,26.94],[36.1,26.76],[36.22,26.62],[36.38,26.34],[36.54,26.08],[36.7,26.02],[36.66,25.86],[36.72,25.76],[36.82,25.76],[36.94,25.64],[37.1,25.32],[37.24,25.2],[37.28,24.96],[37.26,24.88],[37.14,24.86],[37.46,24.44],[37.42,24.36],[37.52,24.26],[37.68,24.3],[37.86,24.14],[38.08,24.08],[38.18,23.98],[38.36,23.88],[38.46,23.78],[38.5,23.64],[38.6,23.56],[38.72,23.24],[38.8,23.1],[38.82,22.98],[38.9,22.96],[38.96,22.88],[38.96,22.78],[39.08,22.54],[39.08,22.44],[39.14,22.4],[39.04,22.24],[38.98,21.86],[39.08,21.7],[39.12,21.52],[39.18,21.4],[39.08,21.32],[39.18,21.2],[39.3,20.92],[39.5,20.74],[39.5,20.7],[39.64,20.46],[39.76,20.36],[39.92,20.26],[40.06,20.28],[40.26,20.12],[40.52,19.98],[40.62,19.8],[40.72,19.78],[40.8,19.72],[40.78,19.6],[40.94,19.5],[40.96,19.34],[41,19.3],[41.06,19.12],[41.18,19.06],[41.14,18.96],[41.24,18.84],[41.22,18.7],[41.26,18.6],[41.36,18.56],[41.44,18.46],[41.46,18.36],[41.6,18.1],[41.72,17.9],[41.86,17.82],[42.1,17.66],[42.3,17.46],[42.34,17.18],[42.44,17.06],[42.54,17],[42.54,16.88],[42.64,16.82],[42.74,16.68],[42.72,16.56],[42.78,16.48],[42.78,16.38],[42.88,16.4],[42.92,16.48],[43.04,16.54],[43.08,16.68],[43.16,16.66],[43.2,16.78],[43.1,16.92],[43.12,17.08],[43.16,17.32],[43.4,17.52],[43.5,17.52],[43.62,17.46],[43.76,17.34],[44.1,17.36],[44.4,17.42],[44.56,17.4],[44.64,17.44],[45.16,17.42],[45.44,17.32],[46.32,17.22],[46.72,17.28],[46.74,17.26],[46.98,16.96],[47.2,16.96],[47.42,17.1],[47.46,17.14],[47.58,17.46],[48.16,18.14],[49.04,18.58],[49.12,18.62],[49.74,18.7],[51.02,18.86],[51.98,19],[52.78,19.26],[53.64,19.54],[54.32,19.78],[54.98,20],[55.3,20.98],[55.64,21.98],[55.62,22.02],[55.18,22.7]]],[[[41.92,16.8],[41.94,16.94],[41.84,16.9],[41.92,16.8]]]]},"properties":{"ADMIN":"Saudi Arabia","ADM0_A3":"SAU"}},
{"type":"Feature","geometry":{"type":"Polygon","coordinates":[[[19.98,-24.76],[20.12,-24.88],[20.36,-25.04],[20.54,-25.38],[20.58,-25.4],[20.66,-25.56],[20.64,-25.62],[20.8,-25.9],[20.8,-26.08],[20.84,-26.14],[20.76,-26.28],[20.62,-26.42],[20.6,-26.68],[20.7,-26.88],[20.86,-26.8],[21.12,-26.86],[21.38,-26.82],[21.68,-26.86],[21.78,-26.78],[21.76,-26.7],[22.06,-26.62],[22.26,-26.34],[22.34,-26.32],[22.42,-26.22],[22.54,-26.2],[22.72,-25.98],[22.74,-25.76],[22.8,-25.68],[22.84,-25.48],[23,-25.32],[23.08,-25.32],[23.26,-25.26],[23.46,-25.28],[23.68,-25.46],[23.74,-25.46],[23.92,-25.62],[24.22,-25.64],[24.3,-25.72],[24.46,-25.74],[24.66,-25.82],[24.8,-25.82],[25.06,-25.74],[25.18,-25.76],[25.38,-25.74],[25.58,-25.62],[25.7,-25.3],[25.84,-25.02],[25.88,-24.88],[25.86,-24.74],[26.28,-24.62],[26.4,-24.64],[26.54,-24.46],[26.72,-24.32],[26.84,-24.24],[26.88,-24.12],[27,-23.64],[27.12,-23.52],[27.28,-23.46],[27.34,-23.4],[27.54,-23.36],[27.6,-23.22],[27.7,-23.2],[27.9,-23.08],[27.94,-22.96],[28.02,-22.92],[28.04,-22.84],[28.16,-22.76],[28.2,-22.68],[28.34,-22.58],[28.62,-22.56],[28.92,-22.46],[28.96,-22.32],[29.04,-22.22],[29.22,-22.18],[29.36,-22.18],[29.24,-22.08],[29.08,-22.06],[29.02,-21.98],[29.04,-21.8],[28.86,-21.76],[28.62,-21.66],[28.46,-21.66],[28.28,-21.6],[28.04,-21.58],[28,-21.56],[27.88,-21.32],[27.68,-21.1],[27.68,-20.86],[27.7,-20.72],[27.7,-20.5],[27.6,-20.48],[27.34,-20.48],[27.28,-20.36],[27.22,-20.12],[27.02,-20.02],[26.74,-19.94],[26.56,-19.8],[26.32,-19.66],[26.3,-19.58],[26.14,-19.5],[26.04,-19.24],[25.96,-19.12],[25.94,-18.92],[25.82,-18.82],[25.76,-18.64],[25.66,-18.56],[25.5,-18.4],[25.38,-18.14],[25.3,-18.06],[25.22,-17.94],[25.26,-17.8],[25.16,-17.78],[25.06,-17.82],[24.96,-17.8],[24.72,-17.9],[24.58,-18.04],[24.5,-18.06],[24.42,-17.96],[24.3,-18.02],[24.18,-18.02],[24.06,-18.12],[23.64,-18.46],[23.58,-18.46],[23.5,-18.24],[23.36,-18.12],[23.32,-18],[22.98,-18.02],[22.06,-18.2],[21.48,-18.3],[20.98,-18.32],[20.98,-19],[20.98,-19.76],[20.98,-20.76],[20.98,-21.96],[20.98,-22],[19.98,-22],[19.98,-23.2],[19.98,-23.9],[19.98,-24.76]]]},"properties":{"ADMIN":"Botswana","ADM0_A3":"BWA"}},
{"type":"Feature","geometry":{"type":"Polygon","coordinates":[[[31.28,-22.4],[31.44,-22.3],[31.96,-21.76],[32.4,-21.3],[32.34,-21.14],[32.46,-20.98],[32.5,-20.9],[32.46,-20.68],[32.52,-20.56],[32.64,-20.56],[32.84,-20.28],[32.88,-20.1],[33,-19.92],[33.04,-19.78],[32.82,-19.66],[32.82,-19.48],[32.76,-19.36],[32.82,-19.28],[32.86,-19.12],[32.82,-19.02],[32.7,-19.02],[32.7,-18.84],[32.88,-18.78],[32.92,-18.72],[32.88,-18.54],[33,-18.46],[33.04,-18.34],[32.96,-18.24],[32.94,-18.04],[32.96,-17.82],[33,-17.8],[33,-17.58],[32.96,-17.48],[33.02,-17.36],[32.98,-17.3],[32.96,-17.16],[32.82,-16.94],[32.94,-16.82],[32.9,-16.72],[32.7,-16.68],[32.68,-16.6],[32.3,-16.46],[31.92,-16.42],[31.86,-16.34],[31.68,-16.2],[31.4,-16.16],[31.26,-16.02],[31.12,-16],[30.98,-16.06],[30.86,-16],[30.4,-16],[30.4,-15.64],[30.2,-15.66],[30.14,-15.62],[30.02,-15.64],[29.84,-15.62],[29.5,-15.7],[29.4,-15.72],[29.18,-15.82],[29.04,-15.94],[28.94,-15.96],[28.88,-16.08],[28.82,-16.48],[28.74,-16.56],[28.64,-16.56],[28.28,-16.7],[28.12,-16.82],[27.86,-16.92],[27.78,-17],[27.64,-17.2],[27.58,-17.36],[27.16,-17.76],[27.14,-17.84],[27.04,-17.94],[26.88,-17.98],[26.72,-18.06],[26.4,-17.94],[26.2,-17.88],[25.98,-18],[25.86,-17.98],[25.84,-17.9],[25.68,-17.82],[25.5,-17.86],[25.34,-17.84],[25.26,-17.8],[25.22,-17.94],[25.3,-18.06],[25.38,-18.14],[25.5,-18.4],[25.66,-18.56],[25.76,-18.64],[25.82,-18.82],[25.94,-18.92],[25.96,-19.12],[26.04,-19.24],[26.14,-19.5],[26.3,-19.58],[26.32,-19.66],[26.56,-19.8],[26.74,-19.94],[27.02,-20.02],[27.22,-20.12],[27.28,-20.36],[27.34,-20.48],[27.6,-20.48],[27.7,-20.5],[27.7,-20.72],[27.68,-20.86],[27.68,-21.1],[27.88,-21.32],[28,-21.56],[28.04,-21.58],[28.28,-21.6],[28.46,-21.66],[28.62,-21.66],[28.86,-21.76],[29.04,-21.8],[29.02,-21.98],[29.08,-22.06],[29.24,-22.08],[29.36,-22.18],[29.66,-22.12],[29.76,-22.14],[29.94,-22.2],[30.14,-22.3],[30.3,-22.34],[30.5,-22.3],[30.64,-22.34],[30.84,-22.28],[31.1,-22.34],[31.16,-22.32],[31.28,-22.4]]]},"properties":{"ADMIN":"Zimbabwe","ADM0_A3":"ZWE"}},
{"type":"Feature","geometry":{"type":"Polygon","coordinates":[[[76.78,35.64],[76.58,35.76],[76.56,35.86],[76.44,35.86],[76.32,35.8],[76.16,35.8],[76.06,36],[75.92,36.04],[75.9,36.1],[76.02,36.24],[75.96,36.3],[75.98,36.46],[75.88,36.62],[75.8,36.68],[75.58,36.76],[75.42,36.74],[75.36,36.92],[75.1,37],[74.92,36.96],[74.66,37.06],[74.54,37.02],[74.4,37],[74.1,36.84],[73.64,36.9],[73.2,36.88],[72.86,36.84],[72.56,36.82],[72.46,36.76],[72.22,36.72],[72.18,36.66],[72.06,36.62],[71.88,36.5],[71.8,36.5],[71.74,36.4],[71.62,36.46],[71.38,36.22],[71.22,36.12],[71.18,36.02],[71.34,35.94],[71.52,35.68],[71.48,35.62],[71.6,35.54],[71.62,35.42],[71.52,35.3],[71.64,35.2],[71.5,35.08],[71.46,34.94],[71.28,34.88],[71.2,34.74],[71.08,34.68],[71.06,34.56],[70.98,34.46],[71.12,34.36],[71.1,34.16],[71.04,34.04],[70.86,33.96],[70.52,33.94],[70.32,33.96],[70,34.04],[69.88,34.04],[69.84,33.94],[69.96,33.76],[70.1,33.72],[70.18,33.64],[70.16,33.5],[70.28,33.38],[70.3,33.32],[70.12,33.2],[69.88,33.08],[69.78,33.12],[69.54,33.08],[69.46,33],[69.48,32.86],[69.38,32.78],[69.42,32.66],[69.28,32.54],[69.22,32.42],[69.26,32.32],[69.26,32.14],[69.3,31.94],[69.12,31.74],[69,31.66],[68.78,31.62],[68.68,31.78],[68.52,31.82],[68.36,31.76],[68.12,31.82],[68.04,31.68],[67.88,31.64],[67.72,31.54],[67.56,31.52],[67.6,31.42],[67.78,31.4],[67.74,31.32],[67.34,31.2],[67.02,31.24],[66.94,31.32],[66.7,31.2],[66.66,31.08],[66.56,30.98],[66.36,30.92],[66.26,30.6],[66.32,30.44],[66.3,30.22],[66.22,30.04],[66.34,29.96],[66.2,29.84],[65.04,29.54],[64.82,29.56],[64.48,29.58],[64.18,29.48],[64.08,29.38],[63.98,29.42],[63.56,29.5],[62.48,29.4],[62.38,29.42],[61.62,29.64],[60.84,29.86],[61.28,29.4],[61.34,29.38],[61.34,29.26],[61.48,29.08],[61.56,28.88],[61.66,28.76],[61.9,28.54],[62.04,28.48],[62.36,28.42],[62.58,28.22],[62.74,28.26],[62.76,28.22],[62.74,28],[62.78,27.82],[62.82,27.5],[62.76,27.34],[62.8,27.22],[62.92,27.22],[63.16,27.26],[63.26,27.22],[63.22,27.06],[63.26,26.9],[63.18,26.84],[63.14,26.62],[62.76,26.64],[62.6,26.58],[62.42,26.56],[62.3,26.5],[62.24,26.36],[62.12,26.38],[62.1,26.32],[61.86,26.24],[61.8,26.16],[61.76,25.84],[61.66,25.76],[61.62,25.28],[61.58,25.2],[61.78,25.16],[61.72,25.04],[61.84,25.04],[61.88,25.1],[62.08,25.1],[62.08,25.2],[62.26,25.22],[62.36,25.18],[62.48,25.26],[62.78,25.26],[63.02,25.22],[63.18,25.26],[63.5,25.2],[63.48,25.28],[63.58,25.36],[63.8,25.38],[63.94,25.34],[64.06,25.34],[64.36,25.28],[64.52,25.28],[64.66,25.22],[64.72,25.32],[64.8,25.32],[65.16,25.3],[65.24,25.38],[65.4,25.4],[65.68,25.34],[65.86,25.42],[66.26,25.48],[66.44,25.6],[66.58,25.42],[66.54,25.36],[66.72,25.24],[66.68,24.84],[66.96,24.84],[67.18,24.76],[67.14,24.64],[67.24,24.46],[67.3,24.18],[67.36,24.08],[67.44,24.08],[67.52,23.9],[67.64,23.8],[67.8,23.82],[67.86,23.86],[68.1,23.74],[68.18,23.84],[68.26,23.9],[68.44,23.96],[68.72,23.96],[68.72,24.28],[68.9,24.32],[68.98,24.26],[69.28,24.28],[69.56,24.28],[69.68,24.18],[69.76,24.16],[69.98,24.16],[70.06,24.2],[70.1,24.3],[70.42,24.4],[70.56,24.42],[70.56,24.28],[70.62,24.24],[70.76,24.24],[70.92,24.36],[71,24.36],[70.96,24.58],[71.06,24.68],[70.9,25],[70.86,25.14],[70.72,25.28],[70.64,25.44],[70.66,25.64],[70.6,25.7],[70.48,25.68],[70.26,25.7],[70.12,25.88],[70.06,25.98],[70.14,26.18],[70.16,26.54],[70.06,26.58],[69.82,26.58],[69.66,26.68],[69.5,26.74],[69.46,26.8],[69.5,27.06],[69.58,27.18],[69.84,27.42],[70.02,27.6],[70.1,27.8],[70.34,28.02],[70.46,28.04],[70.64,27.94],[70.72,27.74],[70.84,27.7],[71.16,27.82],[71.32,27.86],[71.56,27.86],[71.86,27.96],[71.9,28.1],[71.98,28.22],[72.14,28.36],[72.26,28.64],[72.38,28.78],[72.9,29.02],[73.06,29.22],[73.24,29.54],[73.38,29.92],[73.56,30.02],[73.74,30.04],[73.94,30.18],[73.86,30.38],[73.94,30.42],[74.06,30.6],[74.16,30.66],[74.32,30.9],[74.52,30.96],[74.6,31.06],[74.5,31.18],[74.54,31.3],[74.62,31.44],[74.56,31.62],[74.48,31.72],[74.56,31.84],[74.82,32.02],[74.96,32.04],[75.3,32.14],[75.36,32.26],[75.2,32.4],[75.02,32.46],[74.9,32.44],[74.72,32.46],[74.62,32.58],[74.64,32.72],[74.42,32.78],[74.34,32.84],[74.32,32.98],[74.16,33.04],[74,33.18],[74,33.28],[74.1,33.34],[74.14,33.54],[73.98,33.64],[73.98,33.76],[74.04,33.82],[74.24,33.9],[74.22,34.02],[73.94,34],[73.88,34.08],[74,34.2],[73.94,34.3],[73.78,34.38],[73.96,34.66],[74.12,34.7],[74.28,34.76],[74.42,34.76],[74.66,34.68],[75.02,34.62],[75.22,34.64],[75.34,34.56],[75.62,34.5],[75.78,34.5],[76.02,34.68],[76.26,34.68],[76.4,34.76],[76.56,34.72],[76.74,34.82],[76.78,34.94],[76.92,34.92],[77.02,34.98],[77.04,35.12],[76.78,35.64]]]},"properties":{"ADMIN":"Pakistan","ADM0_A3":"PAK"}},
{"type":"Feature","geometry":{"type":"Polygon","coordinates":[[[22.92,41.34],[23.12,41.32],[23.28,41.4],[23.62,41.38],[24.04,41.52],[24.28,41.52],[24.54,41.54],[24.6,41.42],[24.88,41.4],[25.28,41.24],[25.56,41.32],[25.88,41.3],[26.12,41.36],[26.16,41.52],[26.04,41.68],[26.24,41.74],[26.34,41.72],[26.38,41.82],[26.52,41.82],[26.62,41.96],[26.94,42],[27.02,42.08],[27.18,42.06],[27.28,42.1],[27.54,41.9],[27.8,42],[28.02,41.98],[27.98,42.08],[27.76,42.28],[27.7,42.42],[27.48,42.46],[27.52,42.56],[27.74,42.72],[27.9,42.72],[27.88,43],[27.94,43.16],[28.1,43.36],[28.32,43.42],[28.46,43.38],[28.6,43.54],[28.58,43.74],[28.22,43.76],[27.98,43.84],[27.94,43.96],[27.72,43.94],[27.66,44.02],[27.38,44.02],[27.26,44.12],[27.02,44.18],[26.62,44.08],[26.32,44.06],[26.16,44.02],[25.94,43.88],[25.78,43.74],[25.56,43.68],[25.36,43.66],[25.26,43.7],[24.96,43.74],[24.7,43.74],[24.5,43.8],[24.36,43.76],[24.16,43.76],[23.32,43.88],[22.92,43.84],[22.86,43.9],[22.88,44],[23.02,44.04],[22.9,44.12],[22.7,44.22],[22.6,44.18],[22.6,44.08],[22.4,44],[22.34,43.8],[22.48,43.64],[22.52,43.48],[22.8,43.32],[22.92,43.22],[22.94,43.08],[22.78,42.98],[22.72,42.88],[22.5,42.88],[22.42,42.58],[22.52,42.5],[22.5,42.4],[22.34,42.32],[22.54,42.12],[22.84,42.02],[22.88,41.88],[23,41.72],[22.94,41.58],[22.96,41.42],[22.92,41.34]]]},"properties":{"ADMIN":"Bulgaria","ADM0_A3":"BGR"}},
{"type":"Feature","geometry":{"type":"MultiPolygon","coordinates":[[[[102.08,6.26],[101.78,6.5],[101.56,6.84],[101.38,6.9],[101.24,6.9],[101.2,6.86],[101,6.86],[100.84,6.96],[100.76,6.98],[100.62,7.2],[100.48,7.14],[100.4,7.22],[100.38,7.34],[100.3,7.34],[100.18,7.52],[100.14,7.7],[100.22,7.78],[100.3,7.76],[100.32,7.62],[100.44,7.48],[100.3,8.12],[100.28,8.32],[100.22,8.44],[100.1,8.42],[99.96,8.64],[99.92,9.1],[99.86,9.3],[99.68,9.32],[99.52,9.26],[99.48,9.2],[99.26,9.24],[99.24,9.32],[99.32,9.4],[99.18,9.64],[99.14,9.78],[99.16,9.84],[99.16,10.12],[99.2,10.22],[99.16,10.36],[99.24,10.44],[99.24,10.54],[99.52,10.9],[99.5,11.12],[99.58,11.2],[99.56,11.34],[99.64,11.52],[99.76,11.7],[99.82,11.74],[99.86,11.96],[99.96,12.08],[100.02,12.2],[99.98,12.28],[100.02,12.38],[99.96,12.62],[99.98,12.8],[100.1,13.06],[100.08,13.16],[99.96,13.26],[100.04,13.4],[100.28,13.5],[100.34,13.48],[100.64,13.52],[100.96,13.46],[100.98,13.36],[100.92,13.3],[100.94,13.2],[100.88,13.1],[100.94,13.02],[100.86,12.9],[100.92,12.82],[100.84,12.7],[100.92,12.62],[101.08,12.68],[101.44,12.62],[101.64,12.66],[101.68,12.7],[101.84,12.68],[101.96,12.54],[102.08,12.48],[102.22,12.32],[102.3,12.2],[102.48,12.14],[102.58,12.1],[102.64,12.16],[102.74,12.04],[102.78,11.9],[102.9,11.74],[102.92,11.64],[102.92,11.76],[102.7,12.14],[102.72,12.34],[102.76,12.42],[102.56,12.64],[102.48,12.66],[102.5,12.8],[102.48,13],[102.38,13.14],[102.32,13.28],[102.34,13.56],[102.52,13.56],[102.58,13.7],[102.7,13.76],[102.78,13.94],[102.86,14.02],[102.92,14.18],[103.08,14.3],[103.28,14.36],[103.46,14.38],[103.56,14.42],[103.88,14.34],[104,14.34],[104.24,14.4],[104.46,14.36],[104.6,14.42],[104.78,14.44],[104.98,14.38],[104.98,14.3],[105.1,14.24],[105.18,14.34],[105.42,14.42],[105.52,14.6],[105.48,14.78],[105.54,14.94],[105.58,14.98],[105.44,15.14],[105.56,15.28],[105.48,15.38],[105.58,15.42],[105.66,15.64],[105.62,15.72],[105.44,15.76],[105.38,15.88],[105.4,16.02],[105.24,16.06],[105.04,16.14],[105.02,16.28],[104.9,16.36],[104.86,16.44],[104.76,16.52],[104.78,16.72],[104.74,17.02],[104.8,17.18],[104.82,17.38],[104.72,17.52],[104.48,17.64],[104.36,17.82],[104.28,17.86],[104.22,18],[104.12,18.12],[104,18.32],[103.84,18.32],[103.6,18.4],[103.4,18.44],[103.26,18.4],[103.14,18.16],[103.08,18.14],[103.04,18],[102.94,18],[102.72,17.88],[102.6,17.86],[102.56,17.98],[102.42,18],[102.3,18.06],[102.16,18.22],[102.08,18.22],[101.9,18.04],[101.8,18.08],[101.72,17.92],[101.58,17.86],[101.56,17.8],[101.46,17.76],[101.24,17.6],[101.14,17.46],[100.9,17.56],[101,17.9],[101.16,18.06],[101.12,18.24],[101.14,18.34],[101.04,18.42],[101.24,18.68],[101.22,18.72],[101.24,18.9],[101.32,19.06],[101.22,19.14],[101.2,19.46],[101.24,19.58],[101.12,19.56],[100.88,19.62],[100.74,19.48],[100.6,19.54],[100.46,19.54],[100.38,19.76],[100.48,19.86],[100.54,20.06],[100.36,20.36],[100.3,20.4],[100.1,20.32],[99.94,20.44],[99.84,20.42],[99.76,20.32],[99.66,20.3],[99.5,20.34],[99.52,20.2],[99.44,20.1],[99.3,20.06],[99.12,20.12],[99.02,20.04],[99,19.84],[98.88,19.74],[98.8,19.8],[98.54,19.68],[98.22,19.7],[98.12,19.78],[98.02,19.78],[98,19.64],[97.84,19.56],[97.84,19.5],[97.76,19.4],[97.8,19.3],[97.82,19.12],[97.66,18.92],[97.72,18.86],[97.76,18.58],[97.44,18.48],[97.46,18.34],[97.56,18.32],[97.68,18.14],[97.76,17.96],[97.68,17.88],[97.76,17.68],[97.98,17.5],[98.1,17.3],[98.22,17.2],[98.32,17.06],[98.44,17.02],[98.52,16.86],[98.46,16.72],[98.54,16.62],[98.64,16.46],[98.66,16.3],[98.78,16.38],[98.9,16.36],[98.88,16.26],[98.8,16.12],[98.66,16.12],[98.58,15.98],[98.54,15.74],[98.56,15.36],[98.4,15.36],[98.38,15.26],[98.28,15.28],[98.16,15.12],[98.24,14.8],[98.42,14.6],[98.54,14.38],[98.76,14.2],[98.94,14.06],[99.1,13.86],[99.16,13.72],[99.16,13.58],[99.18,13.42],[99.2,13.22],[99.1,13.18],[99.1,13.04],[99.16,13],[99.22,12.74],[99.4,12.58],[99.38,12.46],[99.46,12.26],[99.46,12.12],[99.58,11.98],[99.56,11.9],[99.64,11.82],[99.54,11.64],[99.44,11.6],[99.42,11.5],[99.24,11.2],[99.22,11.1],[99,10.96],[98.98,10.82],[98.9,10.82],[98.76,10.68],[98.8,10.52],[98.74,10.36],[98.72,10.22],[98.6,9.94],[98.52,9.84],[98.54,9.7],[98.48,9.62],[98.38,9.32],[98.32,9.2],[98.38,9.08],[98.22,8.74],[98.24,8.66],[98.2,8.54],[98.28,8.24],[98.42,8.14],[98.46,8.22],[98.44,8.32],[98.6,8.38],[98.7,8.3],[98.74,8.22],[98.74,8.06],[98.82,8],[98.92,8.06],[99.06,7.84],[99.04,7.72],[99.14,7.74],[99.3,7.62],[99.36,7.34],[99.48,7.28],[99.52,7.32],[99.58,7.16],[99.7,7.12],[99.68,6.88],[99.8,6.82],[99.96,6.66],[100,6.56],[100.12,6.44],[100.16,6.7],[100.28,6.68],[100.32,6.58],[100.38,6.52],[100.64,6.44],[100.72,6.5],[100.8,6.42],[100.82,6.26],[100.98,6.28],[101.08,6.24],[101.06,6.14],[101.1,6.08],[101.08,5.92],[101.02,5.9],[100.96,5.78],[101.1,5.64],[101.22,5.7],[101.24,5.78],[101.54,5.9],[101.66,5.78],[101.8,5.74],[101.92,5.86],[101.96,6.02],[102.06,6.1],[102.08,6.26]]],[[[98.42,7.9],[98.44,8.06],[98.28,8.2],[98.26,7.9],[98.4,7.82],[98.42,7.9]]],[[[100.08,9.58],[99.92,9.56],[99.96,9.42],[100.06,9.46],[100.08,9.58]]]]},"properties":{"ADMIN":"Thailand","ADM0_A3":"THA"}},
{"type":"Feature","geometry":{"type":"Polygon","coordinates":[[[12.42,43.9],[12.5,43.94],[12.42,43.96],[12.38,43.92],[12.42,43.9]]]},"properties":{"ADMIN":"San Marino","ADM0_A3":"SMR"}},
{"type":"Feature","geometry":{"type":"MultiPolygon","coordinates":[[[[-71.76,19.72],[-71.96,19.74],[-72.02,19.7],[-72.14,19.74],[-72.34,19.76],[-72.4,19.8],[-72.78,19.94],[-72.98,19.92],[-73.14,19.92],[-73.34,19.84],[-73.46,19.72],[-73.4,19.64],[-73.22,19.64],[-73.02,19.6],[-72.82,19.5],[-72.72,19.42],[-72.8,19.24],[-72.72,19.1],[-72.82,19.06],[-72.62,18.88],[-72.54,18.78],[-72.32,18.68],[-72.36,18.54],[-72.62,18.56],[-72.76,18.42],[-72.98,18.48],[-73.52,18.52],[-73.6,18.5],[-73.8,18.54],[-74.16,18.66],[-74.26,18.68],[-74.42,18.6],[-74.48,18.42],[-74.44,18.34],[-74.34,18.28],[-74.18,18.3],[-73.96,18.14],[-73.88,18.02],[-73.8,18.16],[-73.66,18.26],[-73.58,18.22],[-73.38,18.26],[-72.88,18.14],[-72.44,18.22],[-72.08,18.24],[-71.92,18.18],[-71.78,18.04],[-71.76,18.22],[-71.7,18.32],[-71.92,18.44],[-71.92,18.5],[-72,18.58],[-71.84,18.62],[-71.72,18.78],[-71.78,19],[-71.66,19.12],[-71.64,19.22],[-71.78,19.32],[-71.7,19.42],[-71.76,19.72]]],[[[-73.26,18.88],[-73.04,18.76],[-72.8,18.72],[-72.84,18.82],[-73.2,18.96],[-73.26,18.88]]]]},"properties":{"ADMIN":"Haiti","ADM0_A3":"HTI"}},
{"type":"Feature","geometry":{"type":"Polygon","coordinates":[[[-71.78,18.04],[-71.66,17.96],[-71.64,17.82],[-71.52,17.74],[-71.42,17.6],[-71.3,17.82],[-71.2,17.92],[-71.06,18.14],[-71.1,18.24],[-71.04,18.32],[-70.94,18.26],[-70.84,18.34],[-70.76,18.34],[-70.7,18.44],[-70.6,18.42],[-70.56,18.2],[-70.4,18.24],[-70.16,18.24],[-70.02,18.42],[-69.88,18.48],[-69.6,18.46],[-69.52,18.4],[-69.24,18.46],[-69.08,18.4],[-68.92,18.42],[-68.84,18.38],[-68.74,18.2],[-68.66,18.22],[-68.58,18.38],[-68.44,18.42],[-68.34,18.58],[-68.36,18.66],[-68.58,18.82],[-68.74,18.96],[-68.98,19.04],[-69.04,18.98],[-69.36,19.06],[-69.42,19.12],[-69.6,19.1],[-69.6,19.22],[-69.26,19.18],[-69.16,19.28],[-69.34,19.3],[-69.54,19.34],[-69.74,19.28],[-69.86,19.42],[-69.9,19.64],[-70.04,19.68],[-70.14,19.62],[-70.3,19.66],[-70.44,19.78],[-70.62,19.76],[-70.84,19.9],[-71,19.94],[-71.22,19.84],[-71.36,19.86],[-71.5,19.92],[-71.64,19.9],[-71.74,19.82],[-71.76,19.72],[-71.7,19.42],[-71.78,19.32],[-71.64,19.22],[-71.66,19.12],[-71.78,19],[-71.72,18.78],[-71.84,18.62],[-72,18.58],[-71.92,18.5],[-71.92,18.44],[-71.7,18.32],[-71.76,18.22],[-71.78,18.04]]]},"properties":{"ADMIN":"Dominican Republic","ADM0_A3":"DOM"}},
{"type":"Feature","geometry":{"type":"Polygon","coordinates":[[[14.98,23],[15.18,22],[15.18,21.5],[15.3,21.4],[15.6,20.96],[15.54,20.9],[15.54,20.8],[15.96,20.38],[15.96,20.32],[15.74,19.9],[15.66,18.94],[15.6,18.26],[15.52,17.44],[15.48,16.92],[15.46,16.88],[15.02,16.44],[14.36,15.74],[13.84,15.02],[13.76,14.86],[13.76,14.72],[13.64,14.64],[13.62,14.52],[13.48,14.48],[13.44,14.38],[13.6,13.7],[14.06,13.08],[14.42,13.08],[14.5,12.96],[14.5,12.88],[14.6,12.76],[14.84,12.62],[14.9,12.32],[14.9,12.14],[15.04,12.06],[15.04,11.9],[15.12,11.78],[15.06,11.7],[15.14,11.54],[15.06,11.42],[15.02,11.18],[15.04,11],[15.08,10.9],[15.06,10.8],[15.14,10.62],[15.14,10.52],[15.22,10.48],[15.3,10.32],[15.54,10.08],[15.68,10],[15.38,9.94],[15.22,9.98],[15.06,9.94],[14.9,9.96],[14.74,9.92],[14.44,10],[14.18,9.98],[14.12,9.86],[14,9.74],[13.94,9.64],[14.04,9.56],[14.32,9.24],[14.34,9.16],[14.8,8.82],[14.84,8.82],[15.04,8.66],[15.18,8.48],[15.34,8.14],[15.44,7.84],[15.56,7.8],[15.54,7.64],[15.48,7.52],[15.66,7.52],[15.8,7.46],[15.92,7.48],[16.06,7.6],[16.2,7.62],[16.38,7.68],[16.4,7.8],[16.54,7.88],[16.62,7.66],[16.76,7.56],[16.88,7.64],[17.1,7.68],[17.26,7.82],[17.46,7.88],[17.5,7.92],[17.68,7.98],[17.9,7.96],[18.08,8.02],[18.5,8.04],[18.58,8.04],[18.68,8.2],[18.82,8.28],[18.92,8.44],[19.12,8.68],[18.92,8.8],[18.9,8.9],[19.1,9.02],[19.26,9.02],[19.36,9],[19.7,9.02],[19.88,9.04],[20.06,9.14],[20.36,9.12],[20.44,9.14],[20.5,9.28],[20.82,9.42],[21,9.64],[21.02,9.74],[21.1,9.78],[21.26,9.98],[21.38,9.98],[21.48,10.16],[21.54,10.22],[21.66,10.24],[21.72,10.3],[21.76,10.42],[21.7,10.58],[21.72,10.64],[21.86,10.66],[22,10.74],[22.04,10.84],[22.18,10.82],[22.26,10.92],[22.46,11],[22.72,10.96],[22.86,10.92],[22.96,11.2],[22.92,11.4],[22.78,11.4],[22.74,11.46],[22.62,11.5],[22.54,11.68],[22.6,11.98],[22.48,12.04],[22.48,12.18],[22.38,12.46],[22.44,12.62],[22.2,12.74],[22.06,12.64],[21.94,12.64],[21.8,12.8],[21.94,13.06],[22.02,13.14],[22.14,13.2],[22.26,13.34],[22.2,13.58],[22.14,13.64],[22.08,13.78],[22.24,13.98],[22.54,14.12],[22.54,14.22],[22.44,14.24],[22.42,14.48],[22.36,14.54],[22.46,14.62],[22.66,14.68],[22.66,14.82],[22.74,14.98],[22.9,15.12],[22.96,15.22],[22.96,15.4],[22.9,15.48],[22.92,15.56],[23.1,15.7],[23.32,15.68],[23.6,15.74],[23.98,15.72],[23.98,16.7],[23.98,17.4],[23.98,18.56],[23.98,19.5],[23.24,19.86],[22.26,20.36],[21.64,20.66],[20.52,21.2],[19.9,21.5],[19.16,21.88],[18.18,22.36],[17.44,22.72],[16.7,23.1],[15.98,23.44],[15.96,23.44],[14.98,23]]]},"properties":{"ADMIN":"Chad","ADM0_A3":"TCD"}},
{"type":"Feature","geometry":{"type":"MultiPolygon","coordinates":[[[[46.54,29.1],[47.44,29],[47.5,28.9],[47.6,28.6],[47.66,28.54],[48.44,28.54],[48.32,28.76],[48.16,29.02],[48.1,29.28],[48.1,29.34],[47.98,29.4],[47.9,29.34],[47.72,29.36],[47.84,29.5],[47.96,29.58],[48.18,29.56],[48.08,29.74],[48.02,29.78],[47.94,30],[47.68,30.1],[47.36,30.1],[47.2,30.04],[47.12,29.96],[46.96,29.62],[46.86,29.44],[46.72,29.28],[46.54,29.1]]],[[[48.36,29.7],[48.34,29.8],[48.18,29.98],[48.16,29.88],[48.04,29.8],[48.16,29.62],[48.22,29.6],[48.36,29.7]]]]},"properties":{"ADMIN":"Kuwait","ADM0_A3":"KWT"}},
{"type":"Feature","geometry":{"type":"Polygon","coordinates":[[[-90.1,13.74],[-89.84,13.6],[-89.8,13.52],[-89.68,13.54],[-89.52,13.5],[-89.26,13.48],[-88.78,13.24],[-88.52,13.2],[-88.46,13.22],[-88.2,13.16],[-87.92,13.16],[-87.8,13.26],[-87.88,13.36],[-87.82,13.4],[-87.74,13.44],[-87.78,13.54],[-87.72,13.8],[-87.84,13.92],[-88.02,13.9],[-88.08,13.98],[-88.24,14],[-88.28,13.9],[-88.48,13.86],[-88.5,13.98],[-88.74,14.06],[-88.84,14.1],[-88.88,14.18],[-88.96,14.18],[-89.02,14.32],[-89.36,14.42],[-89.4,14.44],[-89.56,14.42],[-89.6,14.32],[-89.54,14.22],[-89.7,14.14],[-89.76,14.02],[-89.88,14.04],[-90.1,13.86],[-90.1,13.74]]]},"properties":{"ADMIN":"El Salvador","ADM0_A3":"SLV"}},
{"type":"Feature","geometry":{"type":"Polygon","coordinates":[[[-89.36,14.42],[-89.24,14.58],[-89.16,14.58],[-89.14,14.7],[-89.22,14.84],[-89.16,14.96],[-89.18,15.04],[-88.98,15.14],[-88.4,15.58],[-88.32,15.68],[-88.22,15.72],[-88.44,15.86],[-88.62,15.76],[-88.78,15.86],[-88.92,15.9],[-89.24,15.9],[-89.18,16.5],[-89.14,17.04],[-89.16,17.82],[-90.26,17.82],[-90.96,17.82],[-91,17.8],[-91,17.26],[-91.44,17.26],[-91.3,17.18],[-91.06,16.92],[-90.74,16.74],[-90.64,16.6],[-90.64,16.52],[-90.48,16.44],[-90.4,16.34],[-90.46,16.26],[-90.44,16.18],[-90.48,16.08],[-91.72,16.06],[-91.76,16.04],[-92.2,15.28],[-92.2,15.24],[-92.08,15.08],[-92.16,15],[-92.2,14.82],[-92.16,14.7],[-92.24,14.54],[-92.04,14.4],[-91.76,14.18],[-91.56,14.06],[-91.32,13.96],[-91.16,13.92],[-90.92,13.92],[-90.7,13.92],[-90.4,13.86],[-90.1,13.74],[-90.1,13.86],[-89.88,14.04],[-89.76,14.02],[-89.7,14.14],[-89.54,14.22],[-89.6,14.32],[-89.56,14.42],[-89.4,14.44],[-89.36,14.42]]]},"properties":{"ADMIN":"Guatemala","ADM0_A3":"GTM"}},
{"type":"Feature","geometry":{"type":"MultiPolygon","coordinates":[[[[125.06,-9.48],[125.2,-9.42],[125.38,-9.28],[125.6,-9.18],[125.68,-9.2],[125.84,-9.12],[125.94,-9.12],[126.16,-8.98],[126.44,-8.96],[126.5,-8.92],[126.58,-8.8],[126.7,-8.76],[126.84,-8.76],[127,-8.68],[127.3,-8.44],[127.18,-8.34],[127.06,-8.36],[126.96,-8.3],[126.84,-8.4],[126.72,-8.42],[126.54,-8.48],[126.42,-8.42],[126.24,-8.5],[126.06,-8.52],[125.9,-8.48],[125.64,-8.52],[125.46,-8.58],[125.38,-8.58],[125.14,-8.64],[125.1,-8.78],[124.92,-8.96],[124.94,-9.08],[125.06,-9.04],[125.16,-9.06],[125.14,-9.18],[124.98,-9.2],[125.06,-9.48]]],[[[124.46,-9.18],[124.2,-9.26],[124.04,-9.34],[124.12,-9.42],[124.2,-9.38],[124.32,-9.48],[124.34,-9.38],[124.44,-9.3],[124.46,-9.18]]]]},"properties":{"ADMIN":"East Timor","ADM0_A3":"TLS"}},
{"type":"Feature","geometry":{"type":"MultiPolygon","coordinates":[[[[114.98,4.88],[115.06,5.06],[114.92,5],[114.72,4.88],[114.52,4.7],[114.26,4.6],[114,4.6],[114.24,4.48],[114.3,4.32],[114.42,4.26],[114.48,4.14],[114.58,4.02],[114.68,4.04],[114.76,4.14],[114.84,4.36],[114.78,4.5],[114.76,4.74],[114.98,4.88]]],[[[115.14,4.9],[115.02,4.82],[115.04,4.62],[115.12,4.38],[115.32,4.32],[115.34,4.38],[115.28,4.48],[115.28,4.64],[115.2,4.82],[115.14,4.9]]]]},"properties":{"ADMIN":"Brunei","ADM0_A3":"BRN"}},
{"type":"Feature","geometry":{"type":"Polygon","coordinates":[[[7.36,43.72],[7.44,43.74],[7.4,43.76],[7.36,43.72]]]},"properties":{"ADMIN":"Monaco","ADM0_A3":"MCO"}},
{"type":"Feature","geometry":{"type":"Polygon","coordinates":[[[-8.68,27.28],[-8.08,26.94],[-7.3,26.48],[-6.14,25.8],[-5.52,25.42],[-4.82,25],[-4.16,24.58],[-3.44,24.1],[-2.52,23.5],[-1.84,23.04],[-0.96,22.48],[-0.02,21.86],[0.5,21.52],[1.14,21.1],[1.18,21],[1.14,20.8],[1.16,20.74],[1.3,20.74],[1.36,20.66],[1.52,20.62],[1.64,20.52],[1.64,20.42],[1.78,20.3],[2.06,20.22],[2.18,20.28],[2.28,20.22],[2.4,20.06],[2.5,20.02],[2.94,19.94],[3.22,19.8],[3.2,19.56],[3.26,19.42],[3.1,19.16],[3.16,19.08],[3.3,18.98],[3.44,19],[4.22,19.14],[5.08,19.3],[5.74,19.44],[5.84,19.48],[6.6,20.14],[7.02,20.5],[7.48,20.88],[8.64,21.56],[9.72,22.2],[10.4,22.6],[11.08,23],[11.96,23.52],[11.56,24.26],[11.5,24.32],[10.72,24.56],[10.46,24.48],[10.26,24.58],[10.2,24.74],[10.04,24.86],[10.02,25.26],[9.96,25.4],[9.4,26.12],[9.38,26.16],[9.48,26.36],[9.84,26.5],[9.9,26.66],[9.92,26.84],[9.82,26.92],[9.72,27.3],[9.76,27.42],[9.82,27.5],[9.94,27.86],[9.78,28.26],[9.86,28.78],[9.82,29.12],[9.66,29.6],[9.54,29.8],[9.28,30.12],[9.52,30.22],[9.26,31.22],[9.04,32.08],[9.02,32.1],[8.48,32.44],[8.32,32.56],[8.28,32.84],[8.08,33.1],[7.88,33.18],[7.76,33.2],[7.7,33.28],[7.7,33.46],[7.56,33.66],[7.48,33.9],[7.52,34.1],[7.64,34.2],[7.78,34.26],[7.84,34.42],[8.1,34.54],[8.24,34.64],[8.26,34.76],[8.24,34.9],[8.32,35.1],[8.44,35.24],[8.32,35.28],[8.3,35.4],[8.34,35.5],[8.32,35.66],[8.24,35.82],[8.32,36.14],[8.3,36.24],[8.34,36.44],[8.16,36.52],[8.4,36.64],[8.44,36.8],[8.62,36.82],[8.6,36.94],[8.5,36.9],[8.24,36.96],[8.04,36.88],[7.9,36.84],[7.78,36.88],[7.72,36.96],[7.58,36.98],[7.38,37.08],[7.28,37.06],[7.24,36.98],[6.9,36.9],[6.82,36.96],[6.58,36.98],[6.46,37.1],[6.34,37.06],[6.2,36.9],[5.86,36.82],[5.76,36.84],[5.58,36.76],[5.46,36.66],[5.3,36.64],[5.12,36.7],[5.1,36.78],[4.78,36.9],[4.5,36.88],[4.44,36.92],[4.1,36.88],[3.82,36.92],[3.64,36.82],[3.46,36.78],[3.24,36.82],[3.18,36.74],[2.94,36.8],[2.82,36.72],[2.64,36.6],[2.46,36.58],[2.3,36.64],[2.06,36.58],[1.92,36.58],[1.04,36.48],[0.86,36.38],[0.66,36.34],[0.12,36.06],[0.04,35.86],[-0.12,35.78],[-0.26,35.82],[-0.34,35.9],[-0.48,35.86],[-0.52,35.78],[-0.68,35.72],[-0.82,35.76],[-1.04,35.68],[-1.2,35.56],[-1.26,35.4],[-1.4,35.3],[-1.52,35.3],[-1.76,35.12],[-2.06,35.08],[-2.22,35.08],[-2.2,35],[-1.78,34.76],[-1.88,34.6],[-1.76,34.5],[-1.8,34.38],[-1.74,34.3],[-1.68,34.1],[-1.72,33.9],[-1.7,33.78],[-1.74,33.68],[-1.66,33.64],[-1.62,33.52],[-1.68,33.36],[-1.68,33.24],[-1.5,33.06],[-1.56,32.94],[-1.42,32.74],[-1.04,32.52],[-1.12,32.42],[-1.22,32.4],[-1.28,32.16],[-1.24,32.08],[-2.52,32.14],[-2.94,32.04],[-2.82,31.8],[-3.22,31.72],[-3.66,31.64],[-3.68,31.38],[-3.82,31.32],[-3.82,31.22],[-3.64,31.1],[-3.56,30.96],[-3.66,30.84],[-3.64,30.72],[-3.84,30.62],[-4.16,30.58],[-4.38,30.5],[-4.48,30.38],[-4.62,30.28],[-4.88,30.18],[-5.18,29.98],[-5.28,29.88],[-5.44,29.64],[-5.54,29.52],[-5.72,29.52],[-5.76,29.62],[-6,29.58],[-6.28,29.58],[-6.7,29.52],[-6.78,29.44],[-6.96,29.5],[-7.14,29.5],[-7.26,29.46],[-7.34,29.38],[-7.62,29.38],[-8.06,29.08],[-8.18,29.04],[-8.38,28.9],[-8.42,28.86],[-8.64,28.72],[-8.68,28.66],[-8.68,27.66],[-8.68,27.28]]]},"properties":{"ADMIN":"Algeria","ADM0_A3":"DZA"}},
{"type":"Feature","geometry":{"type":"Polygon","coordinates":[[[33.2,-14.02],[32.22,-14.34],[31.66,-14.52],[31.42,-14.64],[30.82,-14.76],[30.48,-14.88],[30.32,-14.96],[30.22,-14.98],[30.22,-15.1],[30.28,-15.28],[30.36,-15.38],[30.4,-15.64],[30.4,-16],[30.86,-16],[30.98,-16.06],[31.12,-16],[31.26,-16.02],[31.4,-16.16],[31.68,-16.2],[31.86,-16.34],[31.92,-16.42],[32.3,-16.46],[32.68,-16.6],[32.7,-16.68],[32.9,-16.72],[32.94,-16.82],[32.82,-16.94],[32.96,-17.16],[32.98,-17.3],[33.02,-17.36],[32.96,-17.48],[33,-17.58],[33,-17.8],[32.96,-17.82],[32.94,-18.04],[32.96,-18.24],[33.04,-18.34],[33,-18.46],[32.88,-18.54],[32.92,-18.72],[32.88,-18.78],[32.7,-18.84],[32.7,-19.02],[32.82,-19.02],[32.86,-19.12],[32.82,-19.28],[32.76,-19.36],[32.82,-19.48],[32.82,-19.66],[33.04,-19.78],[33,-19.92],[32.88,-20.1],[32.84,-20.28],[32.64,-20.56],[32.52,-20.56],[32.46,-20.68],[32.5,-20.9],[32.46,-20.98],[32.34,-21.14],[32.4,-21.3],[31.96,-21.76],[31.44,-22.3],[31.28,-22.4],[31.28,-22.42],[31.54,-23.16],[31.52,-23.42],[31.64,-23.58],[31.74,-23.84],[31.86,-23.94],[31.86,-24.16],[31.98,-24.42],[31.98,-25.38],[31.96,-25.48],[32,-25.66],[31.92,-25.78],[31.94,-25.96],[32.06,-26.04],[32.08,-26.14],[32.04,-26.28],[32.12,-26.58],[32.12,-26.84],[32.36,-26.86],[32.9,-26.84],[32.92,-26.26],[32.86,-26.22],[32.68,-26.18],[32.6,-25.96],[32.68,-25.88],[32.76,-25.68],[32.88,-25.54],[33.16,-25.36],[33.46,-25.22],[33.72,-25.1],[34.48,-24.86],[34.64,-24.82],[35.1,-24.6],[35.3,-24.38],[35.5,-24.12],[35.48,-24.04],[35.54,-23.86],[35.4,-23.84],[35.42,-23.48],[35.48,-23.32],[35.48,-23.18],[35.6,-22.94],[35.52,-22.9],[35.5,-22.56],[35.54,-22.4],[35.5,-22.14],[35.42,-22.16],[35.36,-22.44],[35.3,-22.34],[35.34,-22.08],[35.3,-21.88],[35.26,-21.78],[35.28,-21.64],[35.16,-21.46],[35.06,-21.14],[35.12,-20.96],[35,-20.82],[35,-20.74],[34.86,-20.68],[34.74,-20.56],[34.68,-20.34],[34.78,-20.14],[34.74,-20.02],[34.76,-19.86],[34.88,-19.86],[35.12,-19.7],[35.34,-19.52],[35.58,-19.26],[35.66,-19.14],[35.98,-18.92],[36.1,-18.8],[36.14,-18.9],[36.24,-18.88],[36.3,-18.78],[36.42,-18.78],[36.42,-18.68],[36.56,-18.48],[36.64,-18.44],[36.84,-18.22],[36.88,-18.18],[37.08,-17.86],[37.22,-17.74],[37.36,-17.64],[37.9,-17.36],[38.04,-17.32],[38.6,-17.1],[38.88,-17.04],[39.1,-16.98],[39.2,-16.82],[39.7,-16.54],[39.8,-16.36],[39.82,-16.28],[40,-16.22],[40.1,-16.06],[40.16,-15.92],[40.36,-15.72],[40.42,-15.62],[40.58,-15.5],[40.68,-15.24],[40.58,-15.2],[40.54,-15.12],[40.72,-15.08],[40.68,-14.98],[40.84,-14.8],[40.82,-14.62],[40.84,-14.46],[40.76,-14.4],[40.74,-14.28],[40.7,-14.18],[40.6,-14.14],[40.66,-14.04],[40.54,-13.66],[40.58,-13.58],[40.52,-13.52],[40.56,-13.36],[40.56,-13.1],[40.58,-12.96],[40.56,-12.82],[40.64,-12.76],[40.48,-12.48],[40.54,-12.4],[40.5,-12.26],[40.54,-12],[40.42,-11.64],[40.48,-11.42],[40.34,-11.32],[40.5,-11.18],[40.56,-11.08],[40.5,-10.96],[40.6,-10.82],[40.48,-10.76],[40.56,-10.7],[40.54,-10.5],[40.44,-10.48],[40,-10.82],[39.76,-10.94],[39.48,-11],[39.28,-11.16],[39.12,-11.14],[38.9,-11.16],[38.76,-11.26],[38.66,-11.28],[38.5,-11.42],[38.34,-11.36],[38.26,-11.28],[38.08,-11.26],[37.88,-11.32],[37.78,-11.56],[37.64,-11.64],[37.42,-11.72],[37.34,-11.68],[37.22,-11.7],[37.1,-11.66],[37.04,-11.6],[36.82,-11.58],[36.74,-11.66],[36.56,-11.74],[36.5,-11.68],[36.2,-11.7],[36.16,-11.58],[35.94,-11.44],[35.82,-11.42],[35.7,-11.5],[35.66,-11.58],[34.96,-11.58],[34.66,-11.58],[34.6,-11.6],[34.6,-11.74],[34.56,-11.84],[34.38,-12.1],[34.36,-12.2],[34.5,-12.68],[34.54,-13.16],[34.54,-13.32],[34.64,-13.5],[34.8,-13.5],[34.9,-13.54],[35.08,-13.7],[35.46,-14.14],[35.52,-14.26],[35.86,-14.66],[35.86,-14.88],[35.9,-14.88],[35.78,-15.2],[35.84,-15.42],[35.8,-16],[35.7,-16.1],[35.52,-16.14],[35.38,-16.14],[35.26,-16.28],[35.26,-16.36],[35.22,-16.48],[35.14,-16.54],[35.18,-16.62],[35.28,-16.7],[35.28,-16.96],[35.3,-17.1],[35.24,-17.14],[35.08,-17.12],[35.04,-17.04],[35.12,-16.96],[35.1,-16.82],[35,-16.82],[34.74,-16.52],[34.66,-16.48],[34.52,-16.3],[34.44,-16.3],[34.38,-16.18],[34.38,-16.04],[34.24,-15.88],[34.24,-15.8],[34.4,-15.64],[34.42,-15.48],[34.56,-15.28],[34.54,-15.06],[34.58,-14.98],[34.5,-14.7],[34.5,-14.58],[34.34,-14.38],[34.08,-14.46],[34.06,-14.5],[33.88,-14.48],[33.78,-14.54],[33.72,-14.48],[33.6,-14.52],[33.44,-14.38],[33.3,-14.16],[33.28,-14.06],[33.2,-14.02]]]},"properties":{"ADMIN":"Mozambique","ADM0_A3":"MOZ"}},
{"type":"Feature","geometry":{"type":"Polygon","coordinates":[[[32.12,-26.84],[32.12,-26.58],[32.04,-26.28],[32.08,-26.14],[32.06,-26.04],[31.94,-25.96],[31.84,-25.98],[31.42,-25.74],[31.3,-25.76],[31.12,-25.92],[30.96,-26.2],[30.8,-26.4],[30.78,-26.48],[30.78,-26.72],[30.88,-26.78],[30.96,-26.92],[30.98,-27.04],[31.16,-27.2],[31.52,-27.32],[31.96,-27.32],[31.94,-27.1],[32,-26.84],[32.12,-26.84]]]},"properties":{"ADMIN":"eSwatini","ADM0_A3":"SWZ"}},
{"type":"Feature","geometry":{"type":"Polygon","coordinates":[[[30.56,-2.4],[30.38,-2.3],[30.28,-2.36],[30.2,-2.34],[30.14,-2.44],[29.94,-2.32],[29.9,-2.64],[29.82,-2.76],[29.7,-2.8],[29.62,-2.78],[29.5,-2.82],[29.34,-2.82],[29.3,-2.66],[29.12,-2.6],[29.04,-2.62],[29.02,-2.72],[29.08,-2.92],[29.24,-3.04],[29.22,-3.16],[29.24,-3.26],[29.2,-3.34],[29.22,-3.58],[29.22,-3.9],[29.34,-4.1],[29.4,-4.44],[29.72,-4.46],[29.8,-4.36],[29.9,-4.34],[30,-4.28],[30.14,-4.08],[30.2,-3.94],[30.38,-3.68],[30.46,-3.52],[30.62,-3.44],[30.64,-3.34],[30.8,-3.28],[30.84,-3.18],[30.72,-2.98],[30.54,-2.9],[30.5,-2.94],[30.42,-2.86],[30.46,-2.74],[30.42,-2.64],[30.56,-2.4]]]},"properties":{"ADMIN":"Burundi","ADM0_A3":"BDI"}},
{"type":"Feature","geometry":{"type":"Polygon","coordinates":[[[30.48,-1.06],[30.36,-1.06],[30.26,-1.22],[30.14,-1.34],[29.96,-1.46],[29.9,-1.46],[29.84,-1.32],[29.58,-1.38],[29.44,-1.5],[29.36,-1.5],[29.24,-1.64],[29.14,-1.8],[29.12,-1.92],[29.16,-2.16],[29.1,-2.24],[28.98,-2.28],[28.86,-2.42],[28.9,-2.66],[29.02,-2.72],[29.04,-2.62],[29.12,-2.6],[29.3,-2.66],[29.34,-2.82],[29.5,-2.82],[29.62,-2.78],[29.7,-2.8],[29.82,-2.76],[29.9,-2.64],[29.94,-2.32],[30.14,-2.44],[30.2,-2.34],[30.28,-2.36],[30.38,-2.3],[30.56,-2.4],[30.68,-2.36],[30.84,-2.34],[30.88,-2.08],[30.82,-1.96],[30.84,-1.6],[30.74,-1.48],[30.74,-1.4],[30.56,-1.32],[30.48,-1.06]]]},"properties":{"ADMIN":"Rwanda","ADM0_A3":"RWA"}},
{"type":"Feature","geometry":{"type":"MultiPolygon","coordinates":[[[[92.58,21.98],[92.6,21.5],[92.64,21.3],[92.56,21.26],[92.52,21.36],[92.42,21.36],[92.32,21.46],[92.24,21.42],[92.18,21.32],[92.18,21.18],[92.26,21.06],[92.38,20.7],[92.46,20.66],[92.54,20.52],[92.66,20.42],[92.84,20.48],[92.9,20.3],[92.78,20.2],[92.86,20.12],[92.98,20.08],[93.04,20],[93.14,20],[93.38,20.08],[93.42,19.98],[93.56,19.92],[93.7,19.92],[93.6,19.78],[93.7,19.72],[93.74,19.62],[93.92,19.48],[93.98,19.46],[93.98,19.38],[93.92,19.3],[93.8,19.24],[93.66,19.3],[93.62,19.4],[93.48,19.4],[93.5,19.32],[93.76,18.98],[93.94,18.86],[93.98,18.92],[93.96,19.12],[94.04,19.2],[94.06,19.04],[94.06,18.84],[94.14,18.84],[94.22,18.74],[94.28,18.48],[94.38,18.36],[94.48,18.1],[94.44,17.98],[94.5,17.78],[94.6,17.62],[94.56,17.54],[94.58,17.32],[94.52,17.28],[94.52,17.16],[94.46,17.06],[94.46,16.94],[94.38,16.88],[94.4,16.78],[94.34,16.52],[94.28,16.54],[94.22,16.16],[94.24,15.98],[94.34,16],[94.5,16.18],[94.52,16.28],[94.64,16.28],[94.68,16.2],[94.64,16.04],[94.56,15.96],[94.66,15.86],[94.72,15.86],[94.84,15.96],[94.86,15.78],[94.98,15.76],[95.12,15.9],[95.18,15.78],[95.4,15.72],[95.52,15.8],[95.66,15.94],[95.76,16.14],[95.98,16.22],[96.06,16.32],[96.28,16.36],[96.34,16.44],[96.62,16.52],[96.8,16.74],[96.92,17.02],[96.84,17.22],[96.92,17.28],[97.06,17.26],[97.1,17.14],[97.2,17],[97.18,16.92],[97.26,16.7],[97.34,16.64],[97.4,16.52],[97.54,16.54],[97.62,16.44],[97.64,16.28],[97.58,16],[97.72,15.84],[97.74,15.6],[97.8,15.4],[97.72,15.34],[97.8,15.18],[97.8,14.88],[97.84,14.74],[97.98,14.44],[98,14.34],[98.1,14.14],[98.06,14.02],[98.1,13.88],[98.1,13.7],[98.24,13.72],[98.44,13.48],[98.48,13.28],[98.58,13.18],[98.58,13.02],[98.7,12.72],[98.62,12.56],[98.6,12.42],[98.68,12.32],[98.56,12.28],[98.7,12.04],[98.72,11.96],[98.62,11.74],[98.68,11.68],[98.76,11.76],[98.7,11.38],[98.76,11.26],[98.7,11.1],[98.72,10.92],[98.64,10.92],[98.58,10.78],[98.46,10.72],[98.52,10.36],[98.5,10.2],[98.52,10.02],[98.58,10.04],[98.74,10.36],[98.8,10.52],[98.76,10.68],[98.9,10.82],[98.98,10.82],[99,10.96],[99.22,11.1],[99.24,11.2],[99.42,11.5],[99.44,11.6],[99.54,11.64],[99.64,11.82],[99.56,11.9],[99.58,11.98],[99.46,12.12],[99.46,12.26],[99.38,12.46],[99.4,12.58],[99.22,12.74],[99.16,13],[99.1,13.04],[99.1,13.18],[99.2,13.22],[99.18,13.42],[99.16,13.58],[99.16,13.72],[99.1,13.86],[98.94,14.06],[98.76,14.2],[98.54,14.38],[98.42,14.6],[98.24,14.8],[98.16,15.12],[98.28,15.28],[98.38,15.26],[98.4,15.36],[98.56,15.36],[98.54,15.74],[98.58,15.98],[98.66,16.12],[98.8,16.12],[98.88,16.26],[98.9,16.36],[98.78,16.38],[98.66,16.3],[98.64,16.46],[98.54,16.62],[98.46,16.72],[98.52,16.86],[98.44,17.02],[98.32,17.06],[98.22,17.2],[98.1,17.3],[97.98,17.5],[97.76,17.68],[97.68,17.88],[97.76,17.96],[97.68,18.14],[97.56,18.32],[97.46,18.34],[97.44,18.48],[97.76,18.58],[97.72,18.86],[97.66,18.92],[97.82,19.12],[97.8,19.3],[97.76,19.4],[97.84,19.5],[97.84,19.56],[98,19.64],[98.02,19.78],[98.12,19.78],[98.22,19.7],[98.54,19.68],[98.8,19.8],[98.88,19.74],[99,19.84],[99.02,20.04],[99.12,20.12],[99.3,20.06],[99.44,20.1],[99.52,20.2],[99.5,20.34],[99.66,20.3],[99.76,20.32],[99.84,20.42],[99.94,20.44],[100.1,20.32],[100.14,20.54],[100.22,20.7],[100.38,20.84],[100.52,20.88],[100.54,21.02],[100.64,21.06],[100.72,21.32],[100.8,21.3],[101,21.4],[101.16,21.56],[101.18,21.62],[101.06,21.76],[100.8,21.62],[100.62,21.46],[100.46,21.46],[100.32,21.52],[100.18,21.42],[100.08,21.52],[100.08,21.68],[99.96,21.72],[99.92,21.86],[99.96,21.96],[99.94,22.04],[99.82,22.02],[99.74,22.06],[99.44,22.12],[99.36,22.1],[99.16,22.14],[99.16,22.2],[99.28,22.42],[99.36,22.5],[99.3,22.72],[99.42,22.86],[99.42,22.94],[99.54,22.94],[99.48,23.06],[99.36,23.12],[99.22,23.06],[99.08,23.1],[99.02,23.16],[98.86,23.18],[98.92,23.3],[98.88,23.44],[98.78,23.54],[98.86,23.6],[98.78,23.76],[98.66,23.8],[98.66,23.96],[98.86,24.08],[98.86,24.14],[98.58,24.08],[98.5,24.12],[98.34,24.1],[98.18,24.12],[97.88,24.02],[97.64,23.86],[97.52,23.94],[97.7,24.12],[97.72,24.28],[97.64,24.44],[97.52,24.44],[97.54,24.74],[97.66,24.82],[97.74,25.1],[97.82,25.26],[97.88,25.2],[98.04,25.32],[98.1,25.38],[98.1,25.5],[98.16,25.62],[98.34,25.56],[98.46,25.8],[98.62,25.8],[98.7,25.88],[98.58,25.98],[98.54,26.1],[98.7,26.18],[98.66,26.32],[98.72,26.4],[98.76,26.62],[98.74,26.78],[98.68,27.18],[98.7,27.3],[98.68,27.38],[98.68,27.58],[98.4,27.68],[98.38,27.56],[98.3,27.54],[98.2,27.72],[98.18,27.9],[98.1,27.98],[98.12,28.14],[97.9,28.36],[97.74,28.38],[97.7,28.48],[97.52,28.52],[97.44,28.38],[97.44,28.28],[97.34,28.24],[97.3,28.12],[97.36,28.02],[97.34,27.9],[97.26,27.92],[97.04,27.74],[96.88,27.62],[96.9,27.4],[97.14,27.12],[97.02,27.1],[96.86,27.18],[96.86,27.24],[96.76,27.34],[96.58,27.36],[96.52,27.3],[96.4,27.3],[96.14,27.26],[96.02,27.2],[95.88,27.02],[95.78,27],[95.6,26.82],[95.48,26.82],[95.4,26.7],[95.12,26.6],[95.04,26.48],[95.04,26.24],[95.14,26.02],[95,25.92],[95,25.74],[94.86,25.56],[94.7,25.48],[94.6,25.4],[94.56,25.24],[94.58,25.18],[94.68,25.14],[94.7,25.02],[94.58,24.74],[94.52,24.7],[94.28,24.32],[94.2,24],[94.1,23.84],[94,23.92],[93.8,23.94],[93.74,24],[93.62,24],[93.46,23.96],[93.36,24.08],[93.3,24.04],[93.36,23.9],[93.38,23.74],[93.44,23.64],[93.38,23.32],[93.38,23.12],[93.3,23.02],[93.2,23.06],[93.14,23],[93.18,22.88],[93.08,22.78],[93.1,22.52],[93.16,22.38],[93.16,22.24],[92.96,22.06],[92.86,22.02],[92.7,22.14],[92.66,22.02],[92.58,21.98]]],[[[98.28,11.8],[98.24,11.62],[98.18,11.54],[98.28,11.48],[98.32,11.74],[98.28,11.8]]],[[[98.54,11.8],[98.38,11.78],[98.44,11.56],[98.54,11.62],[98.54,11.8]]],[[[98.6,11.96],[98.44,12.02],[98.48,11.9],[98.6,11.96]]],[[[98.46,12.58],[98.34,12.68],[98.34,12.52],[98.3,12.34],[98.4,12.36],[98.46,12.48],[98.46,12.58]]],[[[94.66,16.22],[94.62,16.22],[94.48,16.06],[94.38,16],[94.4,15.9],[94.58,16.02],[94.62,16.08],[94.66,16.22]]],[[[97.58,16.42],[97.52,16.52],[97.46,16.44],[97.46,16.3],[97.58,16.22],[97.58,16.42]]],[[[93.74,18.8],[93.74,18.88],[93.62,18.92],[93.5,18.84],[93.64,18.68],[93.74,18.7],[93.74,18.8]]],[[[93.98,19.42],[93.82,19.48],[93.74,19.56],[93.64,19.5],[93.78,19.3],[93.86,19.28],[93.96,19.36],[93.98,19.42]]]]},"properties":{"ADMIN":"Myanmar","ADM0_A3":"MMR"}},
{"type":"Feature","geometry":{"type":"MultiPolygon","coordinates":[[[[89.06,22.12],[89.1,21.82],[89.18,21.8],[89.36,21.82],[89.46,21.78],[89.66,21.76],[89.64,21.82],[89.82,21.84],[89.88,21.9],[89.84,22.04],[89.88,22.1],[89.84,22.26],[89.88,22.28],[89.94,22],[90.06,21.98],[90.02,21.86],[90.18,21.8],[90.28,21.86],[90.34,22.04],[90.46,22.1],[90.62,22.32],[90.6,22.46],[90.52,22.62],[90.48,22.72],[90.4,22.76],[90.5,22.94],[90.46,23.08],[90.6,23.12],[90.56,23.3],[90.42,23.32],[90.26,23.44],[90.6,23.4],[90.66,23.26],[90.62,23.08],[90.72,22.94],[90.78,22.78],[90.96,22.58],[91.12,22.52],[91.2,22.54],[91.26,22.64],[91.24,22.7],[91.46,22.78],[91.68,22.54],[91.74,22.42],[91.78,22.26],[91.86,22.1],[91.92,21.86],[91.9,21.78],[91.96,21.78],[91.94,21.72],[92.02,21.6],[91.96,21.42],[92.04,21.3],[92.06,21.16],[92.2,21],[92.26,21.06],[92.18,21.18],[92.18,21.32],[92.24,21.42],[92.32,21.46],[92.42,21.36],[92.52,21.36],[92.56,21.26],[92.64,21.3],[92.6,21.5],[92.58,21.98],[92.54,22.12],[92.58,22.16],[92.5,22.7],[92.38,22.9],[92.32,23.18],[92.36,23.28],[92.26,23.6],[92.16,23.74],[92,23.64],[91.92,23.68],[91.94,23.5],[91.8,23.36],[91.74,23.28],[91.8,23.08],[91.7,22.98],[91.54,22.98],[91.46,23.18],[91.3,23.14],[91.22,23.46],[91.14,23.62],[91.2,23.76],[91.22,23.9],[91.36,24.1],[91.6,24.1],[91.9,24.26],[91.94,24.38],[92.1,24.4],[92.24,24.78],[92.26,24.9],[92.38,24.84],[92.48,24.86],[92.46,24.96],[92.3,25.08],[92,25.18],[91.56,25.16],[91.48,25.14],[91.24,25.2],[90.82,25.14],[90.74,25.16],[90.36,25.14],[90.14,25.22],[89.9,25.3],[89.8,25.38],[89.84,25.64],[89.78,25.82],[89.84,25.9],[89.74,26.08],[89.66,26.2],[89.56,26.14],[89.6,26.06],[89.48,26],[89.36,26],[89.14,26.14],[89.04,26.38],[88.96,26.44],[88.9,26.36],[88.9,26.28],[88.8,26.24],[88.66,26.42],[88.36,26.58],[88.36,26.48],[88.46,26.46],[88.5,26.38],[88.36,26.32],[88.3,26.2],[88.16,26.14],[88.08,25.9],[88.12,25.78],[88.22,25.8],[88.42,25.66],[88.42,25.6],[88.54,25.5],[88.64,25.46],[88.78,25.5],[88.84,25.34],[88.98,25.3],[88.9,25.16],[88.78,25.16],[88.6,25.2],[88.44,25.18],[88.42,25.06],[88.32,24.88],[88.2,24.94],[88.02,24.64],[88.14,24.5],[88.48,24.32],[88.74,24.28],[88.68,24.08],[88.72,24.02],[88.72,23.92],[88.6,23.86],[88.54,23.64],[88.72,23.46],[88.68,23.3],[88.72,23.24],[88.84,23.24],[88.96,23.18],[88.86,23.08],[88.84,22.96],[88.94,22.84],[88.9,22.74],[88.98,22.38],[89.06,22.22],[89.06,22.12]]],[[[91.94,21.76],[91.86,21.74],[91.84,21.68],[91.88,21.54],[91.98,21.6],[91.94,21.76]]],[[[91.14,22.36],[91.08,22.38],[91.06,22.08],[91.18,22.22],[91.14,22.36]]],[[[90.8,22.5],[90.68,22.72],[90.58,22.76],[90.56,22.6],[90.64,22.54],[90.68,22.38],[90.6,22.04],[90.66,22],[90.78,22.08],[90.84,22.18],[90.86,22.44],[90.8,22.5]]]]},"properties":{"ADMIN":"Bangladesh","ADM0_A3":"BGD"}},
{"type":"Feature","geometry":{"type":"Polygon","coordinates":[[[1.42,42.6],[1.44,42.44],[1.7,42.5],[1.72,42.6],[1.46,42.64],[1.42,42.6]]]},"properties":{"ADMIN":"Andorra","ADM0_A3":"AND"}},
{"type":"Feature","geometry":{"type":"Polygon","coordinates":[[[74.9,37.24],[74.78,37.34],[74.66,37.4],[74.52,37.38],[74.22,37.4],[74.16,37.34],[73.8,37.22],[73.62,37.24],[73.74,37.36],[73.76,37.42],[73.48,37.48],[73.28,37.46],[73.06,37.32],[73,37.3],[72.76,37.18],[72.66,37.02],[72.4,37],[72.26,36.96],[71.84,36.7],[71.62,36.7],[71.46,36.94],[71.44,37.06],[71.48,37.26],[71.5,37.56],[71.6,37.9],[71.5,37.94],[71.34,37.9],[71.26,37.94],[71.36,38.2],[71.34,38.28],[71.22,38.32],[70.98,38.48],[70.76,38.44],[70.6,38.34],[70.48,38.14],[70.16,37.88],[70.24,37.82],[70.28,37.7],[70.16,37.54],[70.02,37.54],[69.9,37.62],[69.8,37.58],[69.52,37.58],[69.38,37.44],[69.44,37.24],[69.32,37.12],[69.24,37.1],[69.12,37.16],[69,37.3],[68.9,37.34],[68.82,37.26],[68.66,37.28],[68.62,37.2],[68.3,37.12],[68.28,37.02],[68.18,37.02],[68.02,36.94],[67.88,37.06],[67.78,37.1],[67.78,37.18],[67.64,37.26],[67.48,37.28],[67.4,37.22],[67.24,37.2],[67,37.38],[66.52,37.36],[66.46,37.32],[66.3,37.34],[66.08,37.44],[65.86,37.5],[65.8,37.56],[65.66,37.52],[65.62,37.34],[65.5,37.24],[65.06,37.24],[64.8,37.14],[64.76,37.1],[64.78,36.94],[64.6,36.62],[64.6,36.46],[64.44,36.24],[64.26,36.16],[64.12,36.14],[64.04,36.08],[63.76,35.98],[63.6,35.96],[63.52,35.9],[63.34,35.86],[63.12,35.86],[63.18,35.72],[63.08,35.62],[63.08,35.44],[62.92,35.38],[62.62,35.22],[62.4,35.26],[62.3,35.14],[62.22,35.3],[62.04,35.42],[61.92,35.46],[61.8,35.42],[61.54,35.46],[61.26,35.62],[61.3,35.54],[61.1,35.28],[61.12,35.06],[61.06,34.82],[60.96,34.72],[60.94,34.64],[60.72,34.54],[60.9,34.32],[60.64,34.3],[60.52,34.18],[60.48,34.1],[60.52,33.84],[60.48,33.72],[60.52,33.64],[60.66,33.56],[60.88,33.54],[60.82,33.4],[60.76,33.36],[60.56,33.16],[60.58,33],[60.84,32.24],[60.78,32.02],[60.8,31.74],[60.8,31.66],[60.86,31.48],[61.66,31.38],[61.74,31.3],[61.82,31.04],[61.78,30.84],[61.46,30.5],[60.84,29.86],[61.62,29.64],[62.38,29.42],[62.48,29.4],[63.56,29.5],[63.98,29.42],[64.08,29.38],[64.18,29.48],[64.48,29.58],[64.82,29.56],[65.04,29.54],[66.2,29.84],[66.34,29.96],[66.22,30.04],[66.3,30.22],[66.32,30.44],[66.26,30.6],[66.36,30.92],[66.56,30.98],[66.66,31.08],[66.7,31.2],[66.94,31.32],[67.02,31.24],[67.34,31.2],[67.74,31.32],[67.78,31.4],[67.6,31.42],[67.56,31.52],[67.72,31.54],[67.88,31.64],[68.04,31.68],[68.12,31.82],[68.36,31.76],[68.52,31.82],[68.68,31.78],[68.78,31.62],[69,31.66],[69.12,31.74],[69.3,31.94],[69.26,32.14],[69.26,32.32],[69.22,32.42],[69.28,32.54],[69.42,32.66],[69.38,32.78],[69.48,32.86],[69.46,33],[69.54,33.08],[69.78,33.12],[69.88,33.08],[70.12,33.2],[70.3,33.32],[70.28,33.38],[70.16,33.5],[70.18,33.64],[70.1,33.72],[69.96,33.76],[69.84,33.94],[69.88,34.04],[70,34.04],[70.32,33.96],[70.52,33.94],[70.86,33.96],[71.04,34.04],[71.1,34.16],[71.12,34.36],[70.98,34.46],[71.06,34.56],[71.08,34.68],[71.2,34.74],[71.28,34.88],[71.46,34.94],[71.5,35.08],[71.64,35.2],[71.52,35.3],[71.62,35.42],[71.6,35.54],[71.48,35.62],[71.52,35.68],[71.34,35.94],[71.18,36.02],[71.22,36.12],[71.38,36.22],[71.62,36.46],[71.74,36.4],[71.8,36.5],[71.88,36.5],[72.06,36.62],[72.18,36.66],[72.22,36.72],[72.46,36.76],[72.56,36.82],[72.86,36.84],[73.2,36.88],[73.64,36.9],[74.1,36.84],[74.4,37],[74.54,37.02],[74.36,37.14],[74.48,37.22],[74.62,37.24],[74.72,37.3],[74.78,37.22],[74.9,37.24]]]},"properties":{"ADMIN":"Afghanistan","ADM0_A3":"AFG"}},
{"type":"Feature","geometry":{"type":"Polygon","coordinates":[[[20.06,42.54],[20.1,42.66],[20.08,42.78],[20.34,42.82],[20.34,42.9],[20.12,42.98],[19.92,43.12],[19.8,43.08],[19.62,43.16],[19.36,43.4],[19.22,43.44],[19.2,43.54],[18.92,43.5],[19.06,43.3],[18.9,43.36],[18.68,43.24],[18.62,43.16],[18.64,43.02],[18.46,43],[18.46,42.76],[18.54,42.62],[18.44,42.56],[18.5,42.42],[18.68,42.46],[18.78,42.28],[18.92,42.22],[19.14,42.04],[19.18,41.94],[19.36,41.86],[19.38,42.1],[19.28,42.18],[19.52,42.46],[19.6,42.58],[19.82,42.46],[20.06,42.54]]]},"properties":{"ADMIN":"Montenegro","ADM0_A3":"MNE"}},
{"type":"Feature","geometry":{"type":"Polygon","coordinates":[[[19.02,44.86],[18.88,44.86],[18.78,44.94],[18.78,45],[18.62,45.1],[18.46,45.08],[18.24,45.16],[18.2,45.1],[17.98,45.14],[17.84,45.06],[17.68,45.16],[17.58,45.12],[17.18,45.14],[16.94,45.28],[16.78,45.18],[16.58,45.22],[16.48,45.2],[16.34,45],[16.22,45.04],[16,45.22],[15.82,45.22],[15.78,45.16],[15.72,44.78],[15.8,44.7],[15.9,44.72],[16.12,44.52],[16.22,44.2],[16.32,44.08],[16.4,44.06],[16.68,43.84],[16.72,43.78],[17.08,43.52],[17.24,43.48],[17.26,43.36],[17.44,43.16],[17.58,43.08],[17.66,42.96],[17.58,42.94],[17.66,42.9],[17.82,42.88],[17.86,42.82],[18.22,42.62],[18.44,42.56],[18.54,42.62],[18.46,42.76],[18.46,43],[18.64,43.02],[18.62,43.16],[18.68,43.24],[18.9,43.36],[19.06,43.3],[18.92,43.5],[19.2,43.54],[19.36,43.6],[19.48,43.56],[19.5,43.68],[19.46,43.76],[19.28,43.94],[19.56,43.98],[19.62,44.04],[19.36,44.2],[19.32,44.26],[19.18,44.28],[19.1,44.38],[19.12,44.52],[19.32,44.74],[19.36,44.88],[19.18,44.92],[19.02,44.86]]]},"properties":{"ADMIN":"Bosnia and Herzegovina","ADM0_A3":"BIH"}},
{"type":"Feature","geometry":{"type":"Polygon","coordinates":[[[30.84,3.5],[30.92,3.4],[30.8,3.24],[30.74,3.04],[30.86,2.9],[30.74,2.6],[30.72,2.44],[30.8,2.44],[30.88,2.34],[30.98,2.4],[31.06,2.3],[31.18,2.3],[31.2,2.22],[31.26,2.18],[31.24,2.06],[31.02,1.78],[30.68,1.5],[30.48,1.24],[30.24,1.14],[30.22,1.02],[30.14,0.9],[30.04,0.88],[29.92,0.78],[29.94,0.5],[29.84,0.34],[29.8,0.18],[29.72,0.1],[29.62,-0.44],[29.6,-0.74],[29.62,-0.86],[29.56,-0.92],[29.58,-1.24],[29.58,-1.38],[29.84,-1.32],[29.9,-1.46],[29.96,-1.46],[30.14,-1.34],[30.26,-1.22],[30.36,-1.06],[30.48,-1.06],[30.64,-1.08],[30.78,-0.98],[30.82,-1],[31.44,-1],[32.36,-1],[33.28,-1],[33.9,-1],[33.9,-0.66],[33.96,-0.16],[33.9,0.1],[34.08,0.36],[34.14,0.58],[34.28,0.68],[34.3,0.76],[34.38,0.82],[34.5,1.1],[34.68,1.2],[34.8,1.24],[34.78,1.38],[34.98,1.68],[34.96,2.1],[34.86,2.34],[34.92,2.48],[34.88,2.6],[34.82,2.6],[34.74,2.86],[34.64,2.86],[34.58,2.94],[34.54,3.1],[34.44,3.18],[34.38,3.46],[34.44,3.52],[34.44,3.66],[34.34,3.74],[34.28,3.7],[34.06,4],[34.06,4.08],[33.98,4.22],[33.54,3.78],[33.44,3.74],[33.2,3.76],[33.02,3.88],[32.76,3.76],[32.38,3.74],[32.18,3.62],[32.18,3.52],[32.04,3.58],[31.94,3.6],[31.92,3.68],[31.78,3.82],[31.66,3.7],[31.5,3.66],[31.3,3.78],[31.14,3.78],[30.94,3.68],[30.84,3.5]]]},"properties":{"ADMIN":"Uganda","ADM0_A3":"UGA"}},
{"type":"Feature","geometry":{"type":"MultiPolygon","coordinates":[[[[-75.1,19.9],[-74.98,19.92],[-74.82,20.04],[-74.58,20.04],[-74.4,20.08],[-74.26,20.06],[-74.14,20.18],[-74.22,20.32],[-74.4,20.3],[-74.5,20.36],[-74.6,20.48],[-74.86,20.64],[-75,20.7],[-75.14,20.68],[-75.4,20.74],[-75.5,20.7],[-75.62,20.72],[-75.7,20.7],[-75.78,20.74],[-75.58,21.02],[-75.64,21.08],[-75.82,21.14],[-75.88,21.1],[-76.12,21.1],[-76.14,21.16],[-76.38,21.28],[-76.66,21.3],[-76.66,21.34],[-76.8,21.4],[-76.96,21.48],[-77.06,21.6],[-77.16,21.5],[-77.26,21.48],[-77.24,21.6],[-77.14,21.64],[-77.5,21.86],[-77.52,21.82],[-77.66,21.78],[-77.9,21.88],[-78.06,22.08],[-78.3,22.16],[-78.38,22.24],[-78.78,22.4],[-78.98,22.4],[-79.14,22.38],[-79.34,22.42],[-79.46,22.52],[-79.52,22.54],[-79.7,22.74],[-79.98,22.88],[-80.02,22.94],[-80.28,22.92],[-80.56,23],[-80.62,23.08],[-80.76,23.1],[-80.96,23.06],[-81.08,23.1],[-81.18,23.06],[-81.28,23.14],[-81.48,23.1],[-81.58,23.16],[-81.84,23.16],[-82.04,23.2],[-82.22,23.2],[-82.4,23.14],[-82.58,23.06],[-82.92,23.04],[-82.96,22.98],[-83.06,23.02],[-83.2,23],[-83.36,22.9],[-83.88,22.76],[-84.02,22.68],[-84.24,22.5],[-84.3,22.48],[-84.4,22.36],[-84.42,22.2],[-84.34,22.14],[-84.32,22.04],[-84.58,22],[-84.94,21.86],[-84.8,21.84],[-84.66,21.92],[-84.54,21.94],[-84.48,21.9],[-84.46,21.78],[-84.3,21.88],[-84.14,21.94],[-84,21.96],[-84,22.06],[-83.92,22.18],[-83.62,22.2],[-83.42,22.18],[-83.28,22.32],[-83.16,22.34],[-83.08,22.46],[-82.8,22.62],[-82.78,22.7],[-82.64,22.68],[-82.2,22.68],[-82.1,22.66],[-81.88,22.68],[-81.64,22.58],[-81.68,22.46],[-81.84,22.44],[-82.12,22.44],[-82.08,22.34],[-81.88,22.26],[-81.82,22.18],[-81.66,22.22],[-81.4,22.18],[-81.3,22.1],[-81.2,22.22],[-81.1,22.1],[-81,22.06],[-80.52,22.06],[-80.44,22.04],[-80.26,21.88],[-80.06,21.82],[-80,21.72],[-79.9,21.76],[-79.82,21.72],[-79.64,21.68],[-79.46,21.6],[-79.24,21.56],[-78.76,21.64],[-78.64,21.54],[-78.56,21.38],[-78.5,21.04],[-78.4,20.96],[-78.28,20.9],[-78.06,20.72],[-77.5,20.68],[-77.32,20.7],[-77.2,20.64],[-77.24,20.56],[-77.12,20.52],[-77.12,20.36],[-77.18,20.3],[-77.4,20.2],[-77.62,20.02],[-77.74,19.86],[-77.62,19.84],[-77.36,19.86],[-77.18,19.92],[-76.96,19.9],[-76.86,19.94],[-76.52,19.94],[-76.24,20],[-75.98,19.96],[-75.72,19.96],[-75.6,19.9],[-75.38,19.88],[-75.1,19.9]]],[[[-82.56,21.64],[-82.6,21.72],[-82.7,21.82],[-82.7,21.88],[-82.98,21.94],[-83.08,21.84],[-83.08,21.76],[-82.96,21.6],[-83.08,21.46],[-82.84,21.44],[-82.6,21.54],[-82.56,21.64]]],[[[-77.64,22.06],[-77.8,22.1],[-77.9,22.02],[-77.7,21.94],[-77.64,22.06]]]]},"properties":{"ADMIN":"Cuba","ADM0_A3":"CUB"}},
{"type":"Feature","geometry":{"type":"Polygon","coordinates":[[[-83.14,15],[-83.26,15.04],[-83.4,15.26],[-83.62,15.3],[-83.78,15.28],[-83.9,15.38],[-84.08,15.36],[-84.12,15.44],[-84.02,15.54],[-84.3,15.82],[-84.46,15.82],[-84.48,15.78],[-84.66,15.78],[-84.68,15.88],[-85,15.98],[-85.08,15.98],[-85.26,15.88],[-85.48,15.86],[-85.7,15.98],[-85.9,15.98],[-86,15.9],[-86.2,15.88],[-86.34,15.78],[-86.48,15.8],[-86.88,15.76],[-87.16,15.8],[-87.34,15.86],[-87.5,15.8],[-87.62,15.9],[-87.72,15.92],[-87.9,15.86],[-88.12,15.7],[-88.22,15.72],[-88.32,15.68],[-88.4,15.58],[-88.98,15.14],[-89.18,15.04],[-89.16,14.96],[-89.22,14.84],[-89.14,14.7],[-89.16,14.58],[-89.24,14.58],[-89.36,14.42],[-89.02,14.32],[-88.96,14.18],[-88.88,14.18],[-88.84,14.1],[-88.74,14.06],[-88.5,13.98],[-88.48,13.86],[-88.28,13.9],[-88.24,14],[-88.08,13.98],[-88.02,13.9],[-87.84,13.92],[-87.72,13.8],[-87.78,13.54],[-87.74,13.44],[-87.82,13.4],[-87.72,13.36],[-87.62,13.42],[-87.44,13.18],[-87.42,13.12],[-87.32,12.98],[-87.08,13],[-86.94,13.06],[-86.92,13.24],[-86.7,13.32],[-86.78,13.66],[-86.76,13.74],[-86.54,13.78],[-86.42,13.74],[-86.32,13.78],[-86.28,13.84],[-86.1,14.04],[-85.82,13.84],[-85.7,13.96],[-85.44,14.14],[-85.32,14.28],[-85.2,14.3],[-85.2,14.4],[-85.02,14.58],[-85,14.74],[-84.9,14.82],[-84.78,14.8],[-84.7,14.68],[-84.52,14.66],[-84.48,14.62],[-84.28,14.66],[-84.02,14.76],[-83.86,14.78],[-83.46,14.98],[-83.4,15.04],[-83.26,14.98],[-83.14,15]]]},"properties":{"ADMIN":"Honduras","ADM0_A3":"HND"}},
{"type":"Feature","geometry":{"type":"MultiPolygon","coordinates":[[[[-75.28,-0.1],[-75.42,-0.06],[-75.64,0.08],[-75.78,0.08],[-75.92,0.18],[-76.06,0.36],[-76.22,0.4],[-76.32,0.46],[-76.42,0.4],[-76.4,0.26],[-76.58,0.22],[-76.74,0.28],[-76.9,0.24],[-77.12,0.36],[-77.2,0.34],[-77.42,0.4],[-77.46,0.66],[-77.64,0.72],[-77.72,0.84],[-77.84,0.8],[-77.9,0.86],[-78.12,0.92],[-78.26,1.02],[-78.38,1.08],[-78.46,1.18],[-78.58,1.2],[-78.82,1.44],[-78.84,1.38],[-78.96,1.16],[-79.08,1.2],[-79.14,1.1],[-79.24,1.08],[-79.46,1.08],[-79.58,0.98],[-79.76,0.96],[-79.86,0.88],[-80.08,0.82],[-80.1,0.66],[-80.02,0.56],[-80.04,0.32],[-80.04,0.18],[-80.06,0.06],[-80.24,-0.14],[-80.38,-0.22],[-80.5,-0.38],[-80.42,-0.6],[-80.52,-0.74],[-80.54,-0.88],[-80.62,-0.94],[-80.82,-0.94],[-80.92,-1.06],[-80.84,-1.24],[-80.74,-1.34],[-80.78,-1.48],[-80.84,-1.62],[-80.78,-1.74],[-80.74,-1.9],[-80.76,-1.98],[-80.74,-2.1],[-80.96,-2.24],[-80.92,-2.32],[-80.66,-2.42],[-80.46,-2.62],[-80.32,-2.72],[-80.18,-2.58],[-80.06,-2.56],[-79.92,-2.58],[-79.84,-2.38],[-79.72,-2.56],[-79.84,-2.8],[-79.96,-3.2],[-80.08,-3.22],[-80.14,-3.32],[-80.34,-3.4],[-80.28,-3.48],[-80.22,-3.64],[-80.22,-3.76],[-80.16,-3.9],[-80.3,-4],[-80.48,-4],[-80.52,-4.08],[-80.46,-4.22],[-80.36,-4.22],[-80.48,-4.4],[-80.4,-4.48],[-80.24,-4.36],[-80.2,-4.3],[-80.08,-4.3],[-79.98,-4.38],[-79.9,-4.4],[-79.8,-4.48],[-79.66,-4.44],[-79.5,-4.54],[-79.52,-4.62],[-79.46,-4.82],[-79.3,-4.96],[-79.1,-4.98],[-79,-4.96],[-78.98,-4.88],[-78.9,-4.84],[-78.92,-4.74],[-78.86,-4.66],[-78.68,-4.56],[-78.64,-4.44],[-78.68,-4.32],[-78.58,-4.1],[-78.56,-4],[-78.5,-3.96],[-78.36,-3.48],[-78.36,-3.4],[-78.2,-3.36],[-77.94,-3.06],[-77.84,-2.98],[-76.68,-2.58],[-76.62,-2.54],[-76.1,-2.12],[-75.56,-1.5],[-75.42,-0.92],[-75.34,-0.98],[-75.22,-0.96],[-75.3,-0.74],[-75.26,-0.62],[-75.28,-0.52],[-75.44,-0.4],[-75.48,-0.24],[-75.46,-0.16],[-75.28,-0.1]]],[[[-80.06,-2.66],[-80.22,-2.72],[-80.26,-2.84],[-80.26,-3.02],[-80.14,-3.02],[-79.94,-2.7],[-80.06,-2.66]]],[[[-90.38,-1.26],[-90.48,-1.22],[-90.52,-1.3],[-90.4,-1.32],[-90.38,-1.26]]],[[[-89.3,-0.68],[-89.42,-0.72],[-89.48,-0.8],[-89.64,-0.92],[-89.56,-0.96],[-89.44,-0.92],[-89.26,-0.72],[-89.3,-0.68]]],[[[-90.2,-0.54],[-90.24,-0.5],[-90.48,-0.52],[-90.54,-0.68],[-90.42,-0.76],[-90.34,-0.78],[-90.2,-0.68],[-90.2,-0.54]]],[[[-91.4,-0.46],[-91.4,-0.3],[-91.48,-0.24],[-91.66,-0.28],[-91.64,-0.4],[-91.5,-0.5],[-91.4,-0.46]]],[[[-90.56,-0.28],[-90.64,-0.2],[-90.82,-0.16],[-90.84,-0.28],[-90.74,-0.36],[-90.58,-0.36],[-90.56,-0.28]]],[[[-90.82,-0.74],[-90.9,-0.62],[-90.96,-0.6],[-90.96,-0.44],[-91,-0.38],[-91.12,-0.3],[-91.18,-0.22],[-91.2,-0.02],[-91.38,0.14],[-91.6,0],[-91.54,-0.04],[-91.42,-0.02],[-91.36,-0.3],[-91.24,-0.38],[-91.2,-0.48],[-91.1,-0.56],[-91.16,-0.68],[-91.24,-0.66],[-91.44,-0.78],[-91.5,-0.9],[-91.4,-1.02],[-91.16,-1.04],[-91.02,-0.96],[-90.92,-0.98],[-90.86,-0.88],[-90.82,-0.74]]]]},"properties":{"ADMIN":"Ecuador","ADM0_A3":"ECU"}},
{"type":"Feature","geometry":{"type":"Polygon","coordinates":[[[-69.96,-4.24],[-69.94,-4.2],[-69.78,-3.24],[-69.56,-2.1],[-69.4,-1.18],[-69.44,-1],[-69.54,-0.92],[-69.62,-0.74],[-69.58,-0.64],[-69.64,-0.5],[-69.74,-0.46],[-69.86,-0.34],[-69.94,-0.3],[-70.08,-0.12],[-70.06,0.58],[-69.8,0.6],[-69.7,0.66],[-69.62,0.66],[-69.5,0.72],[-69.36,0.64],[-69.22,0.62],[-69.14,0.66],[-69.2,0.94],[-69.28,1.04],[-69.38,1.06],[-69.76,1.1],[-69.86,1.06],[-69.84,1.66],[-69.74,1.74],[-69.58,1.78],[-69.36,1.72],[-68.16,1.72],[-68.24,1.78],[-68.26,1.86],[-68.2,2],[-68.1,1.92],[-68,1.74],[-67.86,1.76],[-67.8,1.82],[-67.6,2.06],[-67.44,2.14],[-67.34,2.1],[-67.26,1.94],[-67.12,1.7],[-67.08,1.54],[-67.1,1.26],[-67.06,1.18],[-66.88,1.22],[-66.88,1.32],[-67.06,1.9],[-67.14,2],[-67.22,2.28],[-67.2,2.4],[-67.32,2.48],[-67.48,2.66],[-67.58,2.7],[-67.62,2.82],[-67.84,2.88],[-67.46,3.24],[-67.4,3.26],[-67.3,3.42],[-67.4,3.5],[-67.48,3.68],[-67.64,3.76],[-67.74,4.12],[-67.8,4.26],[-67.78,4.34],[-67.86,4.58],[-67.8,5.06],[-67.84,5.3],[-67.8,5.38],[-67.64,5.48],[-67.62,5.56],[-67.64,5.66],[-67.6,5.82],[-67.42,6.04],[-67.48,6.18],[-67.58,6.26],[-67.84,6.3],[-67.92,6.24],[-68.14,6.22],[-68.3,6.18],[-68.44,6.2],[-68.64,6.14],[-68.82,6.18],[-69.06,6.22],[-69.24,6.08],[-69.32,6.14],[-69.44,6.12],[-70.1,6.94],[-70.16,6.98],[-70.32,6.94],[-70.52,7.02],[-70.58,7.08],[-70.7,7.1],[-70.9,7.06],[-70.96,7],[-71.18,6.96],[-71.28,7.02],[-71.66,7.06],[-71.84,6.98],[-72,7.02],[-72.08,7.06],[-72.16,7.2],[-72.16,7.32],[-72.2,7.38],[-72.46,7.44],[-72.48,7.64],[-72.46,7.84],[-72.48,7.94],[-72.34,8.1],[-72.4,8.26],[-72.38,8.34],[-72.68,8.66],[-72.78,9.06],[-72.82,9.14],[-72.94,9.1],[-73,9.3],[-73.18,9.2],[-73.38,9.16],[-73.18,9.52],[-73.12,9.56],[-72.98,9.84],[-72.98,10],[-72.94,10.18],[-72.9,10.46],[-72.76,10.68],[-72.7,10.82],[-72.58,10.96],[-72.48,11.14],[-72.26,11.16],[-72,11.62],[-71.98,11.66],[-71.44,11.8],[-71.32,11.84],[-71.3,11.92],[-71.14,12.02],[-71.12,12.1],[-71.24,12.32],[-71.54,12.44],[-71.66,12.46],[-71.7,12.4],[-71.8,12.32],[-71.88,12.34],[-71.9,12.2],[-72,12.26],[-72.18,12.24],[-72.14,12.1],[-72.26,11.88],[-72.46,11.8],[-72.76,11.7],[-72.94,11.56],[-73.06,11.5],[-73.3,11.3],[-73.4,11.28],[-73.82,11.28],[-74,11.36],[-74.18,11.32],[-74.24,11.2],[-74.22,11.08],[-74.28,10.98],[-74.36,10.78],[-74.46,10.74],[-74.5,10.98],[-74.84,11.1],[-75.02,10.98],[-75.04,10.92],[-75.26,10.8],[-75.3,10.7],[-75.4,10.68],[-75.5,10.58],[-75.5,10.44],[-75.52,10.32],[-75.64,10.2],[-75.58,10.08],[-75.66,9.7],[-75.58,9.62],[-75.62,9.46],[-75.82,9.4],[-75.9,9.42],[-76.08,9.34],[-76.16,9.24],[-76.26,9],[-76.68,8.68],[-76.9,8.62],[-76.94,8.54],[-76.84,8.5],[-76.78,8.4],[-76.78,8.26],[-76.74,8.08],[-76.76,7.92],[-76.86,7.92],[-76.94,7.96],[-76.84,8.14],[-76.98,8.26],[-77.06,8.28],[-77.14,8.4],[-77.28,8.5],[-77.38,8.66],[-77.48,8.52],[-77.42,8.46],[-77.36,8.28],[-77.24,8.1],[-77.2,7.98],[-77.32,7.88],[-77.38,7.78],[-77.34,7.7],[-77.58,7.52],[-77.68,7.68],[-77.78,7.66],[-77.74,7.54],[-77.82,7.48],[-77.9,7.24],[-77.78,7.14],[-77.66,6.98],[-77.7,6.92],[-77.58,6.8],[-77.54,6.72],[-77.42,6.7],[-77.34,6.54],[-77.4,6.4],[-77.42,6.24],[-77.48,6.18],[-77.36,6.02],[-77.24,5.78],[-77.26,5.7],[-77.36,5.6],[-77.5,5.6],[-77.4,5.46],[-77.36,5.3],[-77.36,5],[-77.32,4.7],[-77.32,4.54],[-77.38,4.34],[-77.34,4.22],[-77.44,4.16],[-77.42,4],[-77.32,4.06],[-77.18,4.06],[-77.32,3.9],[-77.16,3.8],[-77.2,3.62],[-77.32,3.56],[-77.36,3.4],[-77.46,3.36],[-77.5,3.2],[-77.64,3.08],[-77.64,2.9],[-77.82,2.74],[-77.76,2.62],[-77.78,2.58],[-77.9,2.58],[-77.94,2.68],[-78.1,2.66],[-78.08,2.52],[-78.28,2.54],[-78.34,2.64],[-78.44,2.58],[-78.58,2.4],[-78.7,2.18],[-78.68,2.04],[-78.58,2],[-78.54,1.86],[-78.58,1.78],[-78.76,1.84],[-78.84,1.82],[-78.98,1.68],[-79,1.6],[-78.86,1.54],[-78.82,1.44],[-78.58,1.2],[-78.46,1.18],[-78.38,1.08],[-78.26,1.02],[-78.12,0.92],[-77.9,0.86],[-77.84,0.8],[-77.72,0.84],[-77.64,0.72],[-77.46,0.66],[-77.42,0.4],[-77.2,0.34],[-77.12,0.36],[-76.9,0.24],[-76.74,0.28],[-76.58,0.22],[-76.4,0.26],[-76.42,0.4],[-76.32,0.46],[-76.22,0.4],[-76.06,0.36],[-75.92,0.18],[-75.78,0.08],[-75.64,0.08],[-75.42,-0.06],[-75.28,-0.1],[-75.22,-0.04],[-75.14,-0.04],[-74.94,-0.2],[-74.82,-0.18],[-74.68,-0.36],[-74.64,-0.34],[-74.42,-0.58],[-74.38,-0.74],[-74.32,-0.8],[-74.28,-0.94],[-73.92,-1.12],[-73.88,-1.2],[-73.64,-1.26],[-73.5,-1.48],[-73.48,-1.58],[-73.54,-1.68],[-73.34,-1.8],[-73.18,-1.8],[-73.16,-1.96],[-73.12,-2.08],[-73.2,-2.18],[-73.16,-2.3],[-73.06,-2.3],[-72.94,-2.42],[-72.8,-2.38],[-72.72,-2.42],[-72.64,-2.34],[-72.4,-2.44],[-72.16,-2.4],[-72.08,-2.34],[-71.96,-2.32],[-71.76,-2.14],[-71.46,-2.26],[-71.38,-2.36],[-71.22,-2.34],[-71.14,-2.26],[-71,-2.2],[-70.88,-2.22],[-70.7,-2.32],[-70.64,-2.46],[-70.58,-2.4],[-70.46,-2.5],[-70.36,-2.48],[-70.24,-2.62],[-70.06,-2.72],[-70.74,-3.78],[-70.54,-3.86],[-70.32,-3.82],[-70.22,-3.92],[-70.18,-4.02],[-70.06,-4.1],[-69.96,-4.24]]]},"properties":{"ADMIN":"Colombia","ADM0_A3":"COL"}},
{"type":"Feature","geometry":{"type":"Polygon","coordinates":[[[-62.66,-22.24],[-62.64,-22.3],[-62.28,-22.48],[-62.18,-22.64],[-62.18,-22.72],[-62.04,-22.88],[-61.96,-23.04],[-61.84,-23.1],[-61.74,-23.24],[-61.6,-23.28],[-61.5,-23.42],[-61.3,-23.48],[-61.1,-23.6],[-61.12,-23.66],[-61,-23.8],[-60.84,-23.88],[-60.6,-23.92],[-60.48,-23.98],[-60.32,-24.02],[-60.04,-24],[-59.46,-24.36],[-59.34,-24.48],[-59,-24.64],[-58.8,-24.78],[-58.48,-24.86],[-58.32,-25],[-58.22,-24.94],[-57.96,-25.08],[-57.9,-25.08],[-57.76,-25.18],[-57.64,-25.38],[-57.56,-25.46],[-57.62,-25.62],[-57.76,-25.68],[-57.88,-25.88],[-57.88,-26.02],[-58.08,-26.12],[-58.16,-26.28],[-58.2,-26.4],[-58.24,-26.76],[-58.46,-26.92],[-58.52,-27.06],[-58.66,-27.16],[-58.6,-27.24],[-58.52,-27.28],[-58.24,-27.26],[-58.02,-27.26],[-57.7,-27.34],[-57.54,-27.4],[-57.34,-27.4],[-57.18,-27.48],[-57.08,-27.48],[-56.9,-27.42],[-56.78,-27.5],[-56.54,-27.46],[-56.46,-27.56],[-56.36,-27.58],[-56.28,-27.38],[-56.12,-27.3],[-55.92,-27.32],[-55.76,-27.44],[-55.6,-27.32],[-55.6,-27.18],[-55.46,-27.1],[-55.42,-26.98],[-55.28,-26.94],[-55.14,-26.96],[-55.12,-26.86],[-54.98,-26.78],[-54.9,-26.66],[-54.8,-26.64],[-54.78,-26.52],[-54.7,-26.44],[-54.64,-26.2],[-54.66,-25.98],[-54.6,-25.94],[-54.58,-25.82],[-54.64,-25.68],[-54.6,-25.58],[-54.6,-25.44],[-54.42,-25.14],[-54.46,-25.04],[-54.4,-24.82],[-54.32,-24.62],[-54.34,-24.52],[-54.26,-24.32],[-54.34,-24.14],[-54.24,-24.06],[-54.42,-23.92],[-54.62,-23.82],[-54.82,-23.88],[-54.94,-23.96],[-55.2,-24.02],[-55.4,-23.98],[-55.44,-23.92],[-55.44,-23.74],[-55.54,-23.6],[-55.56,-23.34],[-55.54,-23.22],[-55.64,-23],[-55.66,-22.82],[-55.64,-22.62],[-55.74,-22.54],[-55.76,-22.42],[-55.9,-22.3],[-56.2,-22.28],[-56.32,-22.2],[-56.42,-22.08],[-56.52,-22.1],[-56.66,-22.24],[-56.8,-22.24],[-56.84,-22.28],[-57.22,-22.18],[-57.38,-22.22],[-57.62,-22.18],[-57.66,-22.1],[-57.84,-22.14],[-57.94,-22.12],[-57.98,-22.04],[-57.92,-21.9],[-57.96,-21.86],[-57.9,-21.68],[-57.94,-21.62],[-57.92,-21.46],[-57.86,-21.34],[-57.82,-21],[-57.9,-20.88],[-57.86,-20.74],[-58,-20.62],[-57.98,-20.44],[-58.08,-20.38],[-58.16,-20.16],[-58.14,-19.96],[-58.18,-19.82],[-59.08,-19.28],[-60,-19.3],[-60.84,-19.46],[-61.76,-19.66],[-61.94,-20.1],[-62.28,-20.58],[-62.28,-21.06],[-62.66,-22.24]]]},"properties":{"ADMIN":"Paraguay","ADM0_A3":"PRY"}},
{"type":"Feature","geometry":{"type":"Polygon","coordinates":[[[-57.64,-30.2],[-57.6,-30.2],[-57.62,-30.18],[-57.64,-30.2]]]},"properties":{"ADMIN":"Brazilian Island","ADM0_A3":"BRI"}},
{"type":"Feature","geometry":{"type":"MultiPolygon","coordinates":[[[[-8.76,41.96],[-8.86,41.86],[-8.88,41.74],[-8.78,41.46],[-8.74,41.24],[-8.66,41.14],[-8.66,41],[-8.7,40.78],[-8.64,40.7],[-8.76,40.58],[-8.86,40.28],[-8.86,40.12],[-9.08,39.68],[-9.1,39.58],[-9.24,39.42],[-9.36,39.36],[-9.36,39.2],[-9.44,39.02],[-9.42,38.94],[-9.5,38.82],[-9.5,38.7],[-9.32,38.68],[-9.12,38.72],[-9.1,38.82],[-9.02,38.92],[-8.94,38.78],[-9.06,38.7],[-9.26,38.66],[-9.18,38.56],[-9.2,38.42],[-9.04,38.44],[-8.9,38.52],[-8.8,38.36],[-8.78,38.18],[-8.86,37.98],[-8.8,37.84],[-8.82,37.6],[-8.8,37.48],[-8.88,37.24],[-8.98,37.06],[-8.88,37.04],[-8.62,37.12],[-8.44,37.08],[-8.18,37.08],[-7.98,37],[-7.78,37.02],[-7.52,37.18],[-7.42,37.2],[-7.48,37.5],[-7.52,37.56],[-7.42,37.76],[-7.34,37.82],[-7.26,37.94],[-7.12,38.04],[-7.02,38.02],[-6.94,38.2],[-7.12,38.2],[-7.16,38.28],[-7.36,38.44],[-7.28,38.74],[-7.06,38.86],[-6.98,39.02],[-7.04,39.1],[-7.16,39.12],[-7.32,39.34],[-7.32,39.46],[-7.52,39.6],[-7.56,39.68],[-7.34,39.68],[-7.04,39.68],[-6.92,39.88],[-6.88,40],[-7.04,40.18],[-6.9,40.26],[-6.8,40.36],[-6.86,40.44],[-6.82,40.64],[-6.84,40.84],[-6.94,41.02],[-6.82,41.06],[-6.64,41.26],[-6.5,41.3],[-6.32,41.42],[-6.2,41.58],[-6.36,41.66],[-6.56,41.68],[-6.52,41.86],[-6.66,41.94],[-7.14,41.98],[-7.26,41.86],[-7.58,41.82],[-7.72,41.9],[-8.04,41.82],[-8.18,41.82],[-8.24,41.88],[-8.1,42.02],[-8.22,42.16],[-8.34,42.1],[-8.62,42.06],[-8.76,41.96]]],[[[-16.78,32.68],[-16.74,32.74],[-16.92,32.84],[-17.06,32.82],[-17.2,32.86],[-17.26,32.82],[-17.14,32.7],[-16.98,32.64],[-16.78,32.68]]],[[[-25.2,37.86],[-25.46,37.82],[-25.68,37.84],[-25.7,37.74],[-25.5,37.7],[-25.2,37.74],[-25.2,37.86]]],[[[-28.1,38.44],[-28.38,38.56],[-28.48,38.56],[-28.54,38.48],[-28.46,38.4],[-28.24,38.38],[-28.1,38.44]]],[[[-28.6,38.6],[-28.72,38.64],[-28.84,38.6],[-28.74,38.52],[-28.6,38.6]]],[[[-27.02,38.7],[-27.14,38.8],[-27.3,38.8],[-27.4,38.76],[-27.32,38.66],[-27.06,38.64],[-27.02,38.7]]]]},"properties":{"ADMIN":"Portugal","ADM0_A3":"PRT"}},
{"type":"Feature","geometry":{"type":"Polygon","coordinates":[[[26.62,48.26],[26.8,48.26],[27.04,48.12],[27.06,48.06],[27.22,47.88],[27.28,47.72],[27.56,47.46],[27.58,47.38],[27.72,47.28],[27.8,47.14],[28.04,47.02],[28.24,46.66],[28.24,46.42],[28.08,46],[28.16,45.76],[28.14,45.56],[28.2,45.46],[28.28,45.52],[28.48,45.5],[28.54,45.58],[28.48,45.66],[28.58,45.76],[28.74,45.84],[28.76,45.96],[28.94,46],[29.02,46.18],[28.94,46.26],[28.94,46.46],[29.16,46.54],[29.2,46.36],[29.48,46.44],[29.6,46.36],[29.72,46.46],[29.84,46.34],[30.08,46.38],[30,46.5],[29.92,46.52],[29.96,46.72],[29.84,46.86],[29.56,46.94],[29.6,47.04],[29.54,47.12],[29.56,47.32],[29.36,47.36],[29.12,47.54],[29.24,47.76],[29.12,47.98],[28.96,47.94],[28.84,48.02],[28.8,48.12],[28.44,48.14],[28.3,48.24],[28.2,48.22],[28.06,48.32],[27.92,48.34],[27.76,48.46],[27.5,48.48],[27.18,48.36],[26.84,48.4],[26.62,48.26]]]},"properties":{"ADMIN":"Moldova","ADM0_A3":"MDA"}},
{"type":"Feature","geometry":{"type":"Polygon","coordinates":[[[55.98,41.32],[55.88,41.32],[55.64,41.26],[55.42,41.3],[55.36,41.38],[55.22,41.48],[54.96,41.8],[54.9,41.94],[54.74,42.04],[54.2,42.32],[54.04,42.34],[53.42,42.26],[52.98,42.12],[52.76,42],[52.44,41.74],[52.6,41.64],[52.56,41.52],[52.82,41.38],[52.9,41.56],[52.9,41.68],[52.82,41.76],[52.96,41.98],[53.12,42.08],[53.3,42.08],[53.68,42.14],[53.9,42.08],[53.94,41.88],[54.02,41.74],[54.04,41.54],[54.08,41.48],[54.32,41.34],[54.6,41.2],[54.76,40.96],[54.64,40.84],[54.48,40.8],[54.36,40.92],[54.28,40.9],[54.32,40.74],[54.18,40.72],[54.02,40.66],[53.72,40.62],[53.72,40.68],[53.58,40.9],[53.54,40.76],[53.1,40.78],[52.96,41.02],[52.82,40.72],[52.86,40.66],[52.74,40.48],[52.7,40.28],[52.76,40.16],[52.74,40.06],[52.88,39.94],[53.18,40],[53.3,39.94],[53.44,40],[53.56,39.94],[53.42,39.76],[53.54,39.64],[53.72,39.54],[53.58,39.46],[53.36,39.54],[53.18,39.52],[53.08,39.38],[53.4,39.32],[53.58,39.34],[53.56,39.24],[53.68,39.2],[53.74,39.06],[53.88,39.02],[53.98,38.9],[53.86,38.68],[53.82,38.52],[53.86,38.38],[53.86,38.2],[53.8,38.04],[53.82,37.74],[53.92,37.34],[54.18,37.32],[54.36,37.36],[54.54,37.44],[54.62,37.44],[54.78,37.52],[54.78,37.66],[54.86,37.76],[55,37.84],[55.14,37.96],[55.42,38.08],[55.7,38.12],[55.98,38.06],[56.3,38.08],[56.3,38.16],[56.44,38.26],[56.58,38.24],[56.74,38.26],[56.82,38.22],[57.04,38.18],[57.22,38.26],[57.34,38.08],[57.36,37.96],[57.5,37.92],[57.7,37.92],[58.18,37.78],[58.2,37.68],[58.38,37.64],[58.52,37.7],[58.7,37.64],[58.86,37.66],[59.04,37.62],[59.22,37.52],[59.36,37.5],[59.38,37.32],[59.5,37.18],[59.8,37.12],[60.02,37.02],[60.34,36.64],[61.08,36.64],[61.18,36.58],[61.16,36.4],[61.22,36.12],[61.18,36],[61.24,35.88],[61.24,35.68],[61.26,35.62],[61.54,35.46],[61.8,35.42],[61.92,35.46],[62.04,35.42],[62.22,35.3],[62.3,35.14],[62.4,35.26],[62.62,35.22],[62.92,35.38],[63.08,35.44],[63.08,35.62],[63.18,35.72],[63.12,35.86],[63.34,35.86],[63.52,35.9],[63.6,35.96],[63.76,35.98],[64.04,36.08],[64.12,36.14],[64.26,36.16],[64.44,36.24],[64.6,36.46],[64.6,36.62],[64.78,36.94],[64.76,37.1],[64.8,37.14],[65.06,37.24],[65.5,37.24],[65.62,37.34],[65.66,37.52],[65.8,37.56],[65.86,37.5],[66.08,37.44],[66.3,37.34],[66.46,37.32],[66.52,37.36],[66.5,37.52],[66.52,37.78],[66.64,37.94],[66.56,38.02],[66.3,38.08],[66.24,38.14],[65.88,38.28],[65.74,38.22],[65.6,38.24],[65.2,38.44],[64.98,38.62],[64.64,38.74],[64.42,38.88],[64.34,38.98],[64.12,38.96],[63.7,39.2],[63.48,39.4],[62.6,39.9],[62.46,40],[62.44,40.18],[62.36,40.44],[62.2,40.5],[62.04,40.72],[61.98,41.02],[61.88,41.12],[61.66,41.24],[61.48,41.3],[61.28,41.16],[61.1,41.22],[60.98,41.2],[60.86,41.26],[60.54,41.22],[60.42,41.24],[60.1,41.38],[60.08,41.52],[60.16,41.6],[60.04,41.76],[60.24,41.8],[60.08,41.92],[59.98,41.94],[59.98,42.1],[60.02,42.2],[59.86,42.3],[59.48,42.28],[59.24,42.36],[59.2,42.48],[59.12,42.54],[58.9,42.54],[58.62,42.78],[58.5,42.64],[58.28,42.68],[58.14,42.6],[58.3,42.52],[58.22,42.46],[58,42.5],[57.86,42.2],[57.62,42.14],[57.38,42.16],[57.2,42.08],[57.12,41.96],[56.96,41.86],[56.96,41.64],[57.02,41.46],[57.16,41.38],[57.02,41.26],[56.8,41.28],[55.98,41.32]]]},"properties":{"ADMIN":"Turkmenistan","ADM0_A3":"TKM"}},
{"type":"Feature","geometry":{"type":"Polygon","coordinates":[[[35.56,32.38],[35.58,32.24],[35.52,32.06],[35.56,31.76],[35.48,31.64],[35.46,31.5],[35.4,31.26],[35.44,31.1],[35.38,30.96],[35.2,30.62],[35.14,30.44],[35.14,30.16],[35.08,30.04],[35.04,29.84],[34.96,29.56],[35,29.54],[34.94,29.36],[36.02,29.18],[36.06,29.2],[36.48,29.5],[36.7,29.84],[36.76,29.86],[37.48,30],[37.64,30.32],[37.98,30.5],[37.48,31],[36.96,31.5],[38.4,31.86],[38.96,32],[39.14,32.12],[39.3,32.24],[39.24,32.36],[39.04,32.3],[38.98,32.48],[39.06,32.5],[38.78,33.38],[38.06,33],[36.82,32.32],[36.38,32.38],[36.18,32.52],[36.06,32.52],[35.9,32.72],[35.74,32.74],[35.62,32.68],[35.56,32.64],[35.56,32.38]]]},"properties":{"ADMIN":"Jordan","ADM0_A3":"JOR"}},
{"type":"Feature","geometry":{"type":"Polygon","coordinates":[[[88.12,27.86],[87.82,27.9],[87.76,27.82],[87.54,27.84],[87.38,27.8],[87.16,27.82],[87.04,27.94],[86.9,27.96],[86.76,28.02],[86.66,28.1],[86.54,28.1],[86.5,27.94],[86.44,27.92],[86.2,28],[86.16,28.16],[86.06,28.08],[86.12,27.92],[85.98,27.88],[85.84,28.16],[85.76,28.2],[85.68,28.3],[85.62,28.26],[85.44,28.3],[85.26,28.26],[85.08,28.32],[85.08,28.44],[85.16,28.58],[85.06,28.64],[84.92,28.54],[84.8,28.54],[84.68,28.6],[84.6,28.7],[84.46,28.74],[84.36,28.86],[84.24,28.9],[84.24,29.02],[84.14,29.14],[84.1,29.24],[83.94,29.3],[83.72,29.24],[83.66,29.16],[83.52,29.2],[83.32,29.48],[83.16,29.62],[83.04,29.62],[82.9,29.68],[82.84,29.66],[82.54,29.92],[82.4,30],[82.14,30.06],[82.16,30.18],[82.1,30.22],[82.08,30.34],[81.78,30.36],[81.6,30.42],[81.48,30.34],[81.38,30.38],[81.36,30.18],[81.28,30.14],[81.2,30],[81.1,30.02],[81,30.2],[80.84,30.18],[80.82,30.12],[80.66,29.98],[80.58,29.94],[80.48,29.8],[80.36,29.76],[80.38,29.6],[80.22,29.42],[80.28,29.26],[80.24,29.14],[80.14,29.12],[80.04,28.84],[80.24,28.74],[80.34,28.62],[80.5,28.68],[80.64,28.62],[80.78,28.52],[81,28.4],[81.14,28.38],[81.3,28.12],[81.4,28.16],[81.46,28.08],[81.68,27.96],[81.86,27.86],[81.98,27.92],[82.06,27.9],[82.4,27.68],[82.66,27.7],[82.76,27.5],[83.02,27.44],[83.14,27.44],[83.3,27.34],[83.36,27.46],[83.6,27.46],[83.84,27.36],[83.84,27.44],[84.02,27.46],[84.08,27.5],[84.28,27.38],[84.58,27.32],[84.66,27.2],[84.64,27.02],[84.8,27.02],[84.92,26.96],[85.04,26.84],[85.16,26.86],[85.2,26.76],[85.28,26.74],[85.6,26.86],[85.68,26.82],[85.72,26.66],[85.82,26.58],[86.02,26.66],[86.2,26.58],[86.28,26.62],[86.72,26.42],[86.8,26.44],[87.04,26.58],[87.08,26.44],[87.32,26.36],[87.38,26.42],[87.58,26.38],[87.76,26.46],[87.88,26.46],[88,26.36],[88.08,26.46],[88.16,26.74],[88.16,26.84],[88.08,27],[87.98,27.1],[88.04,27.32],[88.02,27.5],[88.16,27.78],[88.12,27.86]]]},"properties":{"ADMIN":"Nepal","ADM0_A3":"NPL"}},
{"type":"Feature","geometry":{"type":"Polygon","coordinates":[[[28.98,-28.9],[28.88,-28.8],[28.7,-28.68],[28.66,-28.6],[28.4,-28.62],[28.32,-28.7],[28.16,-28.7],[28.02,-28.86],[27.86,-28.92],[27.74,-28.9],[27.66,-29.06],[27.46,-29.3],[27.42,-29.4],[27.24,-29.54],[27.02,-29.62],[27.2,-29.98],[27.26,-30.04],[27.36,-30.32],[27.46,-30.32],[27.6,-30.5],[27.74,-30.6],[28.06,-30.64],[28.22,-30.38],[28.22,-30.26],[28.36,-30.16],[28.52,-30.12],[28.64,-30.14],[28.86,-30.06],[29.14,-29.92],[29.1,-29.82],[29.16,-29.66],[29.28,-29.62],[29.3,-29.46],[29.38,-29.44],[29.44,-29.34],[29.32,-29.08],[29.2,-29.06],[28.98,-28.9]]]},"properties":{"ADMIN":"Lesotho","ADM0_A3":"LSO"}},
{"type":"Feature","geometry":{"type":"Polygon","coordinates":[[[16.2,2.24],[16.1,2.52],[16.12,2.58],[16.06,2.7],[16.1,2.86],[15.98,2.98],[15.92,3.1],[15.78,3.1],[15.18,3.76],[15.08,3.88],[15.1,4.12],[15.08,4.26],[15,4.4],[14.78,4.54],[14.72,4.62],[14.7,4.82],[14.66,5],[14.66,5.14],[14.62,5.22],[14.52,5.28],[14.6,5.42],[14.62,5.52],[14.6,5.62],[14.64,5.74],[14.58,5.92],[14.48,5.9],[14.4,6.02],[14.54,6.2],[14.72,6.26],[14.94,6.72],[15.04,6.8],[15.22,7.24],[15.44,7.38],[15.48,7.52],[15.54,7.64],[15.56,7.8],[15.44,7.84],[15.34,8.14],[15.18,8.48],[15.04,8.66],[14.84,8.82],[14.8,8.82],[14.34,9.16],[14.32,9.24],[14.04,9.56],[13.94,9.64],[14,9.74],[14.12,9.86],[14.18,9.98],[14.44,10],[14.74,9.92],[14.9,9.96],[15.06,9.94],[15.22,9.98],[15.38,9.94],[15.68,10],[15.54,10.08],[15.3,10.32],[15.22,10.48],[15.14,10.52],[15.14,10.62],[15.06,10.8],[15.08,10.9],[15.04,11],[15.02,11.18],[15.06,11.42],[15.14,11.54],[15.06,11.7],[15.12,11.78],[15.04,11.9],[15.04,12.06],[14.9,12.14],[14.9,12.32],[14.84,12.62],[14.6,12.76],[14.5,12.88],[14.5,12.96],[14.42,13.08],[14.06,13.08],[14.18,12.54],[14.18,12.38],[14.22,12.36],[14.42,12.36],[14.52,12.32],[14.54,12.24],[14.66,12.16],[14.6,12.04],[14.62,11.92],[14.54,11.72],[14.62,11.62],[14.6,11.5],[14.36,11.38],[14.16,11.24],[13.98,11.28],[13.76,11.02],[13.74,10.94],[13.56,10.68],[13.5,10.5],[13.44,10.16],[13.24,10.08],[13.22,9.88],[13.26,9.8],[13.2,9.54],[12.98,9.48],[12.86,9.38],[12.88,9.22],[12.82,9.1],[12.8,8.84],[12.66,8.66],[12.56,8.6],[12.38,8.6],[12.4,8.5],[12.24,8.42],[12.24,8.22],[12.18,8.12],[12.2,7.98],[12.06,7.78],[12,7.68],[12.02,7.6],[11.84,7.4],[11.78,7.24],[11.88,7.1],[11.62,6.94],[11.54,6.82],[11.58,6.76],[11.5,6.62],[11.42,6.58],[11.38,6.48],[11.32,6.44],[11.1,6.44],[11.06,6.7],[11,6.76],[10.88,6.82],[10.84,6.94],[10.6,7.06],[10.5,6.88],[10.24,6.88],[10.12,7],[9.88,6.78],[9.76,6.78],[9.7,6.54],[9.58,6.5],[9.32,6.3],[9.28,6.2],[9.14,6.1],[8.98,5.94],[8.86,5.84],[8.82,5.7],[8.9,5.62],[8.8,5.16],[8.76,5.14],[8.6,4.88],[8.6,4.82],[8.5,4.56],[8.58,4.5],[8.7,4.5],[8.88,4.6],[8.92,4.52],[8.9,4.46],[8.92,4.32],[9,4.22],[8.98,4.1],[9.12,4.02],[9.42,3.9],[9.48,4],[9.58,4.02],[9.66,3.94],[9.58,3.8],[9.62,3.76],[9.64,3.54],[9.78,3.44],[9.9,3.28],[9.96,3.08],[9.88,2.88],[9.88,2.76],[9.82,2.56],[9.8,2.34],[9.82,2.26],[10,2.16],[10.72,2.16],[11.32,2.16],[11.36,2.3],[11.68,2.32],[11.76,2.28],[12.2,2.28],[12.34,2.3],[12.48,2.3],[12.74,2.24],[12.8,2.26],[13.08,2.24],[13.24,2.28],[13.3,2.16],[14.26,2.16],[14.42,2.14],[14.56,2.2],[14.7,2.1],[14.88,2.1],[14.96,2.02],[15.1,1.98],[15.24,2.04],[15.34,1.92],[15.48,1.98],[15.76,1.9],[15.88,1.8],[16.02,1.76],[16.06,1.66],[16.16,1.74],[16.06,1.98],[16.1,2.2],[16.2,2.24]]]},"properties":{"ADMIN":"Cameroon","ADM0_A3":"CMR"}},
{"type":"Feature","geometry":{"type":"Polygon","coordinates":[[[13.3,2.16],[13.24,2.28],[13.08,2.24],[12.8,2.26],[12.74,2.24],[12.48,2.3],[12.34,2.3],[12.2,2.28],[11.76,2.28],[11.68,2.32],[11.36,2.3],[11.32,2.16],[11.34,1.78],[11.34,1],[10.74,1],[10.02,1],[9.9,0.94],[9.8,1],[9.66,1.06],[9.56,0.96],[9.62,0.8],[9.62,0.64],[9.52,0.68],[9.3,0.62],[9.3,0.54],[9.42,0.46],[9.5,0.3],[9.58,0.3],[9.68,0.22],[9.72,0.14],[9.42,0.2],[9.38,0.3],[9.3,0.32],[9.36,0.02],[9.3,-0.2],[9.3,-0.34],[9.26,-0.42],[9.1,-0.6],[9.08,-0.68],[9,-0.8],[8.92,-0.68],[8.8,-0.74],[8.88,-0.98],[9.02,-1.16],[9.04,-1.3],[9.16,-1.4],[9.28,-1.42],[9.3,-1.58],[9.24,-1.78],[9.36,-1.92],[9.36,-2],[9.56,-2.2],[9.6,-2.36],[9.7,-2.38],[9.76,-2.48],[9.82,-2.42],[9.9,-2.48],[10.14,-2.52],[10.04,-2.62],[9.84,-2.5],[9.72,-2.48],[9.9,-2.7],[10.46,-3.14],[10.64,-3.32],[10.64,-3.46],[10.8,-3.56],[10.98,-3.72],[11.02,-3.86],[11.12,-3.94],[11.22,-3.7],[11.42,-3.58],[11.48,-3.5],[11.56,-3.54],[11.64,-3.68],[11.82,-3.72],[11.9,-3.62],[11.82,-3.54],[11.94,-3.3],[11.68,-3.18],[11.7,-3.04],[11.76,-2.98],[11.64,-2.84],[11.54,-2.8],[11.62,-2.68],[11.56,-2.34],[11.66,-2.36],[11.76,-2.42],[11.94,-2.32],[12.06,-2.42],[12.46,-2.32],[12.48,-2.16],[12.42,-1.9],[12.5,-1.92],[12.58,-1.82],[12.68,-1.84],[12.8,-1.92],[12.88,-2.06],[13.02,-2.28],[13.36,-2.42],[13.44,-2.42],[13.6,-2.32],[13.78,-2.12],[13.86,-2.32],[13.88,-2.48],[14.08,-2.5],[14.14,-2.4],[14.22,-2.32],[14.16,-2.26],[14.24,-2.12],[14.26,-1.96],[14.38,-1.92],[14.4,-1.68],[14.38,-1.6],[14.48,-1.38],[14.44,-1.36],[14.46,-1.22],[14.4,-1.02],[14.46,-0.86],[14.46,-0.76],[14.5,-0.64],[14.46,-0.56],[14.3,-0.44],[14.16,-0.46],[14.12,-0.3],[14.06,-0.26],[13.84,-0.2],[13.92,-0.06],[13.88,0.2],[13.94,0.36],[14.04,0.42],[14.08,0.54],[14.24,0.54],[14.32,0.62],[14.34,0.7],[14.44,0.82],[14.46,0.92],[14.4,0.98],[14.28,1.16],[14.26,1.34],[14.18,1.38],[14.04,1.38],[13.98,1.42],[13.8,1.44],[13.76,1.38],[13.64,1.36],[13.54,1.28],[13.42,1.3],[13.26,1.22],[13.24,1.42],[13.12,1.6],[13.2,1.84],[13.2,2],[13.28,2.04],[13.3,2.16]]]},"properties":{"ADMIN":"Gabon","ADM0_A3":"GAB"}},
{"type":"Feature","geometry":{"type":"Polygon","coordinates":[[[11.96,23.52],[11.08,23],[10.4,22.6],[9.72,22.2],[8.64,21.56],[7.48,20.88],[7.02,20.5],[6.6,20.14],[5.84,19.48],[5.74,19.44],[5.08,19.3],[4.22,19.14],[4.24,18.16],[4.24,17],[4.18,16.8],[4.18,16.42],[4.06,16.3],[3.98,16.08],[3.98,15.98],[3.9,15.88],[3.88,15.72],[3.7,15.64],[3.52,15.5],[3.5,15.36],[3.08,15.42],[3,15.34],[2.08,15.3],[1.34,15.28],[1.28,15.26],[0.98,15],[0.68,14.94],[0.52,15],[0.36,14.96],[0.22,15],[0.22,14.92],[0.18,14.82],[0.22,14.74],[0.16,14.54],[0.18,14.44],[0.38,14.26],[0.34,14.12],[0.36,14.04],[0.5,13.84],[0.6,13.76],[0.62,13.68],[0.76,13.68],[0.8,13.62],[0.96,13.58],[1.04,13.44],[1.18,13.36],[1.16,13.32],[0.98,13.36],[0.98,13.06],[1.12,13],[1.54,12.64],[1.82,12.6],[1.98,12.72],[2.1,12.7],[2.2,12.58],[2.24,12.42],[2.06,12.38],[2.08,12.3],[2.34,11.94],[2.4,11.9],[2.46,12],[2.4,12.04],[2.36,12.22],[2.48,12.28],[2.62,12.3],[2.84,12.4],[2.94,12.3],[3.26,12.02],[3.3,11.92],[3.5,11.82],[3.6,11.7],[3.66,11.76],[3.6,11.9],[3.66,11.98],[3.62,12.1],[3.66,12.26],[3.64,12.52],[3.92,12.76],[4.08,13],[4.12,13.24],[4.12,13.48],[4.24,13.5],[4.4,13.64],[4.5,13.7],[4.86,13.78],[4.92,13.74],[5.28,13.76],[5.38,13.86],[5.56,13.88],[6.12,13.66],[6.22,13.68],[6.36,13.62],[6.68,13.32],[6.78,13.14],[6.9,13],[7.1,13],[7.2,13.12],[7.4,13.12],[7.76,13.32],[7.82,13.34],[8.08,13.32],[8.24,13.22],[8.4,13.08],[8.54,13.06],[8.68,12.92],[8.94,12.84],[9.26,12.8],[9.38,12.82],[9.6,12.8],[9.64,12.82],[9.94,13.14],[10.16,13.26],[10.68,13.38],[10.96,13.36],[11.44,13.36],[11.74,13.28],[11.86,13.24],[12.06,13.12],[12.2,13.12],[12.28,13.08],[12.48,13.06],[12.56,13.24],[12.68,13.28],[12.88,13.5],[13.06,13.54],[13.22,13.54],[13.26,13.64],[13.36,13.72],[13.6,13.7],[13.44,14.38],[13.48,14.48],[13.62,14.52],[13.64,14.64],[13.76,14.72],[13.76,14.86],[13.84,15.02],[14.36,15.74],[15.02,16.44],[15.46,16.88],[15.48,16.92],[15.52,17.44],[15.6,18.26],[15.66,18.94],[15.74,19.9],[15.96,20.32],[15.96,20.38],[15.54,20.8],[15.54,20.9],[15.6,20.96],[15.3,21.4],[15.18,21.5],[15.18,22],[14.98,23],[14.24,22.62],[14.2,22.62],[13.6,23.12],[13.48,23.18],[12.86,23.32],[11.96,23.52]]]},"properties":{"ADMIN":"Niger","ADM0_A3":"NER"}},
{"type":"Feature","geometry":{"type":"Polygon","coordinates":[[[-2.68,9.48],[-2.76,9.56],[-2.8,9.72],[-2.74,9.84],[-2.84,10.3],[-2.82,10.4],[-2.94,10.64],[-2.86,10.86],[-2.76,10.98],[-1.6,11],[-1.56,11.02],[-1.36,11],[-0.52,10.98],[-0.4,11.1],[-0.16,11.14],[0.48,11],[0.48,10.94],[0.68,10.98],[0.9,11],[0.98,11.08],[1.04,11.04],[1.14,11.24],[1.26,11.24],[1.44,11.46],[1.56,11.46],[1.6,11.38],[1.88,11.44],[2.02,11.42],[2.3,11.68],[2.4,11.9],[2.34,11.94],[2.08,12.3],[2.06,12.38],[2.24,12.42],[2.2,12.58],[2.1,12.7],[1.98,12.72],[1.82,12.6],[1.54,12.64],[1.12,13],[0.98,13.06],[0.98,13.36],[1.16,13.32],[1.18,13.36],[1.04,13.44],[0.96,13.58],[0.8,13.62],[0.76,13.68],[0.62,13.68],[0.6,13.76],[0.5,13.84],[0.36,14.04],[0.34,14.12],[0.38,14.26],[0.18,14.44],[0.16,14.54],[0.22,14.74],[0.18,14.82],[0.22,14.92],[-0.24,15.06],[-0.4,15],[-0.46,15.08],[-0.76,15.06],[-1.04,14.82],[-1.36,14.72],[-1.7,14.5],[-1.96,14.48],[-2,14.44],[-2.02,14.2],[-2.16,14.16],[-2.46,14.28],[-2.6,14.22],[-2.7,14.12],[-2.84,14.04],[-2.92,13.8],[-2.9,13.66],[-3.06,13.6],[-3.12,13.68],[-3.26,13.66],[-3.28,13.54],[-3.24,13.3],[-3.42,13.28],[-3.46,13.16],[-3.6,13.2],[-3.8,13.34],[-3.98,13.4],[-4.1,13.38],[-4.14,13.3],[-4.32,13.16],[-4.36,13.12],[-4.22,12.94],[-4.22,12.82],[-4.3,12.72],[-4.4,12.74],[-4.48,12.64],[-4.38,12.54],[-4.46,12.44],[-4.4,12.3],[-4.58,12.2],[-4.66,12.06],[-4.8,12],[-4.96,12],[-5.16,11.94],[-5.26,11.84],[-5.3,11.62],[-5.24,11.58],[-5.22,11.42],[-5.32,11.14],[-5.48,11.08],[-5.5,11],[-5.44,10.84],[-5.48,10.68],[-5.46,10.58],[-5.52,10.42],[-5.4,10.3],[-5.22,10.32],[-5.12,10.28],[-5.04,10.08],[-4.98,10.06],[-4.96,9.9],[-4.84,9.86],[-4.7,9.7],[-4.6,9.72],[-4.5,9.66],[-4.32,9.6],[-4.28,9.74],[-4.14,9.82],[-4.06,9.8],[-3.88,9.9],[-3.66,9.94],[-3.6,9.92],[-3.38,9.92],[-3.28,9.84],[-3.14,9.82],[-3.1,9.74],[-2.98,9.7],[-2.92,9.54],[-2.76,9.4],[-2.68,9.48]]]},"properties":{"ADMIN":"Burkina Faso","ADM0_A3":"BFA"}},
{"type":"Feature","geometry":{"type":"Polygon","coordinates":[[[0.9,11],[0.68,10.98],[0.48,10.94],[0.48,11],[-0.16,11.14],[0.02,11.06],[-0.04,10.82],[-0.08,10.76],[-0.08,10.64],[0.02,10.58],[0.12,10.5],[0.18,10.4],[0.28,10.4],[0.36,10.3],[0.34,10.02],[0.38,9.94],[0.32,9.76],[0.36,9.58],[0.24,9.58],[0.24,9.42],[0.44,9.48],[0.54,9.38],[0.5,9.18],[0.44,9.02],[0.5,8.86],[0.48,8.8],[0.36,8.78],[0.44,8.6],[0.62,8.48],[0.7,8.28],[0.58,8.2],[0.62,7.7],[0.5,7.56],[0.5,7.46],[0.64,7.32],[0.6,7.16],[0.6,7.04],[0.5,6.98],[0.52,6.84],[0.64,6.72],[0.62,6.64],[0.72,6.58],[0.76,6.42],[0.9,6.32],[1.18,6.1],[1.42,6.18],[1.62,6.22],[1.78,6.28],[1.74,6.42],[1.56,6.68],[1.6,6.74],[1.58,6.88],[1.62,7],[1.62,8],[1.62,8.28],[1.6,8.42],[1.6,9.04],[1.56,9.14],[1.42,9.28],[1.36,9.6],[1.34,10],[0.76,10.36],[0.78,10.7],[0.86,10.8],[0.9,11]]]},"properties":{"ADMIN":"Togo","ADM0_A3":"TGO"}},
{"type":"Feature","geometry":{"type":"Polygon","coordinates":[[[-2.84,5.14],[-2.98,5.08],[-3.12,5.1],[-2.96,5.04],[-2.7,5.02],[-2.36,4.92],[-2.1,4.74],[-1.98,4.76],[-1.92,4.82],[-1.74,4.88],[-1.56,5.02],[-1.32,5.1],[-1.24,5.1],[-1.04,5.2],[-0.8,5.22],[-0.64,5.34],[-0.5,5.36],[-0.38,5.5],[0.04,5.62],[0.16,5.72],[0.32,5.78],[0.72,5.76],[0.92,5.78],[1,5.84],[1.02,5.92],[1.1,6.04],[1.18,6.1],[0.9,6.32],[0.76,6.42],[0.72,6.58],[0.62,6.64],[0.64,6.72],[0.52,6.84],[0.5,6.98],[0.6,7.04],[0.6,7.16],[0.64,7.32],[0.5,7.46],[0.5,7.56],[0.62,7.7],[0.58,8.2],[0.7,8.28],[0.62,8.48],[0.44,8.6],[0.36,8.78],[0.48,8.8],[0.5,8.86],[0.44,9.02],[0.5,9.18],[0.54,9.38],[0.44,9.48],[0.24,9.42],[0.24,9.58],[0.36,9.58],[0.32,9.76],[0.38,9.94],[0.34,10.02],[0.36,10.3],[0.28,10.4],[0.18,10.4],[0.12,10.5],[0.02,10.58],[-0.08,10.64],[-0.08,10.76],[-0.04,10.82],[0.02,11.06],[-0.16,11.14],[-0.4,11.1],[-0.52,10.98],[-1.36,11],[-1.56,11.02],[-1.6,11],[-2.76,10.98],[-2.86,10.86],[-2.94,10.64],[-2.82,10.4],[-2.84,10.3],[-2.74,9.84],[-2.8,9.72],[-2.76,9.56],[-2.68,9.48],[-2.66,9.28],[-2.76,9.14],[-2.78,9.06],[-2.66,9.02],[-2.62,8.92],[-2.5,8.2],[-2.62,8.12],[-2.62,8.04],[-2.7,8],[-2.84,7.82],[-2.94,7.58],[-3,7.28],[-2.98,7.2],[-3.04,7.08],[-3.1,7.04],[-3.22,6.84],[-3.22,6.72],[-3.26,6.62],[-3.18,6.26],[-3.12,6.16],[-3.08,6],[-3.02,5.82],[-3.02,5.7],[-2.96,5.62],[-2.88,5.64],[-2.78,5.58],[-2.74,5.36],[-2.78,5.34],[-2.78,5.16],[-2.84,5.14]]]},"properties":{"ADMIN":"Ghana","ADM0_A3":"GHA"}},
{"type":"Feature","geometry":{"type":"MultiPolygon","coordinates":[[[[-13.72,12.68],[-14.44,12.68],[-15.2,12.68],[-15.42,12.56],[-15.68,12.44],[-15.98,12.44],[-16.1,12.46],[-16.24,12.46],[-16.38,12.38],[-16.72,12.34],[-16.66,12.34],[-16.48,12.18],[-16.36,12.2],[-16.34,12],[-16.14,11.88],[-15.98,11.92],[-15.92,11.9],[-15.96,11.76],[-15.84,11.74],[-15.58,11.86],[-15.5,11.94],[-15.44,11.88],[-15.56,11.74],[-15.4,11.54],[-15.5,11.36],[-15.42,11.34],[-15.4,11.18],[-15.36,11.14],[-15.2,11.12],[-15.12,10.98],[-15.02,10.96],[-14.96,11.04],[-14.86,11.22],[-14.82,11.34],[-14.68,11.52],[-14.52,11.52],[-14.28,11.66],[-14.02,11.64],[-13.88,11.7],[-13.72,11.7],[-13.72,12],[-13.96,12.14],[-13.94,12.22],[-13.84,12.28],[-13.72,12.26],[-13.66,12.48],[-13.72,12.56],[-13.72,12.68]]],[[[-16.04,11.12],[-16.16,11.14],[-16.18,11.04],[-16.08,11.04],[-16.04,11.12]]],[[[-16.02,11.52],[-16.04,11.42],[-15.9,11.46],[-15.9,11.58],[-16.02,11.52]]],[[[-16.16,11.88],[-16.16,11.8],[-16.02,11.76],[-16,11.9],[-16.16,11.88]]]]},"properties":{"ADMIN":"Guinea-Bissau","ADM0_A3":"GNB"}},
{"type":"Feature","geometry":{"type":"Polygon","coordinates":[[[-5.36,36.14],[-5.36,36.12],[-5.34,36.12],[-5.34,36.14],[-5.36,36.14]]]},"properties":{"ADMIN":"Gibraltar","ADM0_A3":"GIB"}},
{"type":"Feature","geometry":{"type":"MultiPolygon","coordinates":[[[[-122.76,49],[-122.78,48.88],[-122.64,48.76],[-122.52,48.76],[-122.44,48.58],[-122.54,48.38],[-122.4,48.3],[-122.36,48.12],[-122.2,48.02],[-122.32,47.94],[-122.4,47.78],[-122.42,47.64],[-122.32,47.38],[-122.72,47.08],[-122.8,47.2],[-122.58,47.34],[-122.5,47.52],[-122.62,47.7],[-122.46,47.76],[-122.58,47.9],[-122.76,47.66],[-122.94,47.6],[-122.84,47.78],[-122.74,47.8],[-122.68,47.94],[-122.8,48.08],[-123,48.1],[-123.12,48.14],[-123.24,48.12],[-123.58,48.14],[-123.7,48.16],[-124.06,48.18],[-124.22,48.26],[-124.4,48.3],[-124.58,48.38],[-124.66,48.32],[-124.74,48.18],[-124.64,47.9],[-124.42,47.74],[-124.36,47.54],[-124.32,47.36],[-124.22,47.22],[-124.18,47.04],[-124.02,46.98],[-124.1,46.74],[-123.92,46.72],[-123.9,46.44],[-124.06,46.36],[-123.92,46.26],[-123.7,46.3],[-123.62,46.18],[-123.86,46.16],[-123.94,46.08],[-123.98,45.76],[-123.92,45.66],[-123.98,45.46],[-123.98,45.16],[-124.06,44.82],[-124.06,44.6],[-124.16,43.88],[-124.28,43.42],[-124.38,43.34],[-124.44,43.02],[-124.54,42.84],[-124.52,42.74],[-124.42,42.66],[-124.4,42.56],[-124.44,42.32],[-124.36,42.12],[-124.22,42],[-124.22,41.86],[-124.16,41.74],[-124.06,41.44],[-124.12,41.18],[-124.12,41.02],[-124.22,40.7],[-124.28,40.7],[-124.4,40.44],[-124.36,40.26],[-124.12,40.1],[-123.86,39.84],[-123.76,39.54],[-123.82,39.34],[-123.68,39.02],[-123.72,38.96],[-123.64,38.84],[-123.44,38.68],[-123.26,38.52],[-123.12,38.44],[-122.98,38.26],[-122.92,38.04],[-122.82,38],[-122.52,37.82],[-122.48,38.1],[-122.4,38.16],[-122.22,38.06],[-122.4,37.98],[-122.14,37.58],[-122.36,37.6],[-122.42,37.82],[-122.52,37.78],[-122.52,37.54],[-122.4,37.36],[-122.4,37.2],[-122.16,36.98],[-121.94,36.98],[-121.78,36.8],[-121.82,36.68],[-121.94,36.5],[-121.9,36.32],[-121.64,36.12],[-121.48,35.98],[-121.46,35.88],[-121.34,35.78],[-121.26,35.66],[-121.16,35.64],[-121,35.46],[-120.88,35.4],[-120.9,35.24],[-120.8,35.18],[-120.64,35.14],[-120.68,34.9],[-120.62,34.86],[-120.6,34.7],[-120.64,34.58],[-120.5,34.52],[-120.48,34.46],[-120.14,34.48],[-119.88,34.4],[-119.62,34.42],[-119.46,34.36],[-119.26,34.26],[-119.22,34.14],[-118.94,34.04],[-118.78,34.02],[-118.54,34.04],[-118.44,33.94],[-118.4,33.84],[-118.42,33.74],[-118.26,33.76],[-118.1,33.74],[-117.98,33.64],[-117.78,33.52],[-117.5,33.34],[-117.32,33.1],[-117.26,32.88],[-117.26,32.7],[-117.16,32.66],[-117.12,32.54],[-115.8,32.64],[-114.72,32.72],[-114.82,32.5],[-113.96,32.24],[-113.14,31.98],[-112.32,31.72],[-111.06,31.34],[-111,31.32],[-109.96,31.32],[-109.24,31.32],[-108.22,31.32],[-108.22,31.78],[-107.16,31.78],[-106.52,31.78],[-106.36,31.72],[-106.28,31.58],[-106.16,31.44],[-106,31.4],[-105.76,31.18],[-105.6,31.08],[-105.56,31],[-105.36,30.86],[-105.22,30.82],[-105,30.68],[-104.88,30.56],[-104.86,30.44],[-104.68,30.2],[-104.68,29.94],[-104.58,29.78],[-104.54,29.66],[-104.34,29.54],[-104.26,29.52],[-104.06,29.34],[-103.8,29.28],[-103.68,29.18],[-103.54,29.14],[-103.48,29.08],[-103.3,29],[-103.14,28.98],[-102.98,29.18],[-102.9,29.22],[-102.88,29.34],[-102.78,29.6],[-102.68,29.74],[-102.52,29.78],[-102.4,29.78],[-102.3,29.88],[-102.1,29.8],[-101.98,29.82],[-101.64,29.78],[-101.4,29.76],[-101.36,29.68],[-101.22,29.62],[-101.16,29.5],[-101.04,29.46],[-101.02,29.4],[-100.82,29.28],[-100.76,29.18],[-100.66,29.12],[-100.62,28.92],[-100.52,28.8],[-100.5,28.7],[-100.4,28.6],[-100.28,28.3],[-100.2,28.2],[-100.08,28.16],[-100,28.02],[-99.88,27.9],[-99.86,27.8],[-99.7,27.66],[-99.6,27.64],[-99.5,27.58],[-99.48,27.42],[-99.5,27.34],[-99.44,27.2],[-99.46,27.06],[-99.24,26.82],[-99.16,26.54],[-99.08,26.4],[-98.8,26.36],[-98.64,26.24],[-98.58,26.26],[-98.36,26.2],[-98.22,26.08],[-97.8,26.06],[-97.68,26.04],[-97.42,25.86],[-97.26,25.96],[-97.14,25.96],[-97.24,25.98],[-97.32,26.12],[-97.36,26.36],[-97.44,26.42],[-97.42,26.54],[-97.48,26.78],[-97.56,26.82],[-97.56,27],[-97.48,27.02],[-97.44,27.14],[-97.52,27.24],[-97.54,27.36],[-97.42,27.32],[-97.26,27.68],[-97.36,27.74],[-97.38,27.84],[-97.26,27.88],[-97.18,27.84],[-97.02,28.04],[-97.16,28.14],[-96.88,28.16],[-96.78,28.24],[-96.78,28.44],[-96.66,28.32],[-96.4,28.44],[-96.58,28.58],[-96.56,28.66],[-96.34,28.64],[-96.26,28.68],[-96.2,28.58],[-95.82,28.74],[-95.6,28.76],[-95.38,28.88],[-95.16,29.04],[-95.16,29.16],[-95.06,29.2],[-94.88,29.38],[-95.02,29.54],[-95.02,29.72],[-94.88,29.66],[-94.82,29.76],[-94.74,29.78],[-94.7,29.7],[-94.76,29.52],[-94.66,29.46],[-94.06,29.68],[-93.88,29.68],[-93.94,29.78],[-93.86,29.98],[-93.76,29.96],[-93.78,29.86],[-93.88,29.8],[-93.84,29.7],[-93.74,29.74],[-93.46,29.78],[-93.2,29.78],[-93.02,29.74],[-92.68,29.6],[-92.28,29.54],[-92.1,29.62],[-92.14,29.76],[-91.98,29.84],[-91.88,29.76],[-91.68,29.76],[-91.56,29.64],[-91.54,29.54],[-91.32,29.5],[-91.22,29.4],[-91.32,29.3],[-91.22,29.24],[-90.92,29.18],[-90.82,29.18],[-90.7,29.12],[-90.56,29.3],[-90.4,29.3],[-90.26,29.24],[-90.22,29.08],[-90.08,29.18],[-90.1,29.28],[-90.04,29.36],[-90.08,29.54],[-89.9,29.48],[-89.76,29.34],[-89.48,29.24],[-89.38,29.08],[-89.18,29.04],[-89.02,29.14],[-89.2,29.36],[-89.34,29.34],[-89.54,29.48],[-89.66,29.52],[-89.64,29.62],[-89.46,29.82],[-89.42,30.06],[-89.58,29.98],[-89.68,29.88],[-89.84,30],[-89.78,30.1],[-89.88,30.16],[-90.04,30.04],[-90.16,30.02],[-90.34,30.06],[-90.44,30.14],[-90.4,30.22],[-90.22,30.38],[-90.06,30.36],[-89.96,30.26],[-89.78,30.24],[-89.7,30.18],[-89.44,30.18],[-89.34,30.3],[-89.02,30.38],[-88.92,30.44],[-88.74,30.36],[-88.48,30.32],[-88.36,30.4],[-88.12,30.34],[-88.06,30.66],[-87.94,30.66],[-87.92,30.42],[-87.78,30.32],[-87.78,30.24],[-87.32,30.32],[-87.16,30.48],[-87.02,30.52],[-86.94,30.46],[-86.68,30.42],[-86.48,30.48],[-86.28,30.5],[-86.36,30.38],[-86.06,30.3],[-85.86,30.22],[-85.7,30.24],[-85.68,30.12],[-85.36,29.88],[-85.3,29.8],[-85.3,29.7],[-84.88,29.74],[-84.74,29.8],[-84.5,29.92],[-84.34,29.9],[-84.4,30.02],[-84.26,30.1],[-84.02,30.1],[-83.68,29.92],[-83.52,29.72],[-83.4,29.66],[-83.4,29.54],[-83.22,29.42],[-83.16,29.3],[-83.02,29.18],[-82.84,29.18],[-82.78,29.12],[-82.76,29.02],[-82.64,28.9],[-82.64,28.74],[-82.66,28.44],[-82.78,28.2],[-82.76,28.1],[-82.84,27.82],[-82.68,27.7],[-82.64,27.7],[-82.6,27.98],[-82.4,27.8],[-82.54,27.66],[-82.58,27.54],[-82.66,27.52],[-82.58,27.4],[-82.56,27.28],[-82.32,26.84],[-82.2,26.8],[-82.14,26.94],[-82.06,26.86],[-82.08,26.68],[-82.04,26.52],[-81.86,26.44],[-81.8,26.1],[-81.66,25.98],[-81.4,25.86],[-81.32,25.78],[-81.14,25.4],[-81.18,25.22],[-81.08,25.12],[-80.92,25.14],[-80.86,25.18],[-80.72,25.14],[-80.58,25.24],[-80.42,25.22],[-80.32,25.38],[-80.34,25.5],[-80.3,25.62],[-80.2,25.76],[-80.12,25.88],[-80.06,26.56],[-80.04,26.82],[-80.08,26.98],[-80.18,27.16],[-80.34,27.52],[-80.38,27.66],[-80.74,28.38],[-80.84,28.8],[-80.74,28.72],[-80.76,28.62],[-80.6,28.62],[-80.92,29.06],[-81.18,29.58],[-81.26,29.78],[-81.4,30.3],[-81.38,30.38],[-81.44,30.5],[-81.42,30.68],[-81.5,30.7],[-81.52,30.86],[-81.5,30.96],[-81.42,31.02],[-81.38,31.14],[-81.26,31.28],[-81.36,31.42],[-81.3,31.58],[-81.2,31.72],[-81.06,31.78],[-80.84,32],[-80.88,32.06],[-80.44,32.36],[-80.4,32.48],[-80.34,32.48],[-80.14,32.58],[-80,32.62],[-79.86,32.76],[-79.74,32.8],[-79.6,32.92],[-79.58,33.02],[-79.38,33.02],[-79.2,33.2],[-79.14,33.42],[-78.94,33.64],[-78.76,33.78],[-78.56,33.86],[-78.26,33.92],[-78.04,33.9],[-77.92,33.96],[-77.84,34.2],[-77.66,34.38],[-77.54,34.46],[-77.26,34.6],[-77.2,34.66],[-76.9,34.74],[-76.66,34.72],[-76.5,34.76],[-76.34,34.9],[-76.38,34.96],[-76.54,35],[-76.76,34.98],[-76.56,35.12],[-76.5,35.24],[-76.44,35.4],[-76.26,35.34],[-76.16,35.34],[-75.9,35.58],[-75.76,35.62],[-75.72,35.82],[-75.86,35.98],[-75.98,35.88],[-76.04,35.98],[-76.2,36],[-76.38,35.94],[-76.72,35.94],[-76.68,36.06],[-76.52,36.02],[-76.42,36.08],[-76.2,36.1],[-76.02,36.2],[-75.86,36.16],[-75.92,36.4],[-75.92,36.7],[-75.98,36.92],[-76.26,36.96],[-76.32,36.88],[-76.42,36.98],[-76.3,37.02],[-76.3,37.14],[-76.46,37.22],[-76.38,37.28],[-76.24,37.44],[-76.36,37.52],[-76.32,37.74],[-76.24,37.9],[-76.54,38.02],[-76.62,38.16],[-76.32,38.14],[-76.42,38.32],[-76.4,38.4],[-76.52,38.52],[-76.56,38.78],[-76.4,39.02],[-76.44,39.2],[-76.42,39.32],[-76.18,39.32],[-76.28,39.16],[-76.14,39.12],[-76.16,38.9],[-76.22,38.8],[-76.34,38.72],[-76.14,38.66],[-76.32,38.48],[-76.22,38.34],[-76.02,38.24],[-75.9,38.28],[-75.82,38.14],[-75.88,37.98],[-75.78,37.98],[-75.7,37.84],[-75.92,37.62],[-75.9,37.56],[-76.02,37.32],[-75.88,37.36],[-75.5,37.84],[-75.44,37.96],[-75.3,38.12],[-75.24,38.22],[-75.16,38.24],[-75.06,38.56],[-75.08,38.8],[-75.16,38.8],[-75.32,38.92],[-75.4,39.06],[-75.36,39.34],[-75.24,39.3],[-75.16,39.2],[-75.02,39.22],[-74.88,39.14],[-74.96,38.94],[-74.88,38.94],[-74.74,39.06],[-74.66,39.2],[-74.36,39.56],[-74.16,39.7],[-74.1,40.02],[-74.06,40.02],[-73.98,40.32],[-74.04,40.42],[-74.2,40.44],[-74.28,40.5],[-74.2,40.64],[-74.1,40.66],[-73.92,40.8],[-73.82,40.84],[-73.64,41],[-73.18,41.16],[-72.78,41.28],[-72.28,41.28],[-71.9,41.34],[-71.82,41.32],[-71.5,41.36],[-71.42,41.46],[-71.44,41.58],[-71.36,41.74],[-71.2,41.64],[-71.18,41.46],[-70.9,41.62],[-70.78,41.64],[-70.66,41.72],[-70.66,41.52],[-70.5,41.56],[-70.42,41.64],[-69.94,41.68],[-69.94,41.86],[-70.08,41.78],[-70.28,41.72],[-70.54,41.82],[-70.56,41.96],[-70.66,41.96],[-70.64,42.1],[-70.78,42.26],[-71.04,42.3],[-70.86,42.54],[-70.64,42.6],[-70.82,42.72],[-70.82,42.88],[-70.66,43.1],[-70.52,43.34],[-70.38,43.4],[-70.36,43.52],[-70.2,43.56],[-70.24,43.7],[-69.98,43.86],[-69.78,43.74],[-69.64,43.9],[-69.48,43.88],[-69.38,44.02],[-69.26,43.92],[-69.12,44.04],[-69,44.3],[-68.98,44.42],[-68.82,44.48],[-68.76,44.34],[-68.52,44.3],[-68.56,44.4],[-68.26,44.48],[-68.12,44.48],[-68.1,44.38],[-67.9,44.42],[-67.8,44.58],[-67.58,44.56],[-67.54,44.64],[-67.4,44.6],[-67.22,44.64],[-66.98,44.82],[-67.06,44.94],[-67.18,45.18],[-67.36,45.16],[-67.48,45.28],[-67.42,45.38],[-67.5,45.5],[-67.44,45.62],[-67.66,45.64],[-67.8,45.7],[-67.78,45.82],[-67.78,46.22],[-67.8,47.04],[-67.96,47.2],[-68.2,47.34],[-68.54,47.3],[-68.64,47.24],[-68.9,47.2],[-69.04,47.24],[-69.06,47.44],[-69.26,47.44],[-70,46.7],[-70.08,46.42],[-70.18,46.36],[-70.28,46.22],[-70.32,46.08],[-70.26,45.92],[-70.42,45.8],[-70.4,45.74],[-70.68,45.58],[-70.72,45.48],[-70.84,45.4],[-70.84,45.3],[-71.02,45.34],[-71.14,45.26],[-71.3,45.3],[-71.4,45.24],[-71.5,45.02],[-72.3,45],[-73.4,45],[-74.72,45],[-74.86,45.02],[-75.28,44.86],[-75.7,44.58],[-75.88,44.4],[-76.06,44.34],[-76.2,44.22],[-76.46,44.08],[-76.8,43.64],[-76.84,43.62],[-77.54,43.62],[-78.68,43.64],[-79.18,43.46],[-79.06,43.26],[-79.04,43.02],[-78.92,42.94],[-79.02,42.8],[-80.24,42.36],[-81.28,42.2],[-82.42,41.68],[-82.72,41.68],[-83.06,41.84],[-83.16,42],[-83.12,42.24],[-83.04,42.34],[-82.8,42.42],[-82.52,42.64],[-82.48,42.82],[-82.42,43.06],[-82.16,43.54],[-82.14,43.62],[-82.3,44.24],[-82.54,45.3],[-82.58,45.38],[-83.48,45.78],[-83.64,45.78],[-83.46,46],[-83.62,46.12],[-83.84,46.12],[-83.94,46.06],[-84.08,46.2],[-84.16,46.44],[-84.12,46.52],[-84.42,46.52],[-84.58,46.48],[-84.78,46.64],[-84.88,46.9],[-85.5,47.16],[-86.64,47.62],[-87.4,47.92],[-88.34,48.3],[-88.64,48.26],[-89.34,47.98],[-89.98,48.02],[-90.08,48.1],[-90.18,48.12],[-90.54,48.08],[-90.78,48.1],[-90.84,48.22],[-90.92,48.22],[-91.28,48.06],[-91.42,48.04],[-91.7,48.1],[-91.76,48.18],[-91.96,48.22],[-92.04,48.34],[-92.3,48.32],[-92.38,48.24],[-92.52,48.44],[-92.64,48.54],[-92.98,48.62],[-93.26,48.64],[-93.46,48.6],[-93.5,48.54],[-93.76,48.52],[-93.88,48.64],[-94.24,48.66],[-94.32,48.72],[-94.6,48.72],[-94.72,48.8],[-94.72,48.92],[-94.82,49.16],[-94.82,49.3],[-94.98,49.36],[-95.16,49.36],[-95.18,49],[-96.28,49],[-96.94,49],[-98.04,49],[-98.7,49],[-99.8,49],[-100.68,49],[-102,49],[-103.52,49],[-105.06,49],[-105.94,49],[-107.26,49],[-108.36,49],[-109.24,49],[-110.56,49],[-111.44,49],[-112.32,49],[-113.64,49],[-114.52,49],[-115.62,49],[-117.16,49],[-118.26,49],[-119.36,49],[-120.68,49],[-121.34,49],[-122.76,49]]],[[[-141,69.66],[-141.42,69.66],[-141.66,69.76],[-142.28,69.86],[-142.6,70.02],[-143.24,70.12],[-144.38,70.04],[-144.6,69.98],[-144.94,69.98],[-145.6,70.08],[-145.88,70.18],[-146.84,70.2],[-147.12,70.16],[-147.8,70.24],[-147.8,70.3],[-148.26,70.36],[-148.38,70.32],[-148.8,70.42],[-149.34,70.52],[-149.88,70.52],[-150.12,70.44],[-150.52,70.5],[-151.18,70.44],[-151.98,70.44],[-151.76,70.56],[-152.46,70.56],[-152.52,70.68],[-152.22,70.82],[-152.54,70.88],[-153.3,70.92],[-153.52,70.88],[-153.9,70.9],[-154.14,70.8],[-154.54,70.82],[-154.72,70.9],[-154.6,71],[-154.78,71.08],[-155.1,71.16],[-155.2,71.04],[-155.52,70.96],[-155.54,70.86],[-155.92,70.82],[-156.08,70.92],[-155.6,71.06],[-155.62,71.18],[-156,71.2],[-156.42,71.26],[-156.6,71.36],[-156.82,71.3],[-157.24,71.08],[-157.56,70.96],[-158.04,70.84],[-159.36,70.76],[-159.66,70.8],[-159.94,70.64],[-160.22,70.58],[-160.86,70.34],[-161.34,70.26],[-162.02,70.28],[-162.46,70.06],[-162.54,69.96],[-162.94,69.8],[-163.16,69.36],[-163.62,69.12],[-163.96,69],[-164.34,68.92],[-165.04,68.88],[-165.66,68.86],[-166.24,68.88],[-166.2,68.78],[-166.24,68.56],[-166.54,68.36],[-166.1,68.24],[-165.92,68.14],[-165.44,68.06],[-164.86,67.84],[-164.7,67.82],[-164.16,67.62],[-163.96,67.5],[-163.82,67.34],[-163.76,67.14],[-163.68,67.1],[-162.94,67.02],[-162.74,67.04],[-162.44,67],[-161.84,67.06],[-161.74,66.96],[-161.88,66.82],[-161.86,66.7],[-161.56,66.56],[-161.32,66.54],[-161.14,66.66],[-160.88,66.68],[-160.56,66.6],[-160.32,66.6],[-160.22,66.54],[-160.24,66.4],[-160.78,66.38],[-161.06,66.48],[-161.6,66.46],[-161.88,66.54],[-162.08,66.66],[-162.02,66.78],[-162.32,66.96],[-162.64,66.9],[-162.44,66.74],[-162.26,66.72],[-161.94,66.56],[-161.74,66.4],[-161.52,66.4],[-161.14,66.34],[-161.12,66.2],[-161.58,66.26],[-161.68,66.14],[-161.92,66.04],[-162.18,66.08],[-162.66,66.04],[-162.76,66.1],[-163.12,66.08],[-163.36,66.1],[-163.68,66.08],[-163.9,66.16],[-163.9,66.4],[-163.76,66.5],[-163.98,66.62],[-164.72,66.56],[-164.96,66.46],[-165.3,66.44],[-165.76,66.32],[-165.88,66.24],[-165.5,66.16],[-165.76,66.1],[-166.1,66.12],[-166.28,66.18],[-166.72,66.06],[-167.06,65.88],[-167.34,65.9],[-167.56,65.8],[-167.58,65.72],[-167.82,65.72],[-168.08,65.6],[-167.4,65.4],[-166.94,65.38],[-166.32,65.32],[-166.26,65.26],[-166.74,65.06],[-166.68,64.98],[-166.4,64.9],[-166.48,64.72],[-166.18,64.58],[-165.44,64.52],[-165.04,64.44],[-164.34,64.6],[-163.54,64.56],[-163.14,64.42],[-163.06,64.5],[-163.38,64.6],[-163.24,64.64],[-162.82,64.5],[-162.6,64.5],[-162.28,64.62],[-162.08,64.72],[-161.72,64.8],[-161.42,64.78],[-161.18,64.94],[-160.88,64.82],[-160.8,64.64],[-161.04,64.5],[-161.46,64.52],[-161.48,64.46],[-161.22,64.42],[-160.98,64.26],[-160.92,64.04],[-160.76,63.82],[-160.8,63.74],[-161.18,63.5],[-161.58,63.46],[-162.08,63.46],[-162.24,63.54],[-162.6,63.28],[-162.8,63.22],[-163.1,63.06],[-163.36,63.04],[-163.6,63.1],[-163.76,63.22],[-164.14,63.26],[-164.36,63.22],[-164.58,63.14],[-164.44,63.04],[-164.72,63.02],[-164.88,62.84],[-164.82,62.62],[-164.86,62.54],[-165.14,62.52],[-165.28,62.44],[-165.7,62.12],[-165.74,61.96],[-165.6,61.86],[-166.1,61.82],[-165.92,61.7],[-166.2,61.6],[-166.14,61.52],[-165.92,61.56],[-165.78,61.52],[-165.92,61.4],[-165.82,61.32],[-165.62,61.28],[-165.62,61.14],[-165.38,61.08],[-165.22,61.14],[-165.06,61.06],[-165.2,60.98],[-165.12,60.92],[-164.86,60.96],[-164.62,60.94],[-164.56,60.86],[-164,60.86],[-163.76,60.88],[-163.42,60.76],[-163.46,60.68],[-163.8,60.58],[-163.8,60.74],[-163.96,60.78],[-164.22,60.7],[-164.28,60.78],[-164.66,60.82],[-164.66,60.92],[-165.04,60.78],[-165,60.72],[-165.32,60.58],[-164.98,60.34],[-164.76,60.28],[-164.48,60.18],[-164.42,60.1],[-164.2,60.04],[-164.22,59.96],[-164.1,59.84],[-163.62,59.8],[-163.08,59.86],[-162.8,59.94],[-162.76,60],[-162.52,60],[-162.38,60.18],[-162.1,59.96],[-162.08,59.88],[-161.72,59.5],[-161.94,59.38],[-162.02,59.24],[-161.98,59.14],[-161.62,59.08],[-161.8,58.98],[-161.72,58.76],[-161.86,58.72],[-161.92,58.64],[-161.56,58.6],[-161.36,58.66],[-161.36,58.72],[-160.66,58.94],[-160.36,59.08],[-160.26,58.92],[-160.04,58.88],[-159.92,58.78],[-159.72,58.92],[-159.38,58.76],[-159.06,58.42],[-158.82,58.4],[-158.78,58.52],[-158.88,58.7],[-158.8,58.82],[-158.56,58.82],[-158.4,58.78],[-158.32,58.64],[-158.16,58.62],[-157.56,58.74],[-157.48,58.8],[-157.08,58.88],[-157.06,58.72],[-157.5,58.46],[-157.56,58.32],[-157.52,58.26],[-157.6,58.1],[-157.7,57.72],[-157.7,57.56],[-157.94,57.5],[-158.08,57.4],[-158.32,57.32],[-158.68,57.02],[-158.68,56.78],[-158.94,56.84],[-159.46,56.62],[-159.74,56.58],[-160.18,56.38],[-160.36,56.28],[-160.56,56],[-160.52,55.94],[-160.68,55.86],[-160.82,55.74],[-161.12,55.96],[-161.46,55.96],[-161.82,55.88],[-162.22,55.7],[-162.66,55.36],[-162.96,55.16],[-163.06,55.22],[-163.34,55.12],[-163.28,54.94],[-163.32,54.82],[-163.06,54.92],[-163.22,55.04],[-163.04,55.1],[-162.88,54.94],[-162.64,55],[-162.62,55.16],[-162.72,55.22],[-162.58,55.3],[-162.42,55.1],[-162.28,55.02],[-161.96,55.12],[-161.9,55.24],[-161.72,55.4],[-161.7,55.52],[-161.62,55.62],[-161.44,55.64],[-161.38,55.58],[-161.52,55.38],[-161.28,55.36],[-161.02,55.42],[-160.92,55.52],[-160.78,55.44],[-160.48,55.5],[-160.44,55.58],[-160.16,55.66],[-159.84,55.86],[-159.62,55.82],[-159.1,55.92],[-158.92,55.92],[-158.86,56.02],[-158.48,56.04],[-158.44,56.14],[-158.32,56.18],[-158.34,56.32],[-158.64,56.3],[-158.36,56.48],[-158.16,56.46],[-158.06,56.52],[-157.88,56.48],[-157.92,56.66],[-157.76,56.68],[-157.4,56.78],[-157.18,56.78],[-157.06,56.88],[-156.76,57.02],[-156.58,56.98],[-156.48,57.12],[-156.34,57.18],[-156.4,57.32],[-156.34,57.42],[-155.82,57.58],[-155.62,57.66],[-155.6,57.8],[-155.4,57.72],[-155.34,57.82],[-155.06,57.9],[-155.02,58.02],[-154.78,58],[-154.58,58.02],[-154.44,58.14],[-154.28,58.14],[-154.16,58.22],[-154.3,58.32],[-154,58.38],[-153.9,58.62],[-153.7,58.62],[-153.44,58.74],[-153.34,58.94],[-153.72,59.08],[-154.2,59.08],[-154.08,59.38],[-153.72,59.46],[-153.58,59.64],[-153.32,59.64],[-153.06,59.72],[-153.02,59.88],[-152.74,59.9],[-152.6,60.1],[-152.7,60.18],[-152.42,60.3],[-152.34,60.48],[-152.06,60.68],[-151.84,60.76],[-151.74,60.92],[-151.56,61],[-151.16,61.06],[-151.06,61.16],[-150.64,61.3],[-150.46,61.26],[-149.98,61.24],[-150.06,61.16],[-149.62,61],[-150.04,60.92],[-150.22,60.94],[-150.46,61.04],[-150.76,60.92],[-151.08,60.78],[-151.42,60.72],[-151.28,60.54],[-151.3,60.38],[-151.4,60.36],[-151.46,60.18],[-151.7,60.04],[-151.88,59.78],[-151.74,59.68],[-151.48,59.64],[-151.1,59.78],[-151.28,59.56],[-151.44,59.5],[-151.66,59.48],[-151.9,59.42],[-151.98,59.28],[-151.74,59.16],[-151.56,59.18],[-151.4,59.26],[-151.12,59.22],[-151.1,59.28],[-150.66,59.42],[-150.56,59.54],[-150.32,59.48],[-150.12,59.58],[-149.92,59.72],[-149.8,59.72],[-149.74,59.9],[-149.58,59.9],[-149.34,60.02],[-148.92,59.98],[-148.56,59.96],[-148.4,60],[-148.14,60.24],[-148.28,60.28],[-147.94,60.44],[-148.08,60.6],[-148.2,60.62],[-148.26,60.76],[-148.58,60.84],[-148.3,60.9],[-148.18,61.02],[-147.94,60.9],[-147.36,60.9],[-147.1,61.02],[-146.82,61.04],[-146.68,60.88],[-146.52,60.82],[-146.48,60.68],[-146.22,60.76],[-145.7,60.66],[-145.68,60.6],[-145.94,60.46],[-145.58,60.46],[-145.38,60.36],[-145.24,60.36],[-145.02,60.52],[-144.8,60.46],[-144.92,60.38],[-144.58,60.2],[-144.34,60.2],[-143.92,60],[-143.6,60.04],[-143.2,60.06],[-142.8,60.12],[-141.96,60.02],[-141.74,59.96],[-141.38,60.04],[-141.26,60.02],[-141.28,59.84],[-140.86,59.74],[-140.32,59.7],[-139.62,59.9],[-139.48,59.72],[-139.66,59.58],[-139.86,59.54],[-139.2,59.32],[-138.98,59.28],[-138.18,59.02],[-137.98,58.92],[-137.94,58.8],[-137.56,58.62],[-137.52,58.56],[-137.14,58.4],[-136.98,58.4],[-136.6,58.22],[-136.5,58.32],[-136.38,58.3],[-136.08,58.34],[-136.02,58.38],[-136.12,58.58],[-136.64,58.9],[-136.26,58.76],[-136.06,58.82],[-135.84,58.52],[-135.88,58.38],[-135.62,58.42],[-135.42,58.4],[-135.3,58.26],[-135.14,58.22],[-135.06,58.3],[-135.1,58.44],[-135.22,58.62],[-135.24,58.78],[-135.38,58.96],[-135.36,59.12],[-135.22,59.12],[-135.12,58.9],[-135.14,58.84],[-134.82,58.52],[-134.76,58.4],[-134.5,58.36],[-134.24,58.22],[-134.06,58.28],[-134.06,58.08],[-133.86,57.96],[-133.58,57.72],[-133.66,57.62],[-133.5,57.54],[-133.4,57.34],[-133.56,57.18],[-133.1,57.08],[-132.76,56.96],[-132.86,56.92],[-132.68,56.8],[-132.48,56.74],[-132.48,56.6],[-132.2,56.48],[-132.16,56.38],[-131.98,56.36],[-131.82,56.2],[-131.96,56.16],[-131.94,56],[-132.08,55.84],[-132.26,55.74],[-132.18,55.58],[-131.96,55.5],[-131.82,55.66],[-131.74,55.88],[-131.42,56.02],[-131.16,55.94],[-130.88,55.72],[-130.88,55.34],[-131.06,55.2],[-130.94,55.08],[-130.94,54.82],[-130.58,54.8],[-130.36,54.9],[-130.08,55.24],[-129.98,55.28],[-130.14,55.54],[-130.18,55.74],[-130.02,55.9],[-130.08,56.08],[-130.4,56.12],[-130.5,56.24],[-130.64,56.26],[-130.84,56.38],[-131.1,56.4],[-131.58,56.6],[-131.8,56.58],[-131.88,56.8],[-132.1,56.86],[-132.04,57.02],[-132.34,57.08],[-132.24,57.2],[-132.56,57.5],[-132.92,57.88],[-133.08,58],[-133.16,58.14],[-133.38,58.3],[-133.46,58.46],[-133.62,58.54],[-133.88,58.74],[-134.22,58.84],[-134.4,58.98],[-134.4,59.06],[-134.7,59.24],[-134.94,59.28],[-135.1,59.42],[-135.02,59.54],[-135.26,59.7],[-135.48,59.8],[-135.92,59.66],[-136.26,59.62],[-136.28,59.48],[-136.46,59.46],[-136.46,59.28],[-136.62,59.16],[-136.84,59.14],[-137.28,58.98],[-137.42,58.9],[-137.62,59.24],[-138.6,59.76],[-138.7,59.88],[-139,59.98],[-139.18,60.08],[-139.08,60.3],[-139.1,60.34],[-139.62,60.34],[-140.02,60.18],[-140.42,60.3],[-140.54,60.22],[-141,60.32],[-141,61.34],[-141,61.92],[-141,62.66],[-141,63.38],[-141,64.54],[-141,65.56],[-141,66.16],[-141,66.88],[-141,67.76],[-141,68.48],[-141,69.66]]],[[[-132.7,54.7],[-132.72,54.78],[-132.94,54.94],[-133,55.06],[-133.22,55.1],[-133.04,54.88],[-132.86,54.74],[-132.7,54.7]]],[[[-131.48,55],[-131.34,55.06],[-131.4,55.22],[-131.54,55.16],[-131.62,55.02],[-131.48,55]]],[[[-131.82,55.42],[-131.86,55.3],[-131.74,55.14],[-131.64,55.3],[-131.82,55.42]]],[[[-130.96,55.58],[-130.94,55.66],[-131.18,55.92],[-131.28,55.96],[-131.58,55.9],[-131.68,55.84],[-131.7,55.62],[-131.66,55.56],[-131.82,55.48],[-131.66,55.34],[-131.5,55.32],[-131.2,55.18],[-131.06,55.26],[-130.96,55.58]]],[[[-133.6,56.08],[-133.8,55.94],[-133.64,55.92],[-133.48,56.02],[-133.3,56.02],[-133.4,56.16],[-133.6,56.08]]],[[[-132.54,56.3],[-132.68,56.22],[-132.64,56.06],[-132.44,56.06],[-132.42,55.96],[-132.3,55.92],[-132.12,55.94],[-132.16,56.06],[-132.1,56.1],[-132.36,56.22],[-132.38,56.34],[-132.54,56.3]]],[[[-131.98,54.84],[-132,55.26],[-132.1,55.28],[-132.4,55.52],[-132.34,55.64],[-132.46,55.66],[-132.46,55.78],[-132.74,56],[-132.92,56.06],[-133.06,56.06],[-133.06,56.24],[-133.18,56.34],[-133.3,56.32],[-133.58,56.36],[-133.62,56.22],[-133.28,56.16],[-133.24,55.9],[-133.14,55.82],[-133.38,55.7],[-133.26,55.58],[-133.06,55.62],[-133.22,55.28],[-132.96,55.28],[-132.6,55.12],[-132.52,55.12],[-132.58,54.96],[-132.42,54.94],[-132.26,54.84],[-132.3,54.74],[-132,54.7],[-131.98,54.84]]],[[[-132.62,56.4],[-132.7,56.46],[-132.92,56.46],[-133.04,56.36],[-132.86,56.24],[-132.64,56.28],[-132.62,56.4]]],[[[-132,56.34],[-132.12,56.34],[-132.34,56.48],[-132.36,56.28],[-132.08,56.12],[-131.92,56.2],[-132,56.34]]],[[[-132.96,56.78],[-132.9,56.62],[-132.94,56.52],[-132.8,56.5],[-132.54,56.6],[-132.82,56.8],[-132.96,56.78]]],[[[-133.88,56.5],[-133.86,56.58],[-133.7,56.6],[-133.8,56.78],[-134.02,56.88],[-134.18,56.92],[-134.4,56.84],[-134.36,56.68],[-134.24,56.56],[-134.06,56.48],[-134.12,56.4],[-134.28,56.36],[-134.2,56.16],[-133.94,56.1],[-133.9,56.22],[-133.98,56.28],[-133.84,56.44],[-133.88,56.5]]],[[[-133.92,57.08],[-134.02,57.02],[-133.7,56.84],[-133.66,56.46],[-133.52,56.44],[-133.34,56.48],[-133.14,56.46],[-132.94,56.64],[-133,56.8],[-132.98,56.94],[-133.1,57],[-133.38,57],[-133.58,57.06],[-133.92,57.08]]],[[[-152.9,57.16],[-153.16,57.16],[-153.26,57.2],[-153.42,57.08],[-153.32,57.02],[-152.9,57.16]]],[[[-135.6,57.18],[-135.62,57.28],[-135.82,57.34],[-135.76,57.12],[-135.84,56.98],[-135.62,57.02],[-135.6,57.18]]],[[[-134.62,56.74],[-134.68,56.84],[-134.8,57.18],[-134.98,57.32],[-135,57.4],[-135.38,57.56],[-135.68,57.34],[-135.42,57.16],[-135.32,57.04],[-135.3,56.9],[-135.36,56.82],[-135.16,56.74],[-135.06,56.54],[-134.88,56.32],[-134.74,56.22],[-134.62,56.26],[-134.62,56.74]]],[[[-152.16,57.62],[-152.46,57.66],[-152.46,57.76],[-152.32,57.82],[-152.48,57.92],[-153.2,57.94],[-153.2,57.8],[-153.58,57.84],[-153.72,57.9],[-153.92,57.82],[-153.92,57.72],[-153.76,57.56],[-153.82,57.42],[-154.06,57.66],[-154.24,57.68],[-154.62,57.52],[-154.82,57.34],[-154.6,57.26],[-154.54,57.18],[-154.52,57],[-154.24,56.9],[-154.16,56.96],[-153.88,56.98],[-154.14,56.78],[-153.96,56.74],[-153.84,56.84],[-153.56,56.98],[-153.62,57.02],[-153.26,57.24],[-153.1,57.22],[-152.7,57.28],[-152.6,57.46],[-152.34,57.44],[-152.16,57.62]]],[[[-135.84,57.4],[-135.7,57.36],[-135.54,57.46],[-135.62,57.7],[-135.06,57.46],[-134.82,57.5],[-134.92,57.76],[-135.2,57.7],[-135.38,57.8],[-134.94,57.8],[-134.92,58.02],[-135.38,58.14],[-135.82,58.28],[-135.98,58.16],[-136.1,58.22],[-136.22,58.14],[-136.4,58.14],[-136.3,58.02],[-136.4,57.88],[-136.14,57.64],[-135.94,57.52],[-135.84,57.4]]],[[[-134.6,58.24],[-134.26,58.2],[-134.48,58.34],[-134.6,58.24]]],[[[-134.36,57.1],[-134.12,57.26],[-133.86,57.36],[-133.94,57.62],[-134.2,57.84],[-134.32,57.98],[-134,57.94],[-134.16,58.08],[-134.18,58.16],[-134.7,58.16],[-134.88,58.36],[-134.92,58.2],[-134.8,58.12],[-134.66,57.6],[-134.46,57.4],[-134.62,57.22],[-134.62,57.12],[-134.5,57.02],[-134.36,57.1]]],[[[-151.96,58.34],[-152.1,58.36],[-152.48,58.36],[-152.5,58.46],[-152.66,58.48],[-152.78,58.38],[-152.8,58.28],[-153.04,58.3],[-153.22,58.16],[-153.02,58.04],[-152.8,58],[-152.7,58.06],[-152.34,58.16],[-152.12,58.16],[-151.98,58.24],[-151.96,58.34]]],[[[-160.94,58.74],[-161.06,58.7],[-161.08,58.54],[-160.9,58.58],[-160.68,58.82],[-160.94,58.74]]],[[[-147.1,60.28],[-147.3,60.24],[-147.38,60.14],[-147.7,60],[-147.88,59.86],[-147.84,59.78],[-147.5,59.94],[-147.24,60.14],[-147.02,60.24],[-147.1,60.28]]],[[[-146.18,60.4],[-146.36,60.48],[-146.58,60.48],[-146.72,60.38],[-146.5,60.36],[-146.18,60.4]]],[[[-147.78,60.4],[-147.86,60.28],[-147.74,60.26],[-147.64,60.38],[-147.78,60.4]]],[[[-91.8,29.5],[-91.72,29.58],[-91.92,29.64],[-92.02,29.56],[-91.8,29.5]]],[[[-120.04,34.04],[-120.22,34.02],[-120.1,33.9],[-120,33.94],[-120.04,34.04]]],[[[-119.52,34.02],[-119.64,34.02],[-119.86,34.08],[-119.86,33.96],[-119.72,33.96],[-119.52,34.02]]],[[[-71.92,41.06],[-72.1,41],[-72.16,41.06],[-72.36,41],[-72.46,40.92],[-72.6,40.98],[-72.78,40.96],[-73.12,40.98],[-73.22,40.9],[-73.48,40.94],[-73.72,40.86],[-73.76,40.82],[-73.9,40.78],[-74.04,40.64],[-73.98,40.56],[-73.82,40.64],[-73.7,40.58],[-73.56,40.64],[-73.38,40.66],[-73.24,40.72],[-72.94,40.74],[-72.72,40.8],[-72.6,40.8],[-72.4,40.86],[-71.92,41.04],[-71.92,41.06]]],[[[-122.36,47.98],[-122.54,48.02],[-122.6,48.3],[-122.74,48.2],[-122.6,48.14],[-122.54,47.96],[-122.36,47.98]]],[[[-177.8,51.8],[-177.96,51.92],[-178.22,51.88],[-177.96,51.72],[-177.8,51.8]]],[[[-177.12,51.94],[-177.22,51.82],[-177.38,51.72],[-177.28,51.68],[-177.12,51.74],[-177.12,51.94]]],[[[-176.44,51.78],[-176.64,51.86],[-176.92,51.8],[-176.88,51.72],[-176.58,51.68],[-176.44,51.78]]],[[[-173.12,52.1],[-173.5,52.12],[-173.54,52.14],[-173.84,52.12],[-173.84,52.04],[-173.38,52.04],[-173.12,52.1]]],[[[-172.4,52.38],[-172.56,52.36],[-172.52,52.26],[-172.32,52.32],[-172.4,52.38]]],[[[-174.06,52.24],[-174,52.32],[-174.2,52.42],[-174.34,52.36],[-174.22,52.26],[-174.34,52.2],[-174.56,52.18],[-174.98,52.06],[-174.72,52.02],[-174.38,52.12],[-174.24,52.1],[-174.1,52.14],[-174.06,52.24]]],[[[-167.86,53.4],[-167.8,53.5],[-168,53.58],[-168.2,53.54],[-168.4,53.4],[-168.36,53.28],[-168.6,53.28],[-168.76,53.18],[-168.76,52.96],[-168.48,53.04],[-168.28,53.24],[-168.14,53.28],[-167.86,53.4]]],[[[-166.3,53.72],[-166.44,53.76],[-166.46,53.9],[-166.64,53.88],[-166.6,53.98],[-166.76,54.02],[-167.02,53.96],[-167.16,53.86],[-166.94,53.72],[-167.16,53.62],[-167.16,53.48],[-167.32,53.42],[-167.48,53.44],[-167.72,53.38],[-167.86,53.3],[-167.66,53.24],[-167.4,53.34],[-166.88,53.48],[-166.66,53.5],[-166.54,53.62],[-166.3,53.72]]],[[[-165.74,54.12],[-165.88,54.22],[-166.08,54.18],[-166.12,54.12],[-166.04,54.04],[-165.74,54.12]]],[[[-154.9,19.56],[-155.08,19.86],[-155.16,19.94],[-155.34,20.04],[-155.52,20.12],[-155.58,20.12],[-155.74,20.24],[-155.86,20.26],[-155.88,20.1],[-155.82,20.02],[-155.92,19.86],[-156.06,19.74],[-155.98,19.6],[-155.88,19.34],[-155.92,19.14],[-155.88,19.02],[-155.68,18.94],[-155.62,18.96],[-155.5,19.14],[-155.3,19.26],[-155.2,19.26],[-154.98,19.34],[-154.82,19.48],[-154.9,19.56]]],[[[-156.84,20.88],[-157,20.92],[-156.98,20.76],[-156.92,20.74],[-156.8,20.82],[-156.84,20.88]]],[[[-156,20.8],[-156.12,20.84],[-156.3,20.96],[-156.48,20.9],[-156.6,21.04],[-156.7,20.92],[-156.62,20.8],[-156.46,20.78],[-156.4,20.58],[-156.3,20.58],[-156.12,20.62],[-156,20.68],[-156,20.8]]],[[[-156.74,21.18],[-156.9,21.16],[-157.26,21.22],[-157.28,21.08],[-157.08,21.1],[-156.86,21.06],[-156.76,21.1],[-156.74,21.18]]],[[[-157.7,21.36],[-157.84,21.46],[-157.84,21.54],[-157.96,21.7],[-158.12,21.58],[-158.24,21.58],[-158.22,21.48],[-158.1,21.3],[-157.9,21.3],[-157.8,21.26],[-157.7,21.36]]],[[[-159.3,22.16],[-159.4,22.24],[-159.58,22.22],[-159.72,22.16],[-159.78,22.06],[-159.76,21.98],[-159.62,21.9],[-159.44,21.86],[-159.34,21.96],[-159.3,22.16]]],[[[179.78,51.96],[179.64,52.04],[179.48,51.98],[179.64,51.88],[179.78,51.96]]],[[[173.38,52.84],[173.3,52.92],[173.12,53],[172.96,52.98],[172.66,53],[172.64,52.86],[172.94,52.74],[173.08,52.84],[173.38,52.84]]],[[[-163.08,54.68],[-163.14,54.78],[-163.38,54.8],[-163.42,54.92],[-163.58,55.06],[-163.92,55.04],[-164.32,54.9],[-164.54,54.88],[-164.7,54.68],[-164.96,54.58],[-164.84,54.42],[-164.66,54.4],[-164.4,54.44],[-164.32,54.54],[-164.14,54.62],[-163.78,54.64],[-163.62,54.62],[-163.44,54.68],[-163.08,54.68]]],[[[-160.5,55.2],[-160.58,55.32],[-160.7,55.4],[-160.86,55.34],[-160.84,55.2],[-160.62,55.16],[-160.5,55.2]]],[[[-165.58,59.96],[-165.74,60.18],[-165.68,60.3],[-165.98,60.32],[-166.18,60.4],[-166.46,60.38],[-166.8,60.3],[-166.88,60.22],[-167.28,60.24],[-167.44,60.2],[-167.18,60.02],[-167.04,60],[-166.62,59.86],[-166.24,59.8],[-165.98,59.88],[-165.6,59.9],[-165.58,59.96]]],[[[-168.74,63.28],[-169,63.34],[-169.12,63.3],[-169.32,63.36],[-169.54,63.36],[-170.04,63.54],[-170.08,63.62],[-170.3,63.7],[-170.66,63.68],[-170.94,63.58],[-171.5,63.66],[-171.72,63.76],[-171.86,63.52],[-171.74,63.38],[-171.44,63.32],[-171.08,63.44],[-170.86,63.46],[-170.44,63.36],[-170.12,63.2],[-169.82,63.12],[-169.72,63.02],[-169.28,63.2],[-168.82,63.18],[-168.74,63.28]]],[[[-68.24,44.42],[-68.36,44.42],[-68.42,44.26],[-68.18,44.32],[-68.24,44.42]]]]},"properties":{"ADMIN":"United States of America","ADM0_A3":"USA"}},
{"type":"Feature","geometry":{"type":"MultiPolygon","coordinates":[[[[-74.72,45],[-74.52,45.1],[-74.5,45.14],[-74.2,45.28],[-74.16,45.32],[-73.96,45.36],[-74.08,45.46],[-73.9,45.54],[-73.76,45.68],[-73.5,45.72],[-73.28,45.88],[-73.16,46.08],[-73.02,46.1],[-73,46.22],[-72.84,46.26],[-72.6,46.3],[-72.46,46.4],[-72.26,46.48],[-72.22,46.56],[-72.06,46.6],[-71.88,46.7],[-71.7,46.68],[-71.36,46.74],[-70.96,47.02],[-70.72,47.12],[-70.6,47.24],[-70.5,47.42],[-70.24,47.5],[-70.2,47.6],[-69.94,47.78],[-69.74,48.12],[-69.88,48.16],[-70.02,48.26],[-70.16,48.24],[-70.48,48.36],[-70.74,48.36],[-70.74,48.42],[-70.44,48.36],[-70.36,48.38],[-70.14,48.28],[-69.98,48.28],[-69.8,48.16],[-69.66,48.16],[-69.44,48.3],[-69.28,48.46],[-69.22,48.6],[-69.14,48.6],[-69.06,48.76],[-68.78,48.92],[-68.64,48.92],[-68.64,49.02],[-68.38,49.14],[-68.18,49.12],[-68.12,49.28],[-67.38,49.34],[-67.24,49.46],[-67.24,49.62],[-67.14,49.84],[-67.04,49.82],[-66.96,49.98],[-66.74,50.06],[-66.54,50.22],[-66.16,50.2],[-65.92,50.3],[-65.74,50.26],[-65.26,50.32],[-64.88,50.28],[-64.62,50.28],[-64.48,50.32],[-64.24,50.28],[-63.98,50.3],[-63.72,50.3],[-63.44,50.22],[-63.26,50.24],[-63.18,50.3],[-62.86,50.3],[-61.84,50.22],[-61.72,50.1],[-61.32,50.2],[-61.16,50.18],[-60.84,50.26],[-60.54,50.22],[-60.06,50.26],[-59.86,50.32],[-59.8,50.44],[-59.58,50.48],[-59.4,50.66],[-59.2,50.74],[-59.12,50.8],[-59,50.8],[-58.94,51.04],[-58.72,51.1],[-58.66,51.22],[-58.46,51.32],[-58.24,51.28],[-57.98,51.32],[-57.74,51.46],[-57.68,51.44],[-57.24,51.5],[-57.18,51.42],[-56.96,51.42],[-56.34,51.78],[-56.22,51.8],[-55.94,51.92],[-55.88,52],[-55.68,52.12],[-55.7,52.22],[-55.82,52.3],[-55.64,52.44],[-55.74,52.5],[-56,52.52],[-55.94,52.64],[-56.06,52.76],[-55.82,52.84],[-55.84,52.92],[-55.96,53.02],[-55.74,53.14],[-55.82,53.2],[-55.82,53.34],[-56.04,53.44],[-56.04,53.58],[-56.44,53.62],[-56.64,53.66],[-56.64,53.74],[-56.98,53.72],[-57.14,53.62],[-57.32,53.58],[-57.46,53.64],[-57.16,53.74],[-57.36,54.14],[-58.02,54.24],[-58.22,54.24],[-58.42,54.14],[-58.22,54.06],[-58.86,53.94],[-59.08,53.8],[-59.08,53.68],[-59.36,53.66],[-59.52,53.56],[-59.86,53.5],[-60.1,53.34],[-60.34,53.38],[-60.04,53.48],[-60.12,53.54],[-60.1,53.76],[-59.8,53.84],[-59.54,53.82],[-59.22,53.94],[-58.98,53.98],[-58.46,54.24],[-58.26,54.26],[-58.18,54.36],[-57.9,54.38],[-57.68,54.38],[-57.4,54.5],[-57.36,54.6],[-57.44,54.64],[-57.66,54.64],[-57.84,54.74],[-58.14,54.74],[-58.2,54.8],[-58.68,54.82],[-58.88,54.9],[-59.02,55.02],[-59,55.16],[-59.26,55.22],[-59.44,55.14],[-59.86,55.14],[-59.72,55.28],[-59.82,55.32],[-59.94,55.24],[-60.28,55.24],[-60.46,55.16],[-60.36,55.4],[-60.42,55.42],[-60.36,55.58],[-60.48,55.82],[-60.6,55.74],[-60.76,55.78],[-60.78,55.86],[-61.06,55.84],[-61.08,55.92],[-61.34,55.96],[-61.38,56.22],[-61.54,56.2],[-61.62,56.28],[-61.84,56.38],[-61.76,56.48],[-61.86,56.64],[-61.7,56.72],[-61.8,56.78],[-61.5,56.98],[-61.34,56.98],[-61.38,57.12],[-61.52,57.16],[-61.86,57.18],[-61.9,57.28],[-61.82,57.38],[-62.04,57.46],[-62.38,57.42],[-62.28,57.52],[-62.08,57.56],[-61.88,57.62],[-62,57.78],[-62.14,57.84],[-62.3,58.04],[-62.58,58.16],[-62.98,58.1],[-63.08,58.16],[-62.66,58.18],[-62.58,58.5],[-62.78,58.5],[-63,58.42],[-63.18,58.5],[-62.94,58.6],[-62.84,58.66],[-62.92,58.82],[-63.22,59],[-63.2,59.06],[-63.44,59.12],[-63.38,59.22],[-63.54,59.34],[-63.8,59.38],[-63.72,59.5],[-64.14,59.68],[-64.2,59.78],[-64.12,59.9],[-64.22,60.04],[-64.46,60.06],[-64.42,60.26],[-64.62,60.34],[-64.84,60.36],[-64.96,60.2],[-65.12,60],[-65.14,59.9],[-65.42,59.82],[-65.54,59.74],[-65.4,59.42],[-65.58,59.36],[-65.54,59.26],[-65.74,59.26],[-65.64,59.08],[-65.86,58.94],[-65.98,58.92],[-66.1,58.78],[-66.4,58.86],[-66.46,58.72],[-66.62,58.6],[-66.62,58.5],[-66.94,58.5],[-67.06,58.4],[-67.64,58.26],[-67.72,58.34],[-67.68,58.42],[-67.92,58.42],[-67.88,58.5],[-68.14,58.52],[-68.26,58.24],[-68.32,58.26],[-68.2,58.44],[-68.36,58.62],[-68.36,58.78],[-68.64,58.9],[-68.78,58.92],[-69.26,58.9],[-69.84,58.6],[-70.04,58.82],[-69.72,58.86],[-69.56,58.8],[-69.46,58.9],[-69.52,59.18],[-69.24,59.22],[-69.26,59.32],[-69.44,59.36],[-69.62,59.3],[-69.68,59.46],[-69.56,59.6],[-69.66,59.7],[-69.58,59.88],[-69.76,59.98],[-69.62,60.1],[-69.6,60.22],[-69.76,60.34],[-69.68,60.56],[-69.72,60.68],[-69.38,60.8],[-69.38,60.88],[-69.54,61.08],[-69.92,60.82],[-70.06,60.86],[-70.12,61.06],[-70.32,61.1],[-70.6,61.04],[-70.76,61.08],[-70.94,61.08],[-71.24,61.16],[-71.4,61.14],[-71.7,61.28],[-71.68,61.38],[-71.86,61.42],[-71.7,61.54],[-71.66,61.64],[-71.96,61.72],[-72.24,61.88],[-72.6,61.94],[-72.62,62.1],[-73.06,62.18],[-73.2,62.32],[-73.58,62.4],[-73.68,62.48],[-73.88,62.46],[-73.98,62.38],[-74.28,62.32],[-74.42,62.26],[-74.7,62.26],[-74.78,62.18],[-75,62.26],[-75.32,62.32],[-75.82,62.32],[-75.96,62.36],[-76.6,62.46],[-76.76,62.52],[-77.5,62.58],[-78.16,62.3],[-78.16,62.16],[-78.08,61.88],[-77.94,61.7],[-77.7,61.62],[-77.6,61.46],[-77.78,61.46],[-77.76,61.24],[-77.82,61.08],[-78.16,60.86],[-77.6,60.76],[-77.82,60.64],[-77.6,60.5],[-77.74,60.42],[-77.46,60.22],[-77.6,60.12],[-77.56,60.06],[-77.28,60.02],[-77.46,59.68],[-77.72,59.62],[-77.74,59.54],[-77.88,59.48],[-77.78,59.4],[-77.82,59.3],[-78.1,59.2],[-78.14,59.1],[-78.28,59.06],[-78.3,58.96],[-78.56,58.94],[-78.48,58.72],[-78.54,58.6],[-78.32,58.58],[-78.04,58.38],[-77.6,58.28],[-77.48,58.22],[-77.08,57.96],[-76.8,57.68],[-76.8,57.62],[-76.58,57.28],[-76.5,56.78],[-76.52,56.44],[-76.54,56.3],[-76.66,56.08],[-77.04,55.78],[-77.12,55.68],[-77.64,55.38],[-77.78,55.28],[-78.16,55.14],[-78.4,55.02],[-78.88,54.9],[-78.96,54.86],[-79.48,54.76],[-79.68,54.7],[-79.52,54.58],[-79.46,54.32],[-79.36,54.2],[-79.12,54.1],[-79.02,53.84],[-79.06,53.62],[-78.94,53.56],[-79,53.46],[-78.9,53.2],[-78.98,53.08],[-78.88,52.92],[-78.78,52.88],[-78.78,52.66],[-78.52,52.48],[-78.5,52.36],[-78.6,52.1],[-78.74,51.98],[-78.9,51.94],[-78.84,51.84],[-79.02,51.8],[-78.92,51.66],[-78.8,51.62],[-78.8,51.48],[-78.88,51.4],[-79.34,51.66],[-79.56,51.56],[-79.52,51.48],[-79.7,51.38],[-79.68,51.32],[-79.74,51.12],[-80.1,51.3],[-80.42,51.36],[-80.44,51.48],[-80.52,51.54],[-80.6,51.72],[-80.78,51.86],[-80.92,51.9],[-80.98,52],[-81.4,52.12],[-81.58,52.32],[-81.56,52.46],[-81.92,52.68],[-81.98,52.8],[-82.3,52.96],[-82.24,53.22],[-82.12,53.28],[-82.22,53.6],[-82.12,53.82],[-82.24,54.06],[-82.44,54.22],[-82.42,54.38],[-82.2,54.84],[-82.28,55.04],[-82.46,55.14],[-82.68,55.18],[-82.82,55.14],[-82.92,55.22],[-83.24,55.22],[-83.76,55.28],[-83.92,55.32],[-84.08,55.28],[-84.22,55.3],[-84.62,55.24],[-85.12,55.3],[-85.16,55.36],[-85.44,55.42],[-85.68,55.58],[-85.9,55.66],[-86.28,55.72],[-86.88,55.92],[-87.32,55.96],[-87.62,56.1],[-87.98,56.44],[-88.32,56.54],[-88.64,56.7],[-88.92,56.86],[-89.06,56.84],[-89.4,56.92],[-89.82,56.98],[-90.58,57.22],[-91.04,57.26],[-92.22,57.02],[-92.28,57.06],[-92.66,57],[-92.46,57.22],[-92.46,57.44],[-92.76,57.86],[-92.8,58.08],[-92.96,58.26],[-93.12,58.52],[-93.18,58.76],[-93.72,58.8],[-93.88,58.76],[-94.14,58.76],[-94.4,58.72],[-94.48,58.82],[-94.7,58.92],[-94.8,59.02],[-94.78,59.3],[-94.72,59.36],[-94.82,59.66],[-94.78,59.78],[-94.82,59.96],[-94.7,60.1],[-94.72,60.26],[-94.62,60.4],[-94.68,60.48],[-94.52,60.54],[-94.36,60.86],[-94.24,60.9],[-94,61.24],[-93.84,61.32],[-93.98,61.46],[-93.84,61.56],[-93.3,61.76],[-93.5,61.86],[-93.34,61.9],[-93.2,62],[-92.94,62.1],[-93.08,62.18],[-92.78,62.24],[-92.6,62.24],[-92.72,62.46],[-92.26,62.56],[-91.98,62.54],[-91.9,62.64],[-92.2,62.66],[-92.46,62.8],[-92.16,62.8],[-91.98,62.84],[-91.44,62.78],[-91.04,62.96],[-90.82,62.94],[-90.64,63.06],[-90.7,63.28],[-91.02,63.48],[-91.32,63.5],[-91.58,63.58],[-91.78,63.72],[-92.12,63.72],[-92.64,63.78],[-93.22,63.92],[-93.54,63.84],[-93.76,64],[-93.48,64.04],[-93.06,63.94],[-92.78,63.9],[-92.38,63.78],[-91.74,63.74],[-91.38,63.7],[-90.98,63.58],[-90.74,63.58],[-90.16,63.66],[-89.96,63.82],[-90.12,63.96],[-89.82,63.96],[-89.94,64.06],[-89.82,64.1],[-89.56,64.02],[-89.18,64.04],[-88.74,63.98],[-88.04,64.18],[-87.76,64.52],[-87.6,64.56],[-87.32,64.8],[-86.94,65.14],[-87.04,65.24],[-87.38,65.28],[-87.76,65.26],[-89.04,65.32],[-89.18,65.44],[-89.4,65.5],[-89.5,65.62],[-89.74,65.72],[-89.84,65.84],[-89.68,65.94],[-88.98,65.7],[-88.58,65.64],[-88.56,65.58],[-88.2,65.4],[-87.92,65.34],[-87.38,65.32],[-87.08,65.4],[-87.1,65.48],[-86.82,65.56],[-86.48,65.74],[-86.42,65.9],[-85.98,66.04],[-85.86,66.16],[-86.34,66.28],[-86.62,66.32],[-86.8,66.42],[-86.62,66.5],[-85.76,66.52],[-85.42,66.56],[-85.32,66.48],[-85.26,66.28],[-84.38,66.2],[-84.4,66.3],[-84.2,66.32],[-83.98,66.2],[-83.7,66.2],[-83.96,66.48],[-84.22,66.6],[-84.34,66.76],[-84.56,66.82],[-84.6,66.94],[-84.88,66.94],[-85.12,66.84],[-85.22,66.92],[-85,66.96],[-84.38,66.98],[-84.42,66.88],[-84.24,66.84],[-84.14,66.72],[-83.84,66.54],[-83.68,66.52],[-83.56,66.38],[-83.36,66.36],[-83.02,66.5],[-83,66.56],[-82.64,66.56],[-82.38,66.72],[-82.18,66.76],[-81.96,66.98],[-81.52,67],[-81.42,67.1],[-81.24,67.46],[-81.46,67.62],[-81.64,67.68],[-82.08,67.9],[-82.16,68],[-82.1,68.12],[-82.32,68.14],[-82.36,68.36],[-82.58,68.5],[-82.02,68.44],[-81.62,68.52],[-81.26,68.64],[-81.24,68.78],[-81.36,68.86],[-81.7,68.9],[-81.36,69.1],[-81.34,69.18],[-81.76,69.26],[-82.24,69.24],[-82.28,69.42],[-82.62,69.58],[-82.58,69.68],[-83.26,69.7],[-83.76,69.72],[-84.34,69.86],[-84.7,69.86],[-85.34,69.8],[-85.54,69.66],[-85.46,69.58],[-85.54,69.46],[-85.34,69.2],[-85.22,69.14],[-84.76,69.08],[-84.96,69.02],[-84.92,68.94],[-85.14,68.84],[-85.22,68.72],[-85.66,68.72],[-85.74,68.64],[-85.72,68.4],[-85.9,68.18],[-85.9,68.06],[-86.4,67.8],[-86.52,67.68],[-86.5,67.38],[-86.78,67.42],[-86.96,67.36],[-86.96,67.26],[-87.32,67.18],[-87.48,67.36],[-87.98,67.62],[-88.16,67.68],[-88.38,67.98],[-88.28,68.12],[-88.4,68.28],[-88.18,68.28],[-87.94,68.2],[-87.8,68.34],[-88.02,68.8],[-88.24,68.94],[-88.72,69.08],[-88.94,69.24],[-89.34,69.24],[-89.68,69.04],[-89.74,68.92],[-89.68,68.82],[-89.94,68.62],[-89.84,68.54],[-90,68.38],[-90.28,68.24],[-90.36,68.38],[-90.6,68.44],[-90.48,68.6],[-90.44,68.88],[-90.68,69.08],[-91.04,69.22],[-90.8,69.26],[-90.8,69.36],[-90.48,69.44],[-90.66,69.54],[-91.1,69.52],[-91.26,69.64],[-91.42,69.66],[-91.8,69.52],[-92.1,69.56],[-92.48,69.7],[-92.86,69.7],[-92.26,69.88],[-91.94,70.02],[-92.12,70.08],[-92.48,70.1],[-92.26,70.22],[-92,70.12],[-91.54,70.14],[-91.68,70.22],[-91.72,70.36],[-92,70.32],[-92.24,70.62],[-92.62,70.68],[-92.9,70.9],[-92.86,71.14],[-93,71.36],[-93.22,71.46],[-93.82,71.66],[-93.72,71.7],[-94.06,71.78],[-94.54,71.78],[-94.4,71.94],[-94.54,72],[-95.22,71.94],[-95.3,71.72],[-95.5,71.72],[-95.84,71.62],[-95.94,71.56],[-95.46,71.48],[-95.48,71.36],[-95.66,71.3],[-95.98,71.42],[-96.22,71.38],[-96.56,71.12],[-96.48,71.02],[-96.62,70.82],[-96.4,70.68],[-96.2,70.62],[-96.56,70.32],[-96.48,70.1],[-95.98,69.78],[-95.66,69.78],[-95.42,69.68],[-94.88,69.58],[-94.56,69.64],[-94.32,69.46],[-93.94,69.44],[-93.56,69.54],[-93.44,69.36],[-93.7,69.22],[-94.02,69.36],[-94.24,69.34],[-94.32,69.16],[-94.14,69.14],[-94.56,68.9],[-94.64,68.76],[-94.42,68.72],[-94.1,68.76],[-94.04,68.92],[-93.9,69.02],[-93.64,68.96],[-93.58,68.86],[-93.74,68.62],[-93.54,68.56],[-93.94,68.48],[-94.2,68.38],[-94.34,68.24],[-94.86,68.04],[-95.24,68.06],[-95.42,68.02],[-95.58,67.9],[-95.54,67.8],[-95.7,67.72],[-95.46,67.64],[-95.26,67.26],[-95.52,67.22],[-95.74,67.38],[-96.08,67.22],[-96.22,67.32],[-96.12,67.42],[-96.32,67.44],[-96.46,67.54],[-96.18,67.7],[-96.22,67.78],[-96,68.26],[-96.4,68.18],[-96.56,68.04],[-96.8,68.08],[-96.48,68.22],[-96.7,68.28],[-96.92,68.24],[-97,68.36],[-97.26,68.46],[-97.86,68.54],[-98.02,68.5],[-97.8,68.4],[-98.1,68.36],[-98.2,68.3],[-98.54,68.34],[-98.48,68.22],[-98.32,68.16],[-98.44,68.08],[-98.18,67.88],[-97.64,68],[-97.12,67.78],[-97.06,67.68],[-97.6,67.6],[-98.1,67.76],[-98.24,67.92],[-98.52,68.04],[-98.72,67.96],[-98.36,67.82],[-98.92,67.72],[-99.26,67.72],[-99.42,67.8],[-100.16,67.84],[-100.72,67.84],[-100.96,67.74],[-101.26,67.76],[-101.52,67.68],[-101.82,67.72],[-101.94,67.78],[-102.24,67.72],[-102.76,67.82],[-102.94,67.92],[-103.36,68.02],[-103.52,68.14],[-103.88,68.02],[-104.48,68.04],[-104.68,68.14],[-104.6,68.24],[-105.1,68.26],[-105.54,68.44],[-105.4,68.54],[-105.54,68.66],[-105.46,68.72],[-105.76,68.86],[-106.2,68.94],[-107.3,68.7],[-108.28,68.62],[-108.82,68.28],[-108.4,68.26],[-108.34,68.16],[-107.72,68.2],[-107.84,68.34],[-107.14,68.3],[-107,68.38],[-106.58,68.42],[-106.52,68.52],[-105.88,68.64],[-105.7,68.48],[-106.28,68.38],[-106.5,68.24],[-106.82,68.2],[-106.92,68.12],[-107.42,68.04],[-107.88,68.1],[-107.92,68],[-107.66,67.94],[-107.94,67.86],[-107.98,67.7],[-107.58,67.5],[-107.66,67.38],[-107.52,67.22],[-107.24,67.08],[-107.48,66.92],[-107.76,67],[-107.66,66.7],[-107.56,66.6],[-107.2,66.38],[-107.28,66.36],[-107.7,66.62],[-108,66.84],[-108.22,67.02],[-107.88,67.06],[-108,67.28],[-108.44,67.44],[-108.6,67.62],[-108.92,67.54],[-109.08,67.72],[-109.46,67.74],[-109.7,67.82],[-109.98,67.96],[-110.42,67.94],[-111.02,67.76],[-111.3,67.82],[-111.54,67.76],[-111.88,67.76],[-112.42,67.68],[-113.04,67.68],[-113.32,67.72],[-113.86,67.7],[-114.4,67.74],[-114.78,67.82],[-115.12,67.8],[-115.54,67.94],[-115.24,68.04],[-115.18,68.14],[-114.9,68.16],[-114.84,68.26],[-114.06,68.3],[-113.9,68.4],[-114.06,68.44],[-114.2,68.58],[-114.38,68.6],[-114.52,68.72],[-114.74,68.76],[-114.98,68.86],[-115.58,68.98],[-116.16,68.98],[-116.08,68.88],[-116.2,68.84],[-116.96,68.92],[-117.16,68.9],[-117.38,68.96],[-118.04,69.02],[-118.48,69.12],[-118.66,69.22],[-120.28,69.4],[-120.8,69.62],[-121.42,69.76],[-122.04,69.82],[-122.48,69.8],[-122.96,69.84],[-123.16,69.78],[-123.1,69.68],[-123.18,69.5],[-123.36,69.5],[-123.54,69.38],[-124.44,69.36],[-124.42,69.48],[-124.08,69.66],[-124.5,69.74],[-124.4,69.86],[-124.5,69.92],[-124.38,70.14],[-124.98,70.04],[-124.9,69.94],[-125.04,69.74],[-125.38,69.7],[-125.42,69.6],[-125.16,69.46],[-125.16,69.38],[-125.44,69.32],[-125.94,69.42],[-126.24,69.52],[-126.7,69.76],[-126.86,70],[-127.14,70.26],[-127.44,70.4],[-127.92,70.56],[-128.2,70.44],[-128.04,70.3],[-128.12,70.18],[-128.38,70.1],[-128.32,69.98],[-129,69.68],[-129.16,69.72],[-129.18,69.84],[-129.7,69.78],[-130.34,69.7],[-130.46,69.58],[-130.76,69.46],[-131.16,69.5],[-131.42,69.44],[-131.6,69.48],[-131.88,69.28],[-132.38,69.14],[-132.86,69.08],[-132.84,68.92],[-132.56,68.92],[-132.52,68.8],[-132.94,68.86],[-133.12,68.82],[-133.46,68.8],[-133.2,68.94],[-133.2,69.04],[-132.9,69.14],[-132.78,69.26],[-132.12,69.36],[-131.98,69.54],[-131.5,69.58],[-131.08,69.64],[-130.94,69.56],[-130.58,69.76],[-129.6,70],[-129.4,70.12],[-129.66,70.22],[-129.94,70.08],[-130.32,70.14],[-130.94,70.08],[-131.08,69.9],[-131.26,69.94],[-131.62,69.88],[-131.84,69.78],[-132.14,69.68],[-132.54,69.74],[-132.68,69.66],[-132.88,69.66],[-132.96,69.52],[-133.2,69.42],[-133.64,69.4],[-133.7,69.34],[-134.1,69.34],[-133.78,69.5],[-134.12,69.54],[-134.22,69.68],[-134.42,69.66],[-134.64,69.48],[-135.16,69.48],[-135.28,69.42],[-135.22,69.3],[-135.56,69.34],[-135.84,69.3],[-135.96,69.22],[-136,69.02],[-135.86,68.9],[-135.62,68.9],[-135.36,68.78],[-135.64,68.76],[-136.06,68.88],[-136.5,68.92],[-136.66,68.88],[-137,68.94],[-137.2,68.94],[-138.1,69.14],[-138.32,69.22],[-138.64,69.28],[-139.14,69.52],[-139.92,69.62],[-140.22,69.6],[-141,69.66],[-141,68.48],[-141,67.76],[-141,66.88],[-141,66.16],[-141,65.56],[-141,64.54],[-141,63.38],[-141,62.66],[-141,61.92],[-141,61.34],[-141,60.32],[-140.54,60.22],[-140.42,60.3],[-140.02,60.18],[-139.62,60.34],[-139.1,60.34],[-139.08,60.3],[-139.18,60.08],[-139,59.98],[-138.7,59.88],[-138.6,59.76],[-137.62,59.24],[-137.42,58.9],[-137.28,58.98],[-136.84,59.14],[-136.62,59.16],[-136.46,59.28],[-136.46,59.46],[-136.28,59.48],[-136.26,59.62],[-135.92,59.66],[-135.48,59.8],[-135.26,59.7],[-135.02,59.54],[-135.1,59.42],[-134.94,59.28],[-134.7,59.24],[-134.4,59.06],[-134.4,58.98],[-134.22,58.84],[-133.88,58.74],[-133.62,58.54],[-133.46,58.46],[-133.38,58.3],[-133.16,58.14],[-133.08,58],[-132.92,57.88],[-132.56,57.5],[-132.24,57.2],[-132.34,57.08],[-132.04,57.02],[-132.1,56.86],[-131.88,56.8],[-131.8,56.58],[-131.58,56.6],[-131.1,56.4],[-130.84,56.38],[-130.64,56.26],[-130.5,56.24],[-130.4,56.12],[-130.08,56.08],[-130.02,55.9],[-130.14,55.74],[-130.1,55.58],[-129.96,55.28],[-130.16,55.08],[-130.06,55],[-129.82,55.28],[-129.84,55.38],[-129.68,55.38],[-129.96,55.1],[-130.02,54.98],[-130.14,54.88],[-130.2,54.72],[-130.38,54.66],[-130.44,54.56],[-130.46,54.34],[-130.28,54.36],[-130.28,54.2],[-130.12,54.16],[-130.1,53.94],[-129.34,53.4],[-129.24,53.44],[-129.22,53.64],[-129.12,53.72],[-128.86,53.84],[-128.78,53.78],[-128.78,53.56],[-128.88,53.44],[-128.88,53.3],[-128.54,53.14],[-128.48,52.86],[-128.12,52.76],[-128.24,52.56],[-128.22,52.46],[-128.32,52.38],[-128.24,52.32],[-128.1,52.52],[-128.02,52.34],[-127.8,52.26],[-127.5,52.36],[-127.46,52.42],[-127.22,52.46],[-127.16,52.36],[-127.28,52.24],[-127.64,52.08],[-127.68,51.96],[-127.84,51.92],[-127.9,51.82],[-127.88,51.68],[-127.66,51.4],[-127.78,51.24],[-127.78,51.16],[-127.42,50.94],[-127.02,50.82],[-126.86,50.94],[-126.48,50.82],[-126.18,50.86],[-126.02,50.66],[-126.22,50.64],[-126.24,50.5],[-125.96,50.48],[-125.84,50.52],[-125.7,50.44],[-125.4,50.5],[-125.12,50.44],[-125.06,50.32],[-124.7,50.32],[-124.6,50.24],[-124.74,49.96],[-124.4,49.76],[-124.18,49.78],[-124.02,49.74],[-124.06,49.64],[-123.96,49.52],[-123.56,49.38],[-123.48,49.52],[-123.24,49.6],[-123.24,49.28],[-123.22,49.12],[-123.1,49],[-123.04,49],[-122.96,49.08],[-122.76,49],[-121.34,49],[-120.68,49],[-119.36,49],[-118.26,49],[-117.16,49],[-115.62,49],[-114.52,49],[-113.64,49],[-112.32,49],[-111.44,49],[-110.56,49],[-109.24,49],[-108.36,49],[-107.26,49],[-105.94,49],[-105.06,49],[-103.52,49],[-102,49],[-100.68,49],[-99.8,49],[-98.7,49],[-98.04,49],[-96.94,49],[-96.28,49],[-95.18,49],[-95.16,49.36],[-94.98,49.36],[-94.82,49.3],[-94.82,49.16],[-94.72,48.92],[-94.72,48.8],[-94.6,48.72],[-94.32,48.72],[-94.24,48.66],[-93.88,48.64],[-93.76,48.52],[-93.5,48.54],[-93.46,48.6],[-93.26,48.64],[-92.98,48.62],[-92.64,48.54],[-92.52,48.44],[-92.38,48.24],[-92.3,48.32],[-92.04,48.34],[-91.96,48.22],[-91.76,48.18],[-91.7,48.1],[-91.42,48.04],[-91.28,48.06],[-90.92,48.22],[-90.84,48.22],[-90.78,48.1],[-90.54,48.08],[-90.18,48.12],[-90.08,48.1],[-89.98,48.02],[-89.34,47.98],[-88.64,48.26],[-88.34,48.3],[-87.4,47.92],[-86.64,47.62],[-85.5,47.16],[-84.88,46.9],[-84.78,46.64],[-84.58,46.48],[-84.42,46.52],[-84.12,46.52],[-84.16,46.44],[-84.08,46.2],[-83.94,46.06],[-83.84,46.12],[-83.62,46.12],[-83.46,46],[-83.64,45.78],[-83.48,45.78],[-82.58,45.38],[-82.54,45.3],[-82.3,44.24],[-82.14,43.62],[-82.16,43.54],[-82.42,43.06],[-82.48,42.82],[-82.52,42.64],[-82.8,42.42],[-83.04,42.34],[-83.12,42.24],[-83.16,42],[-83.06,41.84],[-82.72,41.68],[-82.42,41.68],[-81.28,42.2],[-80.24,42.36],[-79.02,42.8],[-78.92,42.94],[-79.04,43.02],[-79.06,43.26],[-79.18,43.46],[-78.68,43.64],[-77.54,43.62],[-76.84,43.62],[-76.8,43.64],[-76.46,44.08],[-76.2,44.22],[-76.06,44.34],[-75.88,44.4],[-75.7,44.58],[-75.28,44.86],[-74.86,45.02],[-74.72,45]]],[[[-67.18,45.18],[-67.08,45.1],[-66.74,45.06],[-66.5,45.16],[-66.42,45.08],[-66.18,45.18],[-66.12,45.28],[-65.9,45.22],[-65.54,45.32],[-65.32,45.46],[-65,45.56],[-64.88,45.64],[-64.76,45.62],[-64.58,45.82],[-64.42,45.8],[-64.42,45.7],[-64.64,45.56],[-64.84,45.48],[-64.94,45.36],[-64.72,45.32],[-64.58,45.42],[-64.38,45.36],[-64.32,45.4],[-64.06,45.42],[-63.6,45.4],[-63.82,45.28],[-64.12,45.22],[-64.22,45.1],[-64.36,45.2],[-64.52,45.22],[-64.86,45.14],[-65.24,44.96],[-65.78,44.7],[-65.84,44.56],[-66.04,44.44],[-66.12,44.34],[-66.22,44.1],[-66.14,44],[-66.18,43.9],[-66.12,43.74],[-65.96,43.74],[-65.9,43.82],[-65.78,43.66],[-65.78,43.56],[-65.66,43.5],[-65.46,43.52],[-65.26,43.68],[-65.04,43.72],[-64.88,43.84],[-64.82,43.96],[-64.66,44],[-64.56,44.08],[-64.34,44.34],[-64.36,44.46],[-64.12,44.56],[-64.06,44.64],[-63.94,44.62],[-63.92,44.52],[-63.8,44.52],[-63.72,44.46],[-63.52,44.52],[-63.58,44.66],[-63.28,44.64],[-63.24,44.68],[-63.02,44.7],[-62.56,44.86],[-61.88,45.04],[-61.8,45.1],[-61.64,45.08],[-61.56,45.14],[-61.38,45.16],[-61.34,45.24],[-61.08,45.22],[-60.98,45.32],[-61.14,45.36],[-61.46,45.34],[-61.26,45.44],[-61.48,45.68],[-61.62,45.62],[-61.9,45.7],[-61.92,45.88],[-62.48,45.62],[-62.74,45.76],[-63.08,45.78],[-63.18,45.74],[-63.44,45.82],[-63.8,45.88],[-63.9,45.98],[-63.82,46.14],[-64.02,46.18],[-64.16,46.16],[-64.26,46.24],[-64.52,46.24],[-64.62,46.34],[-64.62,46.42],[-64.72,46.58],[-64.72,46.68],[-64.86,46.78],[-64.9,46.88],[-64.8,46.98],[-64.82,47.08],[-65.34,47.1],[-64.96,47.3],[-64.86,47.48],[-64.9,47.56],[-64.68,47.72],[-64.82,47.82],[-65,47.8],[-65.02,47.84],[-65.2,47.82],[-65.48,47.68],[-65.62,47.68],[-65.82,47.9],[-65.98,47.92],[-66.26,48],[-66.28,48.12],[-66.1,48.1],[-65.96,48.2],[-65.78,48.12],[-65.28,48.02],[-64.78,48.2],[-64.7,48.32],[-64.54,48.38],[-64.32,48.42],[-64.2,48.52],[-64.16,48.62],[-64.28,48.72],[-64.3,48.84],[-64.22,48.9],[-64.62,49.12],[-64.96,49.22],[-65.56,49.26],[-65.88,49.22],[-66.22,49.2],[-66.62,49.12],[-67.42,48.88],[-67.54,48.86],[-67.96,48.7],[-68.2,48.64],[-68.72,48.38],[-68.8,48.38],[-69.06,48.24],[-69.32,48.04],[-69.44,48],[-69.56,47.84],[-69.8,47.62],[-70.04,47.46],[-70.08,47.36],[-70.2,47.32],[-70.38,47.12],[-70.54,47.02],[-70.9,46.9],[-70.98,46.86],[-71.16,46.84],[-71.3,46.74],[-71.72,46.64],[-71.84,46.66],[-72,46.58],[-72.18,46.52],[-72.28,46.42],[-72.5,46.36],[-72.74,46.18],[-72.94,46.14],[-73.14,46.06],[-73.26,45.86],[-73.42,45.76],[-73.56,45.42],[-73.68,45.44],[-74.04,45.24],[-74.14,45.24],[-74.4,45.14],[-74.48,45.06],[-74.72,45],[-73.4,45],[-72.3,45],[-71.5,45.02],[-71.4,45.24],[-71.3,45.3],[-71.14,45.26],[-71.02,45.34],[-70.84,45.3],[-70.84,45.4],[-70.72,45.48],[-70.68,45.58],[-70.4,45.74],[-70.42,45.8],[-70.26,45.92],[-70.32,46.08],[-70.28,46.22],[-70.18,46.36],[-70.08,46.42],[-70,46.7],[-69.26,47.44],[-69.06,47.44],[-69.04,47.24],[-68.9,47.2],[-68.64,47.24],[-68.54,47.3],[-68.2,47.34],[-67.96,47.2],[-67.8,47.04],[-67.78,46.22],[-67.78,45.82],[-67.8,45.7],[-67.66,45.64],[-67.44,45.62],[-67.5,45.5],[-67.42,45.38],[-67.48,45.28],[-67.36,45.16],[-67.18,45.18]]],[[[-53.56,48.2],[-53.64,48.16],[-53.7,48.16],[-53.76,48.18],[-53.92,48.18],[-53.88,48.1],[-53.56,48.08],[-53.56,48.2]]],[[[-54.28,49.58],[-54.02,49.66],[-54.1,49.76],[-54.3,49.68],[-54.28,49.58]]],[[[-52.62,47.52],[-52.7,47.76],[-52.8,47.78],[-52.86,47.6],[-53.12,47.44],[-53.24,47.6],[-53.06,47.94],[-52.86,48.12],[-53.28,48.02],[-53.5,47.74],[-53.48,47.7],[-53.6,47.54],[-53.84,47.7],[-53.62,48],[-53.68,48.08],[-53.9,48.08],[-53.94,48.18],[-53.9,48.24],[-53.84,48.2],[-53.76,48.2],[-53.64,48.16],[-53.54,48.24],[-53.38,48.28],[-53.36,48.36],[-53.18,48.36],[-53.06,48.44],[-52.98,48.6],[-53.14,48.64],[-53.26,48.52],[-53.42,48.62],[-53.52,48.46],[-53.78,48.56],[-53.7,48.66],[-53.88,48.74],[-53.92,48.92],[-53.6,49.04],[-53.46,49.24],[-53.68,49.36],[-54.04,49.48],[-54.48,49.4],[-54.54,49.52],[-54.74,49.32],[-55.22,49.26],[-55.22,49.4],[-55.12,49.46],[-55.16,49.54],[-55.58,49.48],[-55.64,49.4],[-55.94,49.6],[-55.72,49.94],[-56.14,50.16],[-56.32,50.04],[-56.72,49.7],[-56.8,49.8],[-56.72,49.94],[-56.74,50.02],[-56.52,50.2],[-56.42,50.38],[-55.88,50.92],[-55.74,51.08],[-55.72,51.18],[-55.84,51.24],[-56.02,51.22],[-55.96,51.34],[-55.8,51.36],[-55.62,51.3],[-55.5,51.38],[-55.4,51.58],[-55.52,51.6],[-55.84,51.56],[-55.9,51.62],[-56.1,51.52],[-56.5,51.42],[-56.72,51.32],[-56.8,51.14],[-56.98,50.98],[-56.98,50.88],[-57.3,50.64],[-57.46,50.48],[-57.62,50.16],[-57.94,49.7],[-57.92,49.58],[-58.18,49.44],[-58.22,49.26],[-58.1,49.18],[-58.14,49.1],[-58.44,49.06],[-58.54,48.88],[-58.66,48.72],[-58.68,48.6],[-58.8,48.56],[-58.96,48.6],[-58.98,48.68],[-59.2,48.56],[-59.08,48.52],[-58.7,48.56],[-58.54,48.46],[-58.72,48.3],[-59,48.12],[-59.24,48.02],[-59.4,47.88],[-59.28,47.76],[-59.3,47.62],[-59.12,47.56],[-58.92,47.6],[-58.76,47.6],[-58.58,47.64],[-58.1,47.7],[-57.84,47.66],[-57.32,47.64],[-57.12,47.56],[-56.98,47.58],[-56.78,47.54],[-56.68,47.62],[-56.38,47.6],[-56.24,47.64],[-55.96,47.76],[-55.86,47.6],[-56.04,47.54],[-55.78,47.46],[-55.44,47.48],[-55.38,47.68],[-55.08,47.6],[-54.9,47.62],[-54.94,47.52],[-55.18,47.46],[-55.26,47.42],[-55.3,47.26],[-55.48,47.14],[-55.86,47.08],[-55.98,46.98],[-55.86,46.88],[-55.58,46.9],[-55.42,46.86],[-55.26,46.92],[-55.2,47.02],[-55.1,47.06],[-54.98,47.28],[-54.86,47.38],[-54.76,47.36],[-54.6,47.4],[-54.46,47.5],[-54.14,47.84],[-54.02,47.8],[-53.88,47.52],[-53.92,47.38],[-54.16,47],[-54.18,46.82],[-54.06,46.8],[-53.82,46.96],[-53.58,47.16],[-53.52,47.12],[-53.64,46.98],[-53.6,46.9],[-53.62,46.66],[-53.56,46.62],[-53.38,46.74],[-53.22,46.64],[-53.06,46.66],[-52.94,46.8],[-52.86,47.02],[-52.86,47.1],[-52.78,47.32],[-52.74,47.34],[-52.62,47.52]]],[[[-127.92,51.52],[-128,51.72],[-128.16,51.62],[-128.08,51.48],[-127.92,51.52]]],[[[-128.14,51.86],[-128.04,51.84],[-127.96,51.98],[-128,52.06],[-128.16,52.04],[-128.22,51.96],[-128.14,51.86]]],[[[-128.22,52.22],[-128.44,52.24],[-128.52,52.16],[-128.3,52.14],[-128.22,52.22]]],[[[-127.24,52.42],[-127.42,52.4],[-127.52,52.32],[-127.82,52.2],[-127.88,51.96],[-127.7,52],[-127.64,52.14],[-127.46,52.24],[-127.28,52.28],[-127.24,52.42]]],[[[-128.56,52.62],[-128.72,52.6],[-128.74,52.52],[-128.54,52.44],[-128.48,52.48],[-128.56,52.62]]],[[[-128.32,52.42],[-128.32,52.68],[-128.44,52.74],[-128.44,52.52],[-128.32,52.42]]],[[[-128.94,52.62],[-129.26,52.82],[-129.3,52.76],[-129.06,52.52],[-128.94,52.62]]],[[[-131.12,52.18],[-131.14,52.32],[-131.34,52.3],[-131.42,52.46],[-131.66,52.54],[-131.72,52.7],[-131.84,52.72],[-131.86,52.86],[-131.62,52.92],[-131.62,53.06],[-131.9,53.24],[-132.06,53.16],[-132.38,53.14],[-132.54,53.16],[-132.5,53.04],[-132.24,53.02],[-132.34,52.94],[-132.14,52.76],[-131.94,52.66],[-131.88,52.58],[-131.68,52.48],[-131.38,52.2],[-131.18,52.12],[-131.12,52.18]]],[[[-128.8,52.7],[-128.74,52.92],[-128.66,52.9],[-128.74,52.74],[-128.76,52.6],[-128.6,52.62],[-128.54,52.84],[-128.54,53.02],[-128.64,53.16],[-128.9,53.3],[-129.08,53.3],[-129.1,53.08],[-129.18,53.02],[-129.18,52.94],[-129.06,52.74],[-128.92,52.68],[-128.8,52.7]]],[[[-129.3,53.1],[-129.14,53.12],[-129.18,53.32],[-129.32,53.22],[-129.3,53.1]]],[[[-128.92,53.4],[-129.02,53.54],[-129.14,53.36],[-128.92,53.32],[-128.92,53.4]]],[[[-129.74,53.24],[-129.98,53.46],[-130.26,53.58],[-130.5,53.64],[-130.54,53.56],[-130.32,53.4],[-130.08,53.32],[-129.94,53.16],[-129.74,53.24]]],[[[-129.16,53.38],[-129.1,53.5],[-128.98,53.58],[-128.88,53.58],[-128.84,53.72],[-129.06,53.68],[-129.16,53.62],[-129.16,53.38]]],[[[-130.4,53.68],[-130.34,53.62],[-130.1,53.58],[-130.14,53.7],[-130.3,53.76],[-130.4,53.68]]],[[[-130.26,53.9],[-130.2,53.74],[-130.1,53.7],[-130.04,53.58],[-129.94,53.6],[-129.8,53.38],[-129.56,53.22],[-129.34,53.36],[-129.68,53.6],[-129.84,53.74],[-130.2,53.92],[-130.26,53.9]]],[[[-130.44,53.98],[-130.36,53.84],[-130.24,53.98],[-130.4,54.1],[-130.68,53.98],[-130.54,53.92],[-130.44,53.98]]],[[[-132.58,53.2],[-132.4,53.14],[-132.22,53.24],[-132,53.26],[-131.9,53.36],[-131.94,53.52],[-131.88,53.78],[-131.7,54],[-131.7,54.12],[-131.92,54.04],[-132.14,54.04],[-132.08,53.9],[-132.2,53.78],[-132.16,53.7],[-132.38,53.64],[-132.52,53.7],[-132.24,53.78],[-132.12,53.88],[-132.14,54],[-132.3,54.12],[-132.54,54.04],[-132.64,54.14],[-132.84,54.12],[-133.04,54.16],[-133.04,54.04],[-133.14,53.9],[-132.9,53.62],[-132.92,53.52],[-132.52,53.42],[-132.76,53.32],[-132.58,53.2]]],[[[-57.88,54.82],[-57.94,54.92],[-58.22,54.86],[-58.16,54.76],[-58.02,54.76],[-57.88,54.82]]],[[[-61.62,56.84],[-61.64,56.74],[-61.46,56.62],[-61.38,56.7],[-61.36,56.86],[-61.46,56.96],[-61.62,56.84]]],[[[-61.62,57.42],[-61.72,57.54],[-61.84,57.42],[-61.62,57.42]]],[[[-61.9,57.76],[-61.74,57.72],[-61.66,57.78],[-61.8,57.84],[-61.9,57.76]]],[[[-69.1,59.14],[-69.36,59.14],[-69.24,58.98],[-69.1,59.14]]],[[[-104.5,68.52],[-104.68,68.58],[-105.06,68.54],[-104.9,68.46],[-104.66,68.4],[-104.42,68.44],[-104.5,68.52]]],[[[-101.7,68.78],[-101.98,68.82],[-102.3,68.66],[-101.82,68.58],[-101.68,68.68],[-101.7,68.78]]],[[[-100.2,68.8],[-100.22,68.92],[-100.4,69.02],[-100.64,69],[-100.62,68.78],[-100.36,68.72],[-100.2,68.8]]],[[[-96.56,69.48],[-96.16,69.36],[-96.14,69.56],[-96.64,69.56],[-96.56,69.48]]],[[[-95.94,69.42],[-95.78,69.46],[-95.54,69.34],[-95.42,69.38],[-95.38,69.52],[-95.62,69.62],[-95.92,69.6],[-95.94,69.42]]],[[[-95.22,68.86],[-95.58,68.84],[-95.84,68.9],[-95.98,69.06],[-95.96,69.14],[-96.22,69.32],[-96.54,69.42],[-96.9,69.5],[-97.22,69.68],[-97.92,69.9],[-98.22,69.8],[-98.36,69.56],[-98.6,69.56],[-98.6,69.44],[-98.42,69.36],[-98.72,69.2],[-99,69.14],[-99.3,69.16],[-99.6,69.04],[-99.42,68.9],[-99.18,68.84],[-98.86,68.84],[-98.52,68.76],[-98.26,68.74],[-97.76,68.66],[-97.56,68.56],[-97.16,68.52],[-97.04,68.56],[-96.52,68.44],[-96.3,68.48],[-95.8,68.72],[-95.44,68.74],[-95.22,68.86]]],[[[-100.36,70.48],[-100.34,70.6],[-100.66,70.56],[-100.36,70.48]]],[[[-100.88,69.8],[-100.96,69.94],[-101,70.18],[-101.58,70.14],[-101.7,70.3],[-101.96,70.26],[-102.4,70.42],[-103.12,70.58],[-103.54,70.6],[-104.02,70.78],[-104.1,70.9],[-104.6,71.08],[-104.46,71.22],[-104.5,71.32],[-104.28,71.36],[-104.4,71.52],[-104.38,71.6],[-105.04,72.12],[-104.96,72.18],[-105.28,72.44],[-105.2,72.48],[-105.46,72.7],[-105.34,72.76],[-105.82,73.06],[-106.24,73.08],[-106.82,73.3],[-107.18,73.2],[-107.66,73.32],[-108.02,73.36],[-108.06,73.24],[-108.3,73.14],[-108.16,73.06],[-108.14,72.88],[-107.88,72.58],[-107.9,72.48],[-107.72,72.3],[-107.78,72.14],[-107.62,72.02],[-107.26,71.9],[-107.66,71.7],[-108,71.68],[-108.28,71.8],[-108.18,71.94],[-108.42,72],[-108.42,72.12],[-108.66,72.36],[-108.64,72.56],[-108.86,72.6],[-109.18,72.76],[-109.38,72.78],[-110.08,73],[-110.7,73],[-110.48,72.84],[-110.24,72.82],[-110.18,72.68],[-109.78,72.5],[-110.04,72.44],[-110.24,72.52],[-110.72,72.58],[-111.08,72.4],[-111.4,72.42],[-111.66,72.3],[-111.9,72.34],[-111.56,72.44],[-111.28,72.56],[-111.22,72.72],[-112.08,72.9],[-113.02,73.02],[-113.2,73],[-113.6,72.78],[-113.44,72.76],[-114.32,72.6],[-114.36,72.74],[-114.02,72.8],[-114.04,72.98],[-113.96,73.12],[-114.26,73.34],[-114.58,73.38],[-115.58,73.2],[-116.64,73.04],[-116.9,72.96],[-117.36,72.92],[-117.86,72.7],[-118.18,72.64],[-118.52,72.52],[-118.6,72.42],[-118.42,72.34],[-118.12,72.3],[-118.12,72.22],[-118.68,72.14],[-118.74,72.06],[-119.06,71.94],[-119.14,71.78],[-119.06,71.62],[-118.48,71.66],[-118.36,71.6],[-118.08,71.66],[-117.78,71.58],[-118.12,71.54],[-118.3,71.44],[-118.16,71.38],[-117.56,71.38],[-117.04,71.44],[-116.82,71.44],[-116.18,71.5],[-115.9,71.4],[-116.8,71.3],[-117.48,71.18],[-117.8,71.18],[-118.38,71.02],[-118.18,70.84],[-117.7,70.7],[-117.58,70.6],[-116.98,70.6],[-116.24,70.64],[-116.04,70.58],[-115.58,70.58],[-114.18,70.66],[-113.98,70.72],[-113.56,70.64],[-113.2,70.64],[-112.92,70.56],[-112.14,70.5],[-112.06,70.42],[-111.8,70.36],[-111.94,70.26],[-112.26,70.3],[-112.58,70.2],[-113.48,70.28],[-113.64,70.26],[-114.18,70.32],[-116.04,70.22],[-116.96,70.12],[-117.36,70.04],[-117.44,69.98],[-117.26,69.76],[-116.62,69.58],[-116.64,69.46],[-115.98,69.3],[-115.18,69.24],[-114.4,69.28],[-113.58,69.2],[-113.56,69.06],[-113.68,68.9],[-113.66,68.8],[-113.36,68.6],[-113.1,68.54],[-113.24,68.46],[-112.74,68.46],[-112.58,68.5],[-111.54,68.54],[-111.26,68.52],[-110.6,68.62],[-110.38,68.58],[-110.22,68.62],[-109.62,68.64],[-108.96,68.74],[-108.56,68.88],[-108.54,68.94],[-107.94,68.94],[-107.34,69.02],[-106.92,69.24],[-106.96,69.36],[-106.76,69.38],[-106.58,69.5],[-106.32,69.4],[-106.28,69.28],[-106.42,69.18],[-106.2,69.14],[-105.88,69.18],[-105.54,69.16],[-105.46,69.1],[-104.92,69.04],[-105.26,68.96],[-105.12,68.9],[-104.6,68.86],[-104.44,68.94],[-103.38,68.78],[-103.02,68.8],[-102.52,68.86],[-102.38,68.92],[-101.96,68.96],[-101.76,69.12],[-101.94,69.26],[-102.24,69.26],[-101.94,69.42],[-102.06,69.48],[-102.46,69.48],[-102.54,69.42],[-103.04,69.36],[-103.04,69.52],[-103.52,69.62],[-103.3,69.7],[-103.16,69.62],[-102.78,69.54],[-102.5,69.56],[-102.58,69.74],[-102.02,69.8],[-101.7,69.7],[-101.44,69.76],[-101.32,69.68],[-100.96,69.66],[-100.88,69.8]]],[[[-72.94,66.74],[-73.34,66.66],[-73.46,66.56],[-74.08,66.3],[-74.34,66.22],[-74.42,66.08],[-74.02,65.86],[-73.72,65.78],[-73.68,65.66],[-73.5,65.5],[-73.68,65.46],[-73.88,65.54],[-74.18,65.52],[-74.5,65.34],[-74.88,65.4],[-75.22,65.26],[-75.72,65.3],[-75.8,65.26],[-75.56,65.16],[-75.4,65.06],[-75.38,64.84],[-75.6,64.88],[-75.42,64.98],[-75.46,65.08],[-75.74,65.16],[-75.76,65.22],[-76.68,65.42],[-77.08,65.42],[-77.24,65.48],[-77.44,65.46],[-77.52,65.32],[-77.32,65.2],[-77.62,65.14],[-77.96,65.06],[-78.14,64.96],[-78.08,64.82],[-78.18,64.76],[-78.18,64.58],[-77.76,64.34],[-77.66,64.38],[-77.38,64.32],[-77.14,64.3],[-76.68,64.2],[-76.72,64.3],[-76.32,64.28],[-76.36,64.34],[-75.86,64.38],[-75.7,64.58],[-75.36,64.52],[-75.24,64.46],[-74.92,64.44],[-74.72,64.38],[-74.54,64.44],[-74.64,64.54],[-74.56,64.64],[-74.08,64.64],[-74,64.58],[-74.12,64.34],[-74,64.32],[-73.9,64.56],[-73.46,64.6],[-73.4,64.5],[-73.48,64.4],[-73.38,64.28],[-73.14,64.3],[-73.08,64.2],[-72.88,64.1],[-72.6,63.86],[-72.32,63.78],[-72.32,63.68],[-71.94,63.68],[-71.82,63.78],[-71.56,63.7],[-71.58,63.6],[-71.28,63.56],[-71.68,63.42],[-71.76,63.28],[-71.68,63.18],[-71.38,63.04],[-71.02,63.08],[-71,63],[-70.82,62.9],[-70.5,62.86],[-70.24,62.76],[-70.06,62.74],[-69.62,62.8],[-69.5,62.74],[-69.58,62.66],[-69.44,62.56],[-69.02,62.38],[-68.96,62.38],[-68.56,62.24],[-67.98,62.22],[-67.68,62.16],[-67.4,62.14],[-66.78,62.02],[-66.56,61.9],[-66.28,61.86],[-65.96,61.9],[-66.12,62.08],[-65.94,62.2],[-66.3,62.36],[-66.56,62.56],[-66.98,62.7],[-67.2,62.88],[-67.52,63],[-67.64,63.1],[-67.8,63.08],[-68.14,63.16],[-68.4,63.38],[-68.76,63.56],[-68.92,63.76],[-68.5,63.74],[-68.4,63.66],[-68.12,63.6],[-67.86,63.46],[-67.68,63.64],[-67.5,63.44],[-67.24,63.32],[-67.02,63.28],[-66.82,63.16],[-66.7,63.04],[-66.52,63.08],[-66.2,62.96],[-66.06,63],[-65.88,62.94],[-65.66,62.92],[-65.6,62.82],[-65.28,62.78],[-65.36,62.7],[-65.16,62.56],[-64.96,62.66],[-65.2,62.9],[-65.1,62.96],[-64.88,62.86],[-64.76,63.06],[-64.82,63.14],[-65.02,63.24],[-64.9,63.28],[-65.1,63.54],[-64.94,63.58],[-64.78,63.32],[-64.64,63.24],[-64.48,63.28],[-64.56,63.56],[-64.5,63.64],[-64.68,63.74],[-64.92,63.78],[-64.9,63.9],[-64.64,63.98],[-64.66,64.02],[-65.08,64.08],[-65.3,64.2],[-65.26,64.3],[-65.08,64.48],[-65.72,64.52],[-65.58,64.64],[-65.58,64.76],[-65.82,64.88],[-66.02,64.76],[-66.2,64.9],[-66.64,64.96],[-66.96,65.08],[-66.94,65.22],[-67.16,65.26],[-67.06,65.46],[-67.44,65.5],[-67.28,65.64],[-67.46,65.68],[-67.92,65.62],[-67.92,65.76],[-68.1,65.8],[-68.14,65.92],[-68.02,66],[-67.82,65.88],[-67.18,65.94],[-67.3,66],[-67.3,66.12],[-67.76,66.26],[-67.86,66.42],[-67.58,66.42],[-67.3,66.28],[-67.14,66.44],[-67.38,66.54],[-66.96,66.54],[-66.74,66.38],[-66.48,66.34],[-66.14,66.14],[-65.96,66.12],[-65.9,65.96],[-65.4,65.98],[-64.96,66.08],[-64.9,66],[-65.36,65.92],[-65.5,65.76],[-65.3,65.56],[-65.12,65.5],[-65.08,65.38],[-64.9,65.28],[-64.7,65.24],[-64.74,65.16],[-64.54,65.1],[-64.46,65.2],[-64.18,65.18],[-63.88,65.08],[-63.66,64.92],[-63.4,65.04],[-63.5,65.38],[-63.36,65.54],[-63.16,65.64],[-62.6,65.66],[-62.52,65.8],[-62.3,65.82],[-62.42,65.98],[-61.96,66.02],[-62.18,66.12],[-62.54,66.22],[-62.22,66.4],[-61.94,66.28],[-61.5,66.36],[-61.58,66.56],[-61.28,66.6],[-61.3,66.68],[-61.6,66.88],[-62,67.04],[-62.3,67.02],[-62.28,66.94],[-62.9,66.98],[-63.34,66.9],[-63.22,67.04],[-63.26,67.14],[-62.98,67.22],[-63.16,67.34],[-63.42,67.22],[-63.88,67.24],[-63.94,67.36],[-64.22,67.62],[-64.28,67.72],[-64.6,67.84],[-64.82,67.78],[-65.04,67.86],[-64.72,67.98],[-64.96,68.06],[-65.18,67.96],[-65.44,68],[-65.76,67.96],[-65.8,67.86],[-66.22,68],[-66.32,68.12],[-66.54,68.16],[-66.82,68.1],[-66.76,68.24],[-67.06,68.48],[-67.66,68.56],[-67.94,68.52],[-68.36,68.62],[-68.12,68.68],[-68.54,68.76],[-68.4,68.84],[-68.14,68.84],[-68.04,68.98],[-67.74,69.04],[-68.12,69.14],[-68.08,69.22],[-67.68,69.18],[-66.66,69.18],[-66.78,69.34],[-67.22,69.46],[-67.8,69.48],[-68,69.46],[-68.58,69.6],[-68.34,69.64],[-68.02,69.78],[-67.74,69.78],[-67.34,69.72],[-67.12,69.72],[-67.24,69.96],[-67.8,70.26],[-68.16,70.32],[-68.32,70.22],[-68.34,70.06],[-68.54,70.06],[-68.66,69.94],[-68.92,69.96],[-68.64,70.14],[-68.7,70.2],[-69.2,70.2],[-69.48,70.24],[-68.72,70.32],[-68.46,70.38],[-68.3,70.5],[-68.36,70.58],[-69.1,70.72],[-69.2,70.78],[-69.6,70.78],[-69.92,70.88],[-70.62,70.72],[-70.72,70.84],[-70.52,70.94],[-70.64,71.08],[-70.78,71.12],[-71.16,71.04],[-71.32,70.88],[-71.6,70.88],[-71.96,70.8],[-72.34,70.76],[-72.16,70.84],[-72.36,70.88],[-72.04,71.08],[-71.86,71.12],[-71.44,71.08],[-71.12,71.28],[-71.58,71.52],[-72.48,71.64],[-72.64,71.54],[-72.84,71.5],[-72.76,71.44],[-73,71.4],[-72.98,71.28],[-73.26,71.34],[-73.56,71.56],[-73.68,71.6],[-73.6,71.76],[-73.9,71.78],[-74.28,71.74],[-74.64,71.66],[-74.74,71.74],[-74.26,71.82],[-74.12,71.96],[-74.24,72.08],[-75.06,72.12],[-74.94,72.26],[-75.2,72.5],[-75.74,72.58],[-76.66,72.64],[-76.88,72.74],[-77.6,72.76],[-77.98,72.7],[-78.54,72.52],[-78.56,72.36],[-78.94,72.2],[-79.28,72.4],[-79.54,72.3],[-79.76,72.4],[-80.04,72.4],[-80.48,72.18],[-80.4,72.06],[-80.76,71.98],[-80.84,72.26],[-80.52,72.38],[-80.56,72.62],[-80.26,72.72],[-80.64,72.92],[-80.54,73.1],[-80.64,73.16],[-81.14,73.24],[-81.22,73.32],[-81.22,73.54],[-81.52,73.72],[-82.84,73.74],[-83.64,73.6],[-84,73.5],[-84.84,73.38],[-85.12,73.32],[-85.2,73.24],[-85.04,73.14],[-85.46,73.12],[-85.66,72.88],[-85.7,72.64],[-85.52,72.46],[-85.34,72.42],[-84.78,72.36],[-85.04,72.26],[-85.5,72.22],[-85.58,72.06],[-85.74,71.94],[-85.44,71.82],[-85.26,71.66],[-84.9,71.64],[-84.72,71.68],[-84.52,71.48],[-84.7,71.44],[-84.86,71.16],[-85.54,71.18],[-85.2,71.26],[-84.86,71.28],[-84.96,71.42],[-85.5,71.52],[-86.12,71.8],[-86.4,72],[-86.46,72.2],[-86.26,72.4],[-86.32,72.5],[-86.68,72.64],[-86.7,72.82],[-86.28,73.08],[-86.04,73.3],[-85.58,73.52],[-84.96,73.66],[-84.88,73.74],[-85.1,73.82],[-86.02,73.86],[-86.72,73.84],[-87.76,73.72],[-88.42,73.52],[-89.06,73.26],[-89.32,73.04],[-89.32,72.88],[-89.76,72.62],[-89.84,72.4],[-89.96,72.26],[-89.76,72.12],[-90,72.08],[-90.1,71.92],[-89.8,71.76],[-89.98,71.66],[-89.96,71.42],[-89.82,71.32],[-88.62,71.24],[-88.06,71.22],[-87.22,71.02],[-87.36,70.94],[-87.9,70.94],[-88.32,70.96],[-88.64,71.06],[-89.12,71.04],[-89.44,70.9],[-89.3,70.78],[-89.08,70.7],[-88.9,70.54],[-88.7,70.46],[-88.14,70.4],[-87.86,70.24],[-87.42,70.32],[-87.04,70.46],[-86.86,70.32],[-86.64,70.32],[-86.54,70.24],[-86.26,70.12],[-85.78,70],[-84.96,70.06],[-84.7,70],[-84.08,69.98],[-83.68,69.94],[-83.06,70.02],[-82.44,69.84],[-82.12,69.82],[-81.86,69.86],[-81.88,69.98],[-81.6,69.98],[-80.96,69.74],[-80.78,69.76],[-81.2,70],[-81.4,70.02],[-81.56,70.1],[-81.08,70.1],[-79.84,69.96],[-79.68,69.84],[-79.44,69.88],[-78.88,69.9],[-78.66,70.02],[-78.76,70.2],[-78.98,70.32],[-79.12,70.3],[-79.56,70.4],[-79.16,70.5],[-78.74,70.46],[-78.66,70.36],[-78.38,70.22],[-78.16,70.2],[-77.9,70.26],[-77.68,70.18],[-77.68,69.82],[-77.5,69.86],[-76.88,69.82],[-76.88,69.68],[-77.04,69.6],[-76.62,69.54],[-76.4,69.4],[-76.22,69.42],[-75.68,69.28],[-75.58,69.16],[-75.98,69.02],[-76.42,69.06],[-76.64,69.02],[-76.54,68.88],[-76.68,68.76],[-76.62,68.68],[-76.32,68.7],[-75.5,68.94],[-75.2,68.9],[-74.7,68.94],[-74.88,68.82],[-74.54,68.66],[-74.38,68.54],[-73.88,68.56],[-74.1,68.7],[-73.88,68.72],[-73.72,68.62],[-73.76,68.52],[-73.94,68.42],[-73.72,68.32],[-73.2,68.28],[-72.98,68.18],[-72.86,67.86],[-72.62,67.8],[-72.68,67.7],[-72.44,67.54],[-72.36,67.34],[-72.2,67.28],[-72.36,67.12],[-72.8,67.04],[-73,66.78],[-72.94,66.74]]],[[[-115.32,73.5],[-115.64,73.68],[-115.92,73.74],[-116.86,74.08],[-117.42,74.24],[-118.06,74.28],[-118.72,74.22],[-119.66,74.22],[-120.16,74.28],[-120.94,74.42],[-121.14,74.5],[-121.58,74.56],[-122.62,74.46],[-123.3,74.44],[-124.76,74.34],[-124.54,74.26],[-124.46,74.08],[-124.14,73.86],[-123.78,73.76],[-124.06,73.66],[-124.06,73.54],[-124.44,73.42],[-124.68,73.18],[-124.86,73.1],[-124.5,72.92],[-125.04,72.84],[-124.94,72.7],[-125.06,72.56],[-125.3,72.48],[-125.76,72.14],[-125.8,71.94],[-125.24,71.94],[-124.66,71.8],[-124.06,71.7],[-123.62,71.46],[-123.44,71.24],[-123.1,71.08],[-122.8,71.08],[-122.62,71.18],[-122.16,71.26],[-121.7,71.46],[-121.42,71.38],[-120.64,71.5],[-120.38,71.7],[-120.44,71.96],[-120.2,72.08],[-120.2,72.22],[-119.78,72.22],[-119.34,72.34],[-119.16,72.62],[-118.72,72.74],[-118.04,72.88],[-117.4,73.06],[-117.22,73.06],[-116.46,73.26],[-115.76,73.36],[-115.32,73.5]]],[[[-126.66,49.78],[-126.76,49.88],[-126.96,49.84],[-126.92,49.7],[-126.68,49.6],[-126.62,49.64],[-126.66,49.78]]],[[[-125.2,50.04],[-125.18,50.22],[-125.34,50.24],[-125.32,50.14],[-125.2,50.04]]],[[[-125.34,50.3],[-125.16,50.38],[-125.28,50.44],[-125.34,50.3]]],[[[-126.62,50.68],[-126.28,50.66],[-126.18,50.74],[-126.28,50.84],[-126.4,50.8],[-126.62,50.68]]],[[[-123.32,48.5],[-123.4,48.62],[-123.54,48.64],[-123.6,48.84],[-123.78,48.98],[-123.82,49.12],[-123.94,49.14],[-123.96,49.22],[-124.16,49.32],[-124.54,49.38],[-124.8,49.48],[-124.9,49.62],[-124.88,49.72],[-125.18,49.92],[-125.36,50.12],[-125.44,50.32],[-125.58,50.38],[-125.74,50.36],[-126.12,50.46],[-126.46,50.48],[-127.2,50.62],[-127.5,50.78],[-127.88,50.86],[-128.08,50.88],[-128.4,50.78],[-128.32,50.6],[-128.06,50.46],[-127.6,50.56],[-127.6,50.48],[-127.92,50.46],[-127.88,50.34],[-127.78,50.24],[-127.9,50.14],[-127.78,50.08],[-127.48,50.14],[-127.36,50.04],[-127.16,50.08],[-127.22,49.94],[-127.14,49.86],[-126.94,49.86],[-126.76,49.92],[-126.64,49.9],[-126.6,49.74],[-126.46,49.64],[-126.56,49.58],[-126.58,49.42],[-126.4,49.42],[-126.08,49.38],[-125.96,49.24],[-125.84,49.28],[-125.7,49.18],[-125.74,49.06],[-125.48,48.92],[-125.36,48.98],[-124.96,48.98],[-125,48.9],[-125.18,48.8],[-125.1,48.74],[-124.82,48.64],[-124.66,48.58],[-124.38,48.52],[-123.9,48.36],[-123.66,48.32],[-123.56,48.32],[-123.44,48.44],[-123.32,48.5]]],[[[-64.48,60.34],[-64.64,60.5],[-64.86,60.46],[-64.76,60.38],[-64.48,60.34]]],[[[-67.88,60.5],[-68,60.58],[-68.24,60.58],[-68.44,60.26],[-68.32,60.2],[-67.96,60.34],[-67.84,60.42],[-67.88,60.5]]],[[[-64.84,61.36],[-64.7,61.46],[-64.72,61.66],[-65.04,61.7],[-65.42,61.66],[-65.48,61.6],[-64.98,61.38],[-64.84,61.36]]],[[[-65.24,61.92],[-65.14,61.78],[-64.82,61.76],[-64.96,61.88],[-65.24,61.92]]],[[[-79.28,62.26],[-79.56,62.42],[-79.84,62.42],[-80.22,62.14],[-80.28,61.94],[-80.18,61.78],[-79.76,61.58],[-79.54,61.76],[-79.26,62.14],[-79.28,62.26]]],[[[-64.38,62.52],[-64.52,62.56],[-64.84,62.56],[-64.92,62.42],[-64.6,62.36],[-64.4,62.46],[-64.38,62.52]]],[[[-70.24,62.62],[-70.5,62.76],[-70.78,62.84],[-70.96,62.8],[-70.68,62.54],[-70.36,62.52],[-70.24,62.62]]],[[[-82.2,62.98],[-82.42,62.92],[-82.74,62.94],[-83.12,62.84],[-83.3,62.94],[-83.52,62.82],[-83.56,62.7],[-83.72,62.56],[-83.9,62.5],[-83.92,62.4],[-83.76,62.32],[-83.68,62.14],[-83.28,62.26],[-83.14,62.18],[-82.74,62.32],[-82.42,62.48],[-82.3,62.58],[-81.96,62.7],[-81.96,62.8],[-81.86,62.92],[-82.2,62.98]]],[[[-77.54,63.28],[-77.7,63.44],[-78.18,63.5],[-78.54,63.44],[-78.54,63.4],[-77.94,63.08],[-77.64,63.14],[-77.54,63.28]]],[[[-64.08,63.34],[-64.22,63.4],[-64.36,63.66],[-64.5,63.62],[-64.42,63.48],[-64.26,63.32],[-64.08,63.34]]],[[[-76.68,63.48],[-76.7,63.56],[-77.12,63.68],[-77.4,63.7],[-77.42,63.6],[-76.98,63.4],[-76.7,63.36],[-76.68,63.48]]],[[[-64.88,63.8],[-64.6,63.78],[-64.64,63.92],[-64.82,63.88],[-64.88,63.8]]],[[[-77.98,63.96],[-77.72,63.94],[-77.6,64.04],[-77.94,64.02],[-77.98,63.96]]],[[[-80.18,63.76],[-80.88,64.12],[-81.06,64.02],[-81.38,64.08],[-81.46,64.04],[-81.98,64],[-81.92,64.06],[-81.62,64.12],[-81.72,64.26],[-81.78,64.52],[-82.12,64.7],[-82.36,64.76],[-82.72,64.78],[-82.88,64.88],[-83.2,64.94],[-83.4,65.14],[-83.84,65.16],[-84.1,65.2],[-84.16,65.34],[-84.58,65.48],[-84.84,65.22],[-85.08,65.46],[-85.32,65.54],[-85.06,65.62],[-85.2,65.8],[-85.48,65.8],[-85.6,65.92],[-85.94,65.76],[-86.02,65.66],[-86.18,65.28],[-86.16,64.94],[-86.36,64.66],[-86.4,64.44],[-86.36,64.3],[-86.2,64.1],[-86.9,63.94],[-87.22,63.66],[-87.06,63.56],[-86.86,63.56],[-86.66,63.66],[-86.28,63.64],[-85.8,63.72],[-85.62,63.68],[-85.66,63.42],[-85.64,63.24],[-85.5,63.12],[-85.28,63.12],[-84.96,63.2],[-84.6,63.32],[-84.48,63.4],[-84.4,63.56],[-84.28,63.62],[-84.06,63.62],[-83.78,63.76],[-83.64,63.78],[-83.6,63.94],[-83.68,64.02],[-83.54,64.12],[-83.02,64.2],[-82.98,64.12],[-83.14,64],[-82.54,63.98],[-82.36,63.86],[-82.52,63.8],[-82.48,63.68],[-82.08,63.7],[-81.64,63.58],[-81.02,63.46],[-80.6,63.64],[-80.46,63.72],[-80.18,63.76]]],[[[-85,66],[-85.18,65.94],[-85.12,65.76],[-84.72,65.56],[-84.58,65.64],[-84.72,65.84],[-85,66]]],[[[-84.48,66.1],[-84.12,65.9],[-84.14,65.76],[-83.86,65.78],[-83.8,65.68],[-83.48,65.66],[-83.48,65.72],[-83.8,65.82],[-83.7,65.92],[-84.06,66.06],[-84.48,66.1]]],[[[-73.36,67.84],[-73.42,67.96],[-74.28,68.08],[-74.76,68.06],[-74.78,67.98],[-74.64,67.86],[-74.4,67.78],[-73.4,67.78],[-73.36,67.84]]],[[[-86.58,68.3],[-86.74,68.28],[-86.98,68.06],[-86.84,68.02],[-86.96,67.92],[-86.84,67.8],[-86.6,67.72],[-86.42,67.84],[-86.38,67.96],[-86.4,68.2],[-86.58,68.3]]],[[[-75.04,68.18],[-75.14,68.24],[-75.92,68.34],[-76.08,68.3],[-76.3,68.34],[-76.68,68.26],[-76.88,68.16],[-77.22,67.88],[-77.32,67.7],[-77.18,67.42],[-76.98,67.24],[-76.64,67.22],[-76.24,67.26],[-75.88,67.26],[-75.52,67.36],[-75.4,67.36],[-75.06,67.56],[-75.04,67.82],[-75.16,67.96],[-75,68.12],[-75.04,68.18]]],[[[-78.9,68.32],[-79.14,68.34],[-79.18,68.22],[-79.04,68.16],[-78.82,68.28],[-78.9,68.32]]],[[[-74.84,68.42],[-74.78,68.48],[-74.98,68.66],[-75.26,68.72],[-75.4,68.62],[-75.38,68.5],[-74.88,68.34],[-74.84,68.42]]],[[[-79.08,68.88],[-78.82,68.92],[-78.56,69.1],[-78.46,69.22],[-78.22,69.3],[-78.32,69.38],[-78.74,69.32],[-78.86,69.14],[-79.2,69.08],[-79.42,68.92],[-79.08,68.88]]],[[[-90.26,69.3],[-90.14,69.38],[-90.3,69.44],[-90.52,69.34],[-90.26,69.3]]],[[[-76.7,69.42],[-77.12,69.44],[-77.36,69.38],[-77.38,69.26],[-77.26,69.14],[-77,69.14],[-76.68,69.32],[-76.7,69.42]]],[[[-67.9,69.54],[-67.74,69.66],[-67.9,69.72],[-68.22,69.6],[-67.9,69.54]]],[[[-78.4,69.64],[-78.68,69.56],[-78.52,69.48],[-78.1,69.58],[-77.94,69.64],[-78.14,69.74],[-78.4,69.64]]],[[[-79.98,69.64],[-79.62,69.62],[-79.34,69.7],[-79.4,69.78],[-79.68,69.82],[-79.98,69.74],[-80.5,69.78],[-80.8,69.7],[-80.22,69.62],[-80.22,69.54],[-79.94,69.54],[-79.98,69.64]]],[[[-87.08,69.98],[-86.5,69.98],[-86.8,70.1],[-87.32,70.12],[-87.08,69.98]]],[[[-71.5,71.02],[-72.02,71.06],[-72.04,70.94],[-72.22,70.92],[-72.12,70.82],[-71.44,70.9],[-71.5,71.02]]],[[[-72.96,71.52],[-73.36,71.54],[-73.26,71.36],[-72.82,71.44],[-72.96,71.52]]],[[[-72.74,71.66],[-73.04,71.58],[-72.76,71.52],[-72.74,71.66]]],[[[-97.08,73.14],[-97.1,73],[-96.94,72.92],[-96.66,72.96],[-96.56,73.06],[-96.8,73.2],[-97.08,73.14]]],[[[-104.68,73.62],[-105.16,73.76],[-106.6,73.72],[-107.04,73.48],[-106.5,73.42],[-106.12,73.3],[-105.94,73.16],[-105.48,72.96],[-105.2,72.94],[-104.74,73.18],[-104.58,73.34],[-104.5,73.56],[-104.68,73.62]]],[[[-80.9,73.6],[-80.8,73.28],[-80.16,73.24],[-80.18,73.04],[-79.94,72.84],[-79.56,72.76],[-79.18,72.76],[-78.64,72.86],[-78.18,72.9],[-77.42,72.88],[-77.32,72.86],[-76.32,72.82],[-76.12,72.94],[-76.34,72.98],[-76.28,73.1],[-76.52,73.12],[-76.76,73.32],[-77.04,73.36],[-77.22,73.52],[-78.14,73.66],[-78.98,73.64],[-79.46,73.64],[-80.56,73.78],[-80.8,73.72],[-80.9,73.6]]],[[[-96.32,72.46],[-96.46,72.64],[-96.72,72.72],[-96.94,72.68],[-97.3,72.88],[-97.26,72.96],[-97.66,73.04],[-98.34,73.04],[-97.82,73.28],[-97.3,73.36],[-97.16,73.44],[-97.66,73.48],[-97,73.62],[-96.96,73.74],[-97.26,73.86],[-97.58,73.9],[-98.1,73.82],[-99.22,73.74],[-99.7,73.84],[-100,73.96],[-100.3,73.86],[-100.88,73.84],[-101.1,73.74],[-100.88,73.62],[-101.22,73.6],[-101.56,73.46],[-101.28,73.36],[-100.86,73.26],[-100.38,73.34],[-100.46,73.2],[-100.12,73.04],[-100.06,72.9],[-100.3,72.88],[-100.44,72.74],[-100.88,72.7],[-101.3,72.72],[-101.76,73.02],[-102.12,73.08],[-102.48,73.04],[-102.76,72.82],[-102.62,72.66],[-101.96,72.5],[-101.84,72.32],[-101.4,72.28],[-101.2,72.32],[-100.92,72.2],[-100.64,72.18],[-100.44,72.06],[-100.04,71.86],[-99.86,71.86],[-99.6,71.64],[-99.42,71.54],[-99.24,71.34],[-98.94,71.38],[-98.82,71.3],[-98.54,71.3],[-98.22,71.4],[-98.04,71.54],[-98.38,71.66],[-97.96,71.66],[-97.46,71.62],[-97.08,71.7],[-96.96,71.8],[-96.56,71.84],[-96.48,72.12],[-96.56,72.26],[-96.72,72.3],[-96.3,72.42],[-96.32,72.46]]],[[[-99.24,73.86],[-98.82,73.84],[-98.14,73.88],[-97.8,73.98],[-97.72,74.12],[-98.76,74.04],[-99.38,73.92],[-99.24,73.86]]],[[[-90.3,73.92],[-91,74],[-91.82,74.02],[-92.12,73.98],[-92.8,74.14],[-93.28,74.18],[-93.76,74.14],[-94.38,74.14],[-95.24,74],[-95.32,73.9],[-94.84,73.7],[-95.02,73.68],[-95.44,73.78],[-95.72,73.64],[-95.62,73.6],[-95.58,73.16],[-95.72,73.02],[-95.62,72.92],[-95.6,72.7],[-95.32,72.6],[-95.14,72.46],[-95.22,72.2],[-95.08,72.1],[-95.14,71.96],[-94.08,72.06],[-93.82,72.32],[-93.46,72.46],[-93.8,72.7],[-94.16,72.78],[-93.4,72.8],[-92.38,72.7],[-92.16,72.74],[-91.86,72.84],[-91.18,73.36],[-90.52,73.7],[-90.2,73.9],[-90.3,73.92]]],[[[-103.64,75.2],[-103.82,75.36],[-104.4,75.44],[-104.68,75.34],[-104.9,75.12],[-104.22,75.02],[-103.86,75.06],[-103.64,75.2]]],[[[-93.44,74.94],[-93.5,75.26],[-94.4,75.6],[-94.9,75.64],[-95.8,75.5],[-96.18,75.28],[-96.46,75.2],[-96.6,75.06],[-96.4,74.94],[-95.9,74.82],[-95.3,74.8],[-95.08,74.7],[-94.72,74.64],[-93.6,74.66],[-93.46,74.72],[-93.44,74.94]]],[[[-96.58,75.44],[-96.24,75.46],[-95.92,75.56],[-96.42,75.6],[-97.06,75.5],[-96.96,75.38],[-96.58,75.44]]],[[[-102.88,75.76],[-102.5,75.8],[-102.22,76],[-103.04,75.9],[-103.32,75.76],[-102.88,75.76]]],[[[-94.48,75.98],[-94.86,75.96],[-94.82,75.82],[-94.32,75.76],[-94.48,75.98]]],[[[-102.58,76],[-102.44,76.08],[-103.72,75.98],[-103.7,75.88],[-102.58,76]]],[[[-117.78,75.9],[-117.46,76.08],[-117.66,76.12],[-118.14,75.98],[-118.62,75.92],[-119.4,75.6],[-118.62,75.5],[-117.94,75.74],[-117.78,75.9]]],[[[-78.9,76.12],[-79.72,75.88],[-79.28,75.88],[-79.14,75.98],[-78.86,76.04],[-78.9,76.12]]],[[[-103.82,76.04],[-102.84,76.08],[-102.54,76.16],[-102.72,76.32],[-104.32,76.22],[-104.36,76.08],[-103.82,76.04]]],[[[-104.4,76.46],[-104.38,76.32],[-103.34,76.34],[-103.02,76.42],[-103.88,76.58],[-104.02,76.68],[-104.66,76.6],[-104.4,76.46]]],[[[-97.42,75.52],[-97.42,75.7],[-97.9,75.74],[-97.58,75.86],[-97.66,75.96],[-97.5,76.16],[-97.78,76.32],[-97.66,76.48],[-98.08,76.54],[-98.5,76.64],[-98.9,76.62],[-99.26,76.46],[-99.58,76.62],[-100.26,76.64],[-100.96,76.48],[-100.68,76.38],[-100.32,76.38],[-100,76.3],[-100.48,76.24],[-100.46,76.1],[-101.12,76.26],[-101.08,76.34],[-101.42,76.44],[-102.04,76.42],[-102.1,76.22],[-101.74,76.18],[-101.9,76.08],[-101.58,75.92],[-102.26,75.86],[-102.68,75.68],[-102.78,75.54],[-102.06,75.54],[-101.44,75.6],[-100.22,75.66],[-99.7,75.6],[-100.28,75.52],[-100.68,75.34],[-100.26,75.26],[-100.4,75.16],[-100.34,75.02],[-99.64,74.98],[-98.96,75],[-98.76,74.98],[-98.04,75.02],[-97.68,75.18],[-98.12,75.3],[-97.92,75.52],[-97.42,75.52]]],[[[-101.16,76.58],[-100.34,76.72],[-100.98,76.74],[-101.24,76.64],[-101.16,76.58]]],[[[-89.68,76.74],[-89.98,76.84],[-90.52,76.8],[-90.56,76.72],[-90.06,76.48],[-89.68,76.74]]],[[[-105.4,75.68],[-105.52,75.9],[-105.76,76],[-106.6,76.06],[-107.04,75.88],[-107.64,75.98],[-107.86,76.06],[-108.46,76.1],[-108.08,76.28],[-108.34,76.4],[-108.62,76.42],[-108.68,76.6],[-108.46,76.74],[-108.74,76.86],[-109.18,76.82],[-109.5,76.72],[-109.56,76.64],[-110.4,76.4],[-110.38,76.3],[-109.54,76.18],[-109.44,76],[-110.06,75.9],[-109.7,75.8],[-109.1,75.76],[-108.84,75.62],[-108.9,75.5],[-110.52,75.58],[-111.28,75.52],[-111.36,75.72],[-111.86,75.96],[-112.36,76.04],[-112.44,76.18],[-113,76.28],[-113.36,76.26],[-113.96,76.2],[-114.2,76.48],[-114.46,76.5],[-115.52,76.46],[-115.88,76.36],[-115.84,76.18],[-116.52,76.16],[-116.7,76.06],[-116.7,75.9],[-116.2,75.86],[-114.86,75.92],[-114.88,75.86],[-116.88,75.78],[-117.22,75.64],[-117.2,75.58],[-115.58,75.58],[-116.04,75.48],[-117.2,75.48],[-117.68,75.3],[-117.52,75.2],[-116.76,75.12],[-116.54,75.18],[-116.16,75.04],[-115.72,74.98],[-115.4,75.1],[-114.96,74.98],[-114.44,75.06],[-114.04,75.36],[-113.78,75.34],[-113.94,75.18],[-113.88,75.06],[-112.86,75.1],[-112.7,75.18],[-112.34,75.12],[-111.02,75.18],[-111.56,75.02],[-112.8,74.98],[-113.5,74.84],[-114.24,74.76],[-114.44,74.68],[-114.18,74.56],[-113.7,74.44],[-113.02,74.4],[-112.44,74.42],[-111.66,74.5],[-111,74.62],[-110.34,74.8],[-109.88,74.88],[-109.58,74.86],[-109.36,74.94],[-108.82,75.08],[-108.42,74.92],[-107.68,74.98],[-107,74.92],[-106.76,75],[-106,75.06],[-105.84,75.18],[-105.9,75.26],[-105.66,75.36],[-105.68,75.52],[-105.4,75.68]]],[[[-114.84,76.76],[-113.84,76.72],[-113.46,76.78],[-113.84,76.9],[-114.44,76.88],[-114.84,76.76]]],[[[-79.56,75],[-79.78,75.04],[-80.2,74.96],[-80.44,75.04],[-79.96,75.1],[-79.62,75.18],[-79.5,75.4],[-80.08,75.58],[-80.5,75.66],[-81.02,75.64],[-81.28,75.66],[-81.12,75.78],[-82.34,75.84],[-83.08,75.74],[-83.92,75.82],[-84.28,75.72],[-85.04,75.66],[-85.3,75.58],[-86.02,75.54],[-86.2,75.42],[-86.78,75.48],[-87.12,75.6],[-87.76,75.58],[-88.24,75.48],[-88.58,75.66],[-88.9,75.6],[-88.76,75.48],[-89.1,75.48],[-89.26,75.64],[-89.2,75.8],[-89.68,75.9],[-90.18,76.06],[-91.24,76.16],[-89.38,76.18],[-89.3,76.3],[-90.44,76.42],[-90.58,76.56],[-91.02,76.66],[-91.44,76.7],[-92.7,76.6],[-92.96,76.64],[-93.7,76.92],[-94.12,76.88],[-94.5,76.98],[-95.2,77],[-95.78,77.08],[-96.32,77.02],[-96.86,76.92],[-96.32,76.8],[-96.5,76.7],[-96.14,76.58],[-95.82,76.4],[-95.04,76.34],[-94.84,76.26],[-93.6,76.3],[-93.12,76.38],[-92.64,76.12],[-92.62,76.02],[-92.18,75.9],[-92.18,75.76],[-92,75.6],[-92.3,75.52],[-92.46,75.38],[-92.5,75.22],[-92.06,74.96],[-92.02,74.78],[-91.62,74.72],[-91.52,74.64],[-91.1,74.62],[-91.24,74.74],[-90.9,74.76],[-90.7,74.64],[-89.94,74.54],[-89.44,74.56],[-89.14,74.6],[-89.08,74.72],[-88.42,74.76],[-88.56,74.56],[-88.52,74.5],[-87.64,74.46],[-85.34,74.5],[-84.68,74.52],[-84.26,74.5],[-83.5,74.58],[-83.34,74.78],[-82.92,74.56],[-81.78,74.46],[-81.32,74.56],[-80.54,74.56],[-80.16,74.62],[-80.24,74.76],[-79.4,74.88],[-79.56,75]]],[[[-119.32,76.2],[-118.66,76.3],[-118.64,76.44],[-118.94,76.52],[-118.3,76.56],[-118.34,76.78],[-117.76,76.76],[-117.92,76.68],[-118,76.4],[-117.82,76.32],[-117.36,76.26],[-116.94,76.36],[-117.08,76.52],[-116.32,76.58],[-115.9,76.7],[-116.04,76.82],[-115.84,76.98],[-116.22,77.04],[-116.24,77.2],[-115.92,77.22],[-115.4,77.32],[-116.4,77.56],[-116.92,77.48],[-116.86,77.32],[-117.24,77.28],[-117.86,77.4],[-118.82,77.36],[-119.28,77.28],[-119.38,77.2],[-120.1,77],[-120.36,76.82],[-120.92,76.7],[-121.2,76.68],[-121.56,76.44],[-122.38,76.4],[-122.86,76.18],[-122.5,76.14],[-122.74,75.98],[-122.42,75.94],[-121.84,76.04],[-121.44,75.94],[-120.96,76.02],[-120.98,76.16],[-120.7,76.16],[-120.72,76.02],[-120.38,75.98],[-120.48,75.84],[-119.86,75.86],[-119.5,76.04],[-119.68,76.1],[-119.32,76.2]]],[[[-89.66,77.36],[-89.78,77.48],[-90.3,77.62],[-90.88,77.66],[-91.16,77.62],[-91.2,77.4],[-90.92,77.3],[-90.1,77.2],[-89.66,77.36]]],[[[-104.4,77.2],[-104.42,77.3],[-104.8,77.42],[-105.5,77.72],[-105.9,77.76],[-105.76,77.46],[-105.54,77.3],[-105.24,77.2],[-104.76,77.12],[-104.4,77.2]]],[[[-93.26,77.64],[-93.2,77.72],[-93.6,77.78],[-94.94,77.8],[-95.5,77.82],[-96.24,77.7],[-96.3,77.6],[-95.98,77.48],[-94.34,77.48],[-93.8,77.44],[-93.48,77.48],[-93.26,77.64]]],[[[-102.44,77.74],[-101.8,77.68],[-101.56,77.74],[-100.96,77.76],[-101.64,77.9],[-102.4,77.88],[-102.44,77.74]]],[[[-113.68,77.86],[-114.12,78],[-114.68,78.04],[-115.12,77.96],[-114.3,77.72],[-113.72,77.76],[-113.68,77.86]]],[[[-109.6,78.08],[-110.72,78.1],[-112.28,78.02],[-113.24,77.9],[-113.32,77.8],[-113.2,77.52],[-112.6,77.46],[-112.46,77.38],[-112.1,77.32],[-111.28,77.44],[-110.88,77.42],[-110.24,77.5],[-110.06,77.64],[-110.12,77.78],[-110.72,77.76],[-110.84,77.86],[-110.22,77.9],[-109.68,77.98],[-109.6,78.08]]],[[[-109.26,78.46],[-109.34,78.54],[-110.42,78.76],[-111.28,78.68],[-111.82,78.54],[-112.16,78.56],[-113.22,78.4],[-113.06,78.28],[-112.18,78.38],[-111.78,78.28],[-111.44,78.28],[-111.16,78.4],[-110.84,78.32],[-109.82,78.3],[-109.34,78.36],[-109.26,78.46]]],[[[-96.92,77.8],[-96.64,77.88],[-95.8,77.9],[-95.06,77.98],[-94.88,78.1],[-95.36,78.24],[-94.82,78.36],[-95.12,78.46],[-95.7,78.52],[-96.28,78.54],[-96.54,78.68],[-97.46,78.8],[-98.14,78.82],[-98.36,78.78],[-98.36,78.46],[-98.06,78.4],[-97.76,78.24],[-96.86,78.14],[-96.94,78.08],[-97.66,78.1],[-97.74,78.04],[-97,77.92],[-96.92,77.8]]],[[[-105.6,79.1],[-105.4,79.02],[-104.96,79.06],[-104.46,78.96],[-104.08,78.98],[-103.86,78.88],[-104.22,78.78],[-103.38,78.78],[-103.5,78.5],[-104.04,78.52],[-104.64,78.58],[-105.02,78.52],[-104.82,78.36],[-104.46,78.28],[-103.94,78.24],[-103.66,78.32],[-102.74,78.38],[-102.76,78.28],[-102.16,78.28],[-101.04,78.2],[-100.62,77.86],[-99.94,77.78],[-99.18,77.84],[-99.02,77.9],[-99.04,78.08],[-99.8,78.3],[-99.56,78.6],[-100.06,78.64],[-100,78.74],[-100.52,78.82],[-101.2,78.82],[-100.98,78.94],[-101.64,79.08],[-102.66,78.98],[-102.6,79.08],[-103.12,79.3],[-103.72,79.36],[-105.44,79.26],[-105.6,79.1]]],[[[-100.16,80],[-100.08,79.88],[-99.58,79.9],[-99.3,79.76],[-98.66,79.8],[-98.88,80.08],[-99.78,80.16],[-100.16,80]]],[[[-96.62,80.04],[-96.54,79.84],[-95.62,79.56],[-95.64,79.4],[-94.96,79.3],[-94.38,79.38],[-93.78,79.28],[-93.5,79.36],[-92.58,79.38],[-92.62,79.24],[-91.88,79.16],[-93.44,79.16],[-93.6,79.06],[-94.28,78.96],[-93.34,78.6],[-92.66,78.62],[-91.74,78.56],[-92.88,78.5],[-92.96,78.44],[-92.3,78.3],[-92.12,78.22],[-90.88,78.14],[-90.36,78.14],[-90.34,78.34],[-89.72,78.22],[-89.78,78.4],[-89.36,78.34],[-89.04,78.18],[-88.78,78.18],[-88.56,78.44],[-88.04,78.48],[-87.86,78.7],[-87.54,78.68],[-87.3,78.8],[-86.62,78.98],[-86.5,79.06],[-85.52,79.16],[-84.92,79.3],[-85.4,79.46],[-85.56,79.58],[-86.04,79.56],[-86.3,79.64],[-87.18,79.62],[-86.98,79.88],[-87.24,80.08],[-87.94,80.06],[-87.58,80.18],[-87.7,80.42],[-88.46,80.44],[-88.7,80.28],[-89.26,80.3],[-89.06,80.46],[-89.32,80.54],[-90.64,80.56],[-90.7,80.7],[-91.14,80.82],[-91.7,81.04],[-91.82,81.16],[-92.24,81.26],[-93.1,81.34],[-94.18,81.36],[-94.4,81.26],[-93.78,81.2],[-93.22,81.22],[-93.32,81.08],[-94.16,81.1],[-95.24,81.02],[-95.5,80.8],[-94.7,80.74],[-94.38,80.62],[-96.02,80.58],[-96.32,80.26],[-95.4,80.12],[-94.54,80.16],[-94.84,80.04],[-96.02,80.08],[-96.62,80.04]]],[[[-61.08,82.34],[-61.58,82.48],[-63.06,82.54],[-62.96,82.6],[-63.66,82.72],[-63.44,82.82],[-64.76,82.84],[-65.14,82.9],[-65.86,82.84],[-67.6,82.98],[-69.48,83.04],[-69.68,83.12],[-72.6,83.1],[-73.66,82.92],[-74.2,83],[-76.14,83.06],[-77.38,82.98],[-78.42,82.88],[-78.98,82.88],[-79.34,82.98],[-80.16,82.94],[-80.36,82.86],[-81.58,82.8],[-80.6,82.56],[-82.06,82.68],[-82.72,82.38],[-80.94,82.1],[-79.86,82.02],[-80.02,81.96],[-81.58,82.12],[-82.4,82.24],[-83.68,82.34],[-85.76,82.46],[-85.36,82.3],[-85.68,82.24],[-86.84,82.22],[-86.96,82.06],[-88,82.1],[-88.68,82.06],[-89.64,81.86],[-90.24,81.9],[-91.02,81.84],[-91.7,81.74],[-91.94,81.64],[-91,81.6],[-90.68,81.68],[-89.92,81.6],[-90.84,81.46],[-90.36,81.38],[-89.52,81.48],[-89.24,81.42],[-89.92,81.34],[-90.36,81.18],[-89.82,81.02],[-87.86,81.08],[-87.38,81.06],[-86.52,81.12],[-85.88,81.24],[-85.54,81.18],[-86.02,81.08],[-86.7,81],[-87.62,80.98],[-88.42,81],[-89.28,80.96],[-89.38,80.88],[-88.1,80.68],[-87.28,80.64],[-87.06,80.74],[-86.12,81],[-85.4,81.06],[-86.56,80.72],[-86.74,80.6],[-86.12,80.54],[-85.12,80.5],[-84.4,80.5],[-83.8,80.56],[-83.8,80.74],[-83.3,80.7],[-82.92,80.54],[-81.22,80.62],[-79.62,80.82],[-79.16,81.1],[-78.2,81.3],[-77.84,81.28],[-78.88,81.02],[-78.84,80.86],[-78,80.9],[-77.5,80.84],[-78.54,80.78],[-79.96,80.62],[-80.36,80.48],[-83.16,80.34],[-82.16,80.02],[-81.66,79.9],[-81.62,79.76],[-80.88,79.66],[-81.58,79.6],[-82.18,79.86],[-83.12,80.08],[-83.78,80.26],[-85.32,80.26],[-85.9,80.34],[-86.44,80.32],[-86.64,80.16],[-86.44,79.94],[-86.44,79.76],[-85.32,79.68],[-85.02,79.62],[-84.88,79.48],[-84.48,79.42],[-84.32,79.2],[-84.76,79.04],[-84.28,78.96],[-82.96,78.94],[-82.54,78.88],[-81.7,78.98],[-81.78,78.86],[-82.4,78.82],[-82.98,78.86],[-83.16,78.72],[-83.74,78.84],[-84.7,78.88],[-85.24,78.92],[-85.76,78.84],[-86.6,78.8],[-86.94,78.72],[-87.16,78.54],[-87.48,78.46],[-87.48,78.12],[-86.76,78.12],[-86.22,78.16],[-86.22,78.06],[-85.48,78.12],[-85.06,78.06],[-85.66,77.96],[-85.18,77.8],[-85.28,77.66],[-84.84,77.6],[-84.76,77.52],[-84.08,77.5],[-83.8,77.42],[-84.62,77.38],[-85.4,77.4],[-85.78,77.5],[-85.98,77.72],[-86.22,77.8],[-86.84,77.88],[-87.2,77.9],[-88.18,77.8],[-88.18,77.64],[-87.64,77.48],[-87.68,77.36],[-87.34,77.34],[-87.14,77.22],[-87.48,77.12],[-88.3,77.14],[-88.72,77.02],[-89.54,76.86],[-89.42,76.68],[-89.66,76.56],[-89.18,76.42],[-88.36,76.48],[-88.4,76.4],[-87.62,76.34],[-87.1,76.38],[-86.72,76.34],[-86.6,76.48],[-86.22,76.38],[-85.24,76.32],[-84.42,76.3],[-84.94,76.42],[-84.24,76.44],[-84.06,76.56],[-83.7,76.44],[-82.8,76.38],[-82.28,76.4],[-81.94,76.5],[-81.4,76.48],[-81.24,76.56],[-80.78,76.42],[-81.1,76.22],[-80.66,76.16],[-79.56,76.32],[-79.34,76.3],[-79,76.42],[-78.78,76.58],[-78.5,76.46],[-78.14,76.52],[-77.78,76.66],[-77.72,76.82],[-78.1,77.02],[-78.86,76.92],[-79.38,76.92],[-79.02,77.1],[-79.04,77.16],[-79.44,77.24],[-80.14,77.22],[-81.1,77.28],[-81.62,77.2],[-81.84,77.3],[-81.2,77.32],[-81.74,77.44],[-81.36,77.48],[-80.78,77.34],[-79.98,77.28],[-79.64,77.32],[-79.14,77.3],[-78.82,77.38],[-78.28,77.38],[-77.74,77.6],[-78.06,77.74],[-77.98,77.82],[-78.42,77.92],[-77.16,77.94],[-76.88,77.9],[-76.24,78.02],[-75.9,77.96],[-75.58,78.12],[-76.82,78.18],[-76.6,78.26],[-75.62,78.2],[-75.1,78.38],[-76.08,78.46],[-75,78.54],[-74.78,78.84],[-75.74,78.9],[-75.78,78.98],[-77.16,79.08],[-76.14,79.12],[-78.06,79.18],[-76.08,79.2],[-75.76,79.08],[-75.08,79.04],[-74.46,79.08],[-74.78,79.16],[-74.46,79.22],[-75.94,79.24],[-77.36,79.28],[-76.88,79.36],[-75.92,79.34],[-76,79.44],[-75.02,79.38],[-74.7,79.46],[-74.04,79.46],[-73.12,79.56],[-73.38,79.76],[-74.84,79.86],[-74.22,79.9],[-73.06,79.8],[-72.92,79.7],[-72.24,79.66],[-71.14,79.78],[-70.48,80.06],[-70.74,80.2],[-70.22,80.18],[-69.38,80.4],[-69.14,80.54],[-68.28,80.76],[-66.68,81.04],[-65.98,81.22],[-65.4,81.26],[-64.7,81.4],[-64.54,81.56],[-65.74,81.5],[-67.78,81.32],[-68.04,81.38],[-66.66,81.5],[-67.68,81.6],[-65.86,81.62],[-65.36,81.74],[-64.38,81.72],[-62.26,82.02],[-61.32,82.2],[-61.08,82.34]]],[[[-79.98,56.2],[-79.72,56.3],[-79.74,56.36],[-80,56.32],[-79.98,56.2]]],[[[-73.5,45.7],[-73.8,45.46],[-73.62,45.44],[-73.54,45.48],[-73.5,45.7]]],[[[-70.84,47.04],[-71.08,46.9],[-71.04,46.86],[-70.86,46.94],[-70.84,47.04]]],[[[-60.08,45.8],[-59.86,45.94],[-59.84,46],[-59.88,46.18],[-60.08,46.24],[-60.18,46.24],[-60.36,46.32],[-60.62,46.1],[-60.62,46.02],[-60.78,45.96],[-60.72,45.9],[-60.74,45.72],[-60.98,45.82],[-60.96,45.92],[-60.82,45.94],[-60.7,46.08],[-60.42,46.28],[-60.5,46.36],[-60.36,46.62],[-60.32,46.86],[-60.5,46.9],[-60.46,47],[-60.6,47.04],[-60.76,46.84],[-60.86,46.8],[-61.1,46.46],[-61.28,46.24],[-61.46,46.14],[-61.54,46.04],[-61.46,45.7],[-61.34,45.56],[-61.14,45.56],[-61,45.6],[-60.72,45.56],[-60.4,45.64],[-60.08,45.8]]],[[[-62,46.46],[-62.18,46.48],[-62.52,46.48],[-62.96,46.42],[-63.2,46.44],[-63.34,46.5],[-63.64,46.56],[-63.72,46.44],[-63.88,46.52],[-63.84,46.62],[-64.1,46.78],[-63.98,46.9],[-64.06,47.02],[-64.24,46.9],[-64.42,46.68],[-64.24,46.64],[-64.1,46.54],[-64.14,46.42],[-63.94,46.42],[-63.62,46.22],[-63.24,46.14],[-63.1,46.22],[-63,46.18],[-62.94,46.04],[-62.78,45.96],[-62.54,45.98],[-62.52,46.06],[-62.58,46.24],[-62.44,46.22],[-62.3,46.34],[-62.16,46.36],[-62,46.46]]],[[[-64.32,49.8],[-63.92,49.68],[-63.64,49.52],[-63.58,49.38],[-63.28,49.32],[-63.1,49.24],[-62.68,49.14],[-62.5,49.14],[-62.24,49.06],[-61.82,49.06],[-61.66,49.16],[-61.88,49.36],[-62.2,49.42],[-62.38,49.5],[-62.54,49.6],[-62.9,49.7],[-62.96,49.74],[-63.38,49.82],[-63.94,49.9],[-64.14,49.96],[-64.46,49.9],[-64.42,49.8],[-64.32,49.8]]],[[[-79.4,52.08],[-79.66,51.98],[-79.62,51.94],[-79.42,51.94],[-79.32,52.04],[-79.4,52.08]]],[[[-80.76,52.92],[-81.12,53.2],[-81.42,53.22],[-81.88,53.18],[-82.06,53.02],[-81.96,52.98],[-81.46,52.86],[-81.28,52.84],[-81.02,52.76],[-80.78,52.72],[-80.66,52.74],[-80.76,52.92]]],[[[-78.76,56.16],[-78.68,56.2],[-78.66,56.42],[-78.82,56.36],[-78.84,56.24],[-78.76,56.16]]],[[[-79.54,56.04],[-79.64,55.9],[-79.46,55.88],[-79.36,55.98],[-79.18,56.22],[-79.1,56.24],[-79.04,56.36],[-79.14,56.54],[-79.24,56.56],[-79.4,56.24],[-79.56,56.26],[-79.74,56.16],[-80.02,55.9],[-79.86,55.84],[-79.58,56.12],[-79.54,56.04]]]]},"properties":{"ADMIN":"Canada","ADM0_A3":"CAN"}},
{"type":"Feature","geometry":{"type":"MultiPolygon","coordinates":[[[[-89.16,17.82],[-89.14,17.98],[-89.04,18],[-88.88,17.88],[-88.74,18.06],[-88.7,18.18],[-88.62,18.24],[-88.48,18.48],[-88.3,18.48],[-88.1,18.8],[-88.04,18.88],[-88,18.7],[-88.08,18.5],[-87.94,18.44],[-87.84,18.26],[-87.78,18.4],[-87.72,18.68],[-87.66,18.76],[-87.6,19.02],[-87.54,19.14],[-87.5,19.32],[-87.52,19.4],[-87.42,19.56],[-87.66,19.56],[-87.74,19.68],[-87.62,19.7],[-87.48,19.88],[-87.48,20.06],[-87.44,20.2],[-87.24,20.5],[-87.06,20.62],[-86.88,20.86],[-86.82,21.02],[-86.74,21.16],[-86.82,21.2],[-86.82,21.44],[-86.92,21.44],[-87,21.56],[-87.14,21.62],[-87.12,21.52],[-87.24,21.44],[-87.48,21.46],[-87.62,21.52],[-87.96,21.6],[-88.12,21.62],[-88.28,21.56],[-88.44,21.58],[-88.6,21.54],[-88.7,21.46],[-89.12,21.36],[-89.78,21.28],[-90.1,21.16],[-90.36,21],[-90.44,20.74],[-90.48,20.54],[-90.48,20.4],[-90.5,20.06],[-90.48,19.92],[-90.66,19.78],[-90.7,19.68],[-90.74,19.38],[-90.94,19.16],[-91.16,19.02],[-91.44,18.88],[-91.36,18.78],[-91.26,18.74],[-91.34,18.58],[-91.5,18.52],[-91.54,18.44],[-91.82,18.48],[-91.88,18.54],[-92,18.54],[-91.94,18.7],[-92.06,18.7],[-92.4,18.68],[-92.68,18.62],[-92.86,18.46],[-92.94,18.44],[-93.44,18.44],[-93.58,18.42],[-93.68,18.36],[-94.2,18.18],[-94.46,18.14],[-94.58,18.18],[-94.8,18.52],[-95,18.56],[-95.2,18.7],[-95.5,18.7],[-95.72,18.76],[-95.86,18.72],[-95.98,19.06],[-96.04,19.06],[-96.16,19.22],[-96.28,19.32],[-96.36,19.54],[-96.46,19.86],[-96.68,20.16],[-97.04,20.52],[-97.16,20.64],[-97.2,20.82],[-97.34,21.06],[-97.5,21.4],[-97.66,21.64],[-97.62,21.8],[-97.48,21.64],[-97.38,21.56],[-97.48,21.44],[-97.34,21.42],[-97.32,21.56],[-97.5,21.72],[-97.62,21.84],[-97.76,22.1],[-97.78,22.26],[-97.88,22.62],[-97.8,22.8],[-97.74,22.98],[-97.76,23.26],[-97.72,23.74],[-97.72,24],[-97.66,24.52],[-97.46,25.18],[-97.32,25.38],[-97.16,25.72],[-97.14,25.96],[-97.26,25.96],[-97.42,25.86],[-97.68,26.04],[-97.8,26.06],[-98.22,26.08],[-98.36,26.2],[-98.58,26.26],[-98.64,26.24],[-98.8,26.36],[-99.08,26.4],[-99.16,26.54],[-99.24,26.82],[-99.46,27.06],[-99.44,27.2],[-99.5,27.34],[-99.48,27.42],[-99.5,27.58],[-99.6,27.64],[-99.7,27.66],[-99.86,27.8],[-99.88,27.9],[-100,28.02],[-100.08,28.16],[-100.2,28.2],[-100.28,28.3],[-100.4,28.6],[-100.5,28.7],[-100.52,28.8],[-100.62,28.92],[-100.66,29.12],[-100.76,29.18],[-100.82,29.28],[-101.02,29.4],[-101.04,29.46],[-101.16,29.5],[-101.22,29.62],[-101.36,29.68],[-101.4,29.76],[-101.64,29.78],[-101.98,29.82],[-102.1,29.8],[-102.3,29.88],[-102.4,29.78],[-102.52,29.78],[-102.68,29.74],[-102.78,29.6],[-102.88,29.34],[-102.9,29.22],[-102.98,29.18],[-103.14,28.98],[-103.3,29],[-103.48,29.08],[-103.54,29.14],[-103.68,29.18],[-103.8,29.28],[-104.06,29.34],[-104.26,29.52],[-104.34,29.54],[-104.54,29.66],[-104.58,29.78],[-104.68,29.94],[-104.68,30.2],[-104.86,30.44],[-104.88,30.56],[-105,30.68],[-105.22,30.82],[-105.36,30.86],[-105.56,31],[-105.6,31.08],[-105.76,31.18],[-106,31.4],[-106.16,31.44],[-106.28,31.58],[-106.36,31.72],[-106.52,31.78],[-107.16,31.78],[-108.22,31.78],[-108.22,31.32],[-109.24,31.32],[-109.96,31.32],[-111,31.32],[-111.06,31.34],[-112.32,31.72],[-113.14,31.98],[-113.96,32.24],[-114.82,32.5],[-114.72,32.72],[-115.8,32.64],[-117.12,32.54],[-117.12,32.46],[-117.02,32.28],[-116.94,32.24],[-116.84,31.98],[-116.76,31.9],[-116.62,31.86],[-116.68,31.56],[-116.54,31.44],[-116.34,31.22],[-116.3,31.14],[-116.34,30.96],[-116.24,30.96],[-116.18,30.86],[-116.06,30.82],[-116.04,30.62],[-116.04,30.48],[-115.84,30.34],[-115.78,30.1],[-115.82,29.96],[-115.72,29.94],[-115.7,29.76],[-115.5,29.62],[-115.28,29.52],[-115.18,29.42],[-114.98,29.38],[-114.72,29.12],[-114.64,29.1],[-114.52,28.92],[-114.4,28.86],[-114.28,28.66],[-114.16,28.64],[-114.04,28.46],[-114.12,28.26],[-114.06,28.2],[-114.12,28.12],[-114.04,28.02],[-114.18,27.82],[-114.1,27.7],[-114,27.74],[-113.96,27.66],[-114.16,27.66],[-114.28,27.74],[-114.32,27.88],[-114.5,27.78],[-114.6,27.78],[-114.92,27.84],[-115.06,27.82],[-115,27.72],[-114.88,27.7],[-114.74,27.52],[-114.6,27.48],[-114.5,27.4],[-114.48,27.24],[-114.3,27.14],[-114.12,27.1],[-114,26.98],[-113.82,26.94],[-113.72,26.8],[-113.64,26.72],[-113.54,26.72],[-113.5,26.8],[-113.36,26.8],[-113.28,26.74],[-113.14,26.76],[-113.06,26.6],[-112.72,26.38],[-112.5,26.24],[-112.44,26.26],[-112.34,26.18],[-112.3,26.04],[-112.2,26],[-112.08,25.72],[-112.06,25.62],[-112.08,25.26],[-112.14,25.08],[-112.08,24.78],[-111.96,24.78],[-111.84,24.66],[-111.82,24.5],[-111.68,24.58],[-111.62,24.48],[-111.44,24.32],[-111.04,24.1],[-110.58,23.68],[-110.3,23.54],[-110.16,23.32],[-110.1,23.02],[-109.96,22.88],[-109.9,22.88],[-109.72,23.04],[-109.54,23.1],[-109.42,23.3],[-109.42,23.46],[-109.48,23.56],[-109.68,23.64],[-109.7,23.8],[-109.84,23.96],[-109.82,24.06],[-109.98,24.04],[-110.02,24.16],[-110.18,24.26],[-110.24,24.34],[-110.34,24.32],[-110.3,24.22],[-110.4,24.18],[-110.56,24.22],[-110.68,24.36],[-110.74,24.56],[-110.72,24.68],[-110.66,24.8],[-110.76,25.02],[-110.9,25.14],[-111.02,25.46],[-111.2,25.62],[-111.22,25.72],[-111.3,25.78],[-111.36,25.96],[-111.32,26.08],[-111.46,26.4],[-111.44,26.52],[-111.56,26.58],[-111.56,26.7],[-111.82,26.9],[-111.8,26.7],[-111.68,26.58],[-111.74,26.54],[-111.9,26.74],[-111.88,26.82],[-112.02,26.98],[-112.02,27.12],[-112.16,27.16],[-112.28,27.36],[-112.38,27.56],[-112.6,27.66],[-112.78,27.86],[-112.8,28.02],[-112.8,28.2],[-112.88,28.28],[-112.84,28.38],[-112.9,28.48],[-113,28.46],[-113.1,28.5],[-113.2,28.74],[-113.26,28.84],[-113.48,28.94],[-113.66,29.22],[-113.62,29.26],[-113.78,29.4],[-114.04,29.6],[-114.28,29.78],[-114.4,29.78],[-114.42,29.9],[-114.54,29.96],[-114.66,30.18],[-114.62,30.42],[-114.7,30.64],[-114.68,30.74],[-114.72,30.94],[-114.84,31],[-114.88,31.16],[-114.86,31.52],[-114.78,31.66],[-114.82,31.78],[-114.74,31.82],[-114.58,31.76],[-114.5,31.68],[-114.16,31.5],[-114.02,31.5],[-113.88,31.6],[-113.66,31.5],[-113.6,31.36],[-113.54,31.3],[-113.12,31.22],[-113.04,31.16],[-113.12,30.82],[-113.08,30.68],[-112.98,30.54],[-112.88,30.42],[-112.84,30.28],[-112.76,30.18],[-112.76,29.92],[-112.68,29.9],[-112.5,29.62],[-112.38,29.48],[-112.42,29.38],[-112.26,29.32],[-112.16,28.96],[-111.9,28.78],[-111.92,28.72],[-111.76,28.58],[-111.7,28.46],[-111.48,28.38],[-111.26,28.06],[-111.06,27.94],[-111,27.96],[-110.86,27.88],[-110.8,27.92],[-110.68,27.9],[-110.58,27.84],[-110.62,27.6],[-110.56,27.38],[-110.5,27.4],[-110.4,27.24],[-110.28,27.14],[-110.1,27.1],[-109.98,27.12],[-109.92,27.06],[-109.86,26.8],[-109.7,26.68],[-109.54,26.72],[-109.42,26.68],[-109.26,26.5],[-109.22,26.34],[-109.26,26.18],[-109.44,26.02],[-109.44,25.8],[-109.18,25.64],[-109.12,25.54],[-108.88,25.48],[-108.8,25.54],[-108.72,25.4],[-108.46,25.26],[-108.34,25.16],[-108.22,25.18],[-108.1,25.12],[-108.1,25.02],[-108.18,24.98],[-108.16,24.88],[-108.04,24.78],[-108,24.64],[-107.82,24.6],[-107.74,24.5],[-107.62,24.46],[-107.52,24.52],[-107.48,24.4],[-107.54,24.34],[-107.38,24.2],[-107.04,23.98],[-106.9,23.84],[-106.8,23.64],[-106.52,23.4],[-106.42,23.24],[-106.22,23.06],[-106.04,22.84],[-105.94,22.78],[-105.8,22.64],[-105.74,22.5],[-105.66,22.26],[-105.66,22.04],[-105.64,21.96],[-105.42,21.6],[-105.18,21.44],[-105.24,21.34],[-105.22,21.2],[-105.24,21.06],[-105.3,21.04],[-105.52,20.78],[-105.36,20.76],[-105.24,20.64],[-105.32,20.52],[-105.58,20.48],[-105.7,20.4],[-105.56,20.2],[-105.52,20.04],[-105.26,19.66],[-105.08,19.56],[-105.02,19.36],[-104.8,19.22],[-104.46,19.1],[-104.36,19.12],[-104.34,19.02],[-103.98,18.88],[-103.7,18.66],[-103.72,18.6],[-103.58,18.5],[-103.5,18.34],[-103.36,18.26],[-103.12,18.2],[-103.02,18.18],[-102.74,18.06],[-102.6,18.04],[-102.28,17.96],[-102.2,17.92],[-102.04,18],[-101.82,17.9],[-101.64,17.66],[-101.5,17.62],[-101.46,17.52],[-101.18,17.42],[-101,17.26],[-100,16.9],[-99.74,16.74],[-99.6,16.68],[-99.38,16.66],[-98.86,16.52],[-98.78,16.56],[-98.56,16.32],[-98.44,16.28],[-98.12,16.2],[-98.08,16.16],[-97.78,15.98],[-97.26,15.94],[-97.16,15.9],[-97.02,15.8],[-96.84,15.74],[-96.68,15.7],[-96.56,15.66],[-96.44,15.7],[-96.24,15.68],[-95.96,15.82],[-95.44,15.98],[-95.24,16.16],[-94.9,16.22],[-95.06,16.26],[-94.86,16.42],[-94.76,16.3],[-94.66,16.36],[-94.58,16.28],[-94.7,16.2],[-94.44,16.18],[-94.36,16.28],[-94.22,16.2],[-94.12,16.22],[-94.04,16.12],[-93.9,16.08],[-93.94,16.02],[-93.66,15.84],[-93.22,15.5],[-92.98,15.26],[-92.82,15.18],[-92.7,15],[-92.24,14.54],[-92.16,14.7],[-92.2,14.82],[-92.16,15],[-92.08,15.08],[-92.2,15.24],[-92.2,15.28],[-91.76,16.04],[-91.72,16.06],[-90.48,16.08],[-90.44,16.18],[-90.46,16.26],[-90.4,16.34],[-90.48,16.44],[-90.64,16.52],[-90.64,16.6],[-90.74,16.74],[-91.06,16.92],[-91.3,17.18],[-91.44,17.26],[-91,17.26],[-91,17.8],[-90.96,17.82],[-90.26,17.82],[-89.16,17.82]]],[[[-111.76,24.44],[-111.86,24.52],[-111.98,24.52],[-111.72,24.32],[-111.76,24.44]]],[[[-115.2,28.34],[-115.34,28.12],[-115.2,28.04],[-115.16,28.18],[-115.2,28.34]]],[[[-112.28,28.76],[-112.2,29.02],[-112.28,29.14],[-112.28,29.22],[-112.44,29.2],[-112.5,29.08],[-112.48,28.98],[-112.58,28.88],[-112.38,28.78],[-112.28,28.76]]],[[[-113.14,29.06],[-113.18,29.28],[-113.38,29.32],[-113.34,29.38],[-113.48,29.54],[-113.54,29.54],[-113.58,29.4],[-113.22,29.06],[-113.14,29.06]]],[[[-86.74,20.6],[-86.94,20.54],[-87,20.44],[-87.02,20.34],[-86.92,20.32],[-86.8,20.48],[-86.74,20.6]]]]},"properties":{"ADMIN":"Mexico","ADM0_A3":"MEX"}},
{"type":"Feature","geometry":{"type":"Polygon","coordinates":[[[-88.92,15.9],[-88.92,15.98],[-88.74,16.16],[-88.74,16.24],[-88.54,16.28],[-88.44,16.4],[-88.4,16.56],[-88.3,16.66],[-88.28,16.9],[-88.22,16.96],[-88.3,17.18],[-88.28,17.34],[-88.24,17.5],[-88.28,17.58],[-88.22,17.78],[-88.2,17.88],[-88.1,18.12],[-88.1,18.38],[-88.2,18.34],[-88.38,18.38],[-88.3,18.48],[-88.48,18.48],[-88.62,18.24],[-88.7,18.18],[-88.74,18.06],[-88.88,17.88],[-89.04,18],[-89.14,17.98],[-89.16,17.82],[-89.14,17.04],[-89.18,16.5],[-89.24,15.9],[-88.92,15.9]]]},"properties":{"ADMIN":"Belize","ADM0_A3":"BLZ"}},
{"type":"Feature","geometry":{"type":"MultiPolygon","coordinates":[[[[-82.9,8.04],[-82.84,8.06],[-82.88,8.22],[-82.8,8.3],[-82.66,8.32],[-82.52,8.28],[-82.28,8.34],[-82.2,8.2],[-82.1,8.24],[-81.72,8.14],[-81.62,7.9],[-81.56,7.84],[-81.52,7.72],[-81.2,7.64],[-81.18,7.82],[-81.08,7.8],[-80.94,7.56],[-80.88,7.22],[-80.72,7.22],[-80.48,7.26],[-80.38,7.32],[-80.36,7.38],[-80.24,7.42],[-80.14,7.42],[-80,7.5],[-80.06,7.64],[-80.14,7.76],[-80.3,7.88],[-80.34,7.98],[-80.46,8.04],[-80.48,8.22],[-80.38,8.32],[-80.22,8.3],[-79.98,8.44],[-79.86,8.56],[-79.78,8.58],[-79.76,8.8],[-79.7,8.86],[-79.6,8.9],[-79.48,9],[-79.38,9.02],[-79.18,9.02],[-79,8.96],[-78.76,8.82],[-78.62,8.66],[-78.5,8.64],[-78.5,8.48],[-78.44,8.4],[-78.3,8.46],[-78.16,8.4],[-78.18,8.3],[-78.3,8.26],[-78.24,8.16],[-78.28,8.08],[-78.44,8.08],[-78.4,7.92],[-78.32,7.84],[-78.14,7.5],[-78,7.38],[-77.9,7.24],[-77.82,7.48],[-77.74,7.54],[-77.78,7.66],[-77.68,7.68],[-77.58,7.52],[-77.34,7.7],[-77.38,7.78],[-77.32,7.88],[-77.2,7.98],[-77.24,8.1],[-77.36,8.28],[-77.42,8.46],[-77.48,8.52],[-77.38,8.66],[-77.48,8.66],[-77.58,8.8],[-77.72,8.9],[-77.74,8.96],[-77.9,9.08],[-78.02,9.22],[-78.2,9.3],[-78.44,9.4],[-78.78,9.44],[-78.9,9.42],[-79.06,9.46],[-79.06,9.54],[-79.2,9.54],[-79.56,9.62],[-79.66,9.58],[-79.7,9.5],[-79.9,9.3],[-80,9.32],[-80.1,9.22],[-80.3,9.16],[-80.4,9.14],[-80.64,9.06],[-80.82,8.9],[-81.08,8.8],[-81.3,8.78],[-81.54,8.82],[-81.76,9.06],[-81.8,8.94],[-81.9,8.98],[-82.1,8.94],[-82.24,9.02],[-82.26,9.18],[-82.36,9.2],[-82.38,9.28],[-82.34,9.4],[-82.58,9.58],[-82.62,9.48],[-82.82,9.6],[-82.86,9.48],[-82.94,9.44],[-82.94,9.06],[-82.74,8.98],[-82.72,8.92],[-82.86,8.84],[-82.92,8.74],[-82.84,8.62],[-82.88,8.44],[-83.06,8.32],[-82.94,8.24],[-82.88,8.1],[-82.9,8.04]]],[[[-81.66,7.4],[-81.72,7.46],[-81.74,7.64],[-81.82,7.58],[-81.84,7.44],[-81.74,7.34],[-81.66,7.4]]],[[[-78.9,8.46],[-78.98,8.44],[-78.96,8.3],[-78.84,8.34],[-78.9,8.46]]]]},"properties":{"ADMIN":"Panama","ADM0_A3":"PAN"}},
{"type":"Feature","geometry":{"type":"MultiPolygon","coordinates":[[[[-60.02,8.56],[-60.2,8.62],[-60.38,8.64],[-60.46,8.54],[-60.6,8.56],[-60.7,8.6],[-60.98,8.58],[-61,8.52],[-61.18,8.5],[-61.28,8.4],[-61.34,8.48],[-61.44,8.48],[-61.52,8.6],[-61.2,8.6],[-61.12,8.82],[-61.1,8.96],[-61,9.04],[-60.98,9.16],[-60.82,9.28],[-60.78,9.34],[-60.86,9.46],[-61.06,9.58],[-61.14,9.58],[-61.34,9.72],[-61.44,9.82],[-61.58,9.88],[-61.6,9.78],[-61.8,9.84],[-61.88,9.82],[-62.02,9.96],[-62.2,10.02],[-62.26,9.94],[-62.24,9.84],[-62.3,9.74],[-62.4,9.92],[-62.52,10.18],[-62.68,10.3],[-62.74,10.38],[-62.84,10.4],[-62.86,10.54],[-62.66,10.56],[-62.34,10.54],[-62.24,10.64],[-61.96,10.66],[-61.98,10.74],[-62.16,10.68],[-62.72,10.76],[-62.9,10.7],[-63.18,10.74],[-63.24,10.68],[-63.46,10.66],[-63.54,10.64],[-63.76,10.66],[-63.92,10.64],[-64.08,10.64],[-64.14,10.62],[-64.28,10.66],[-64.24,10.52],[-64.16,10.58],[-63.96,10.58],[-63.84,10.56],[-63.82,10.44],[-64.02,10.44],[-64.14,10.48],[-64.34,10.4],[-64.5,10.24],[-64.64,10.24],[-64.74,10.1],[-64.96,10.1],[-65.08,10.04],[-65.16,10.1],[-65.58,10.18],[-65.86,10.3],[-66.12,10.5],[-66.12,10.6],[-66.26,10.64],[-66.34,10.62],[-66.54,10.64],[-67.02,10.62],[-67.18,10.56],[-67.56,10.52],[-67.94,10.46],[-68.12,10.48],[-68.24,10.58],[-68.34,10.8],[-68.26,10.9],[-68.42,11.18],[-68.66,11.34],[-68.86,11.46],[-69.06,11.46],[-69.28,11.54],[-69.38,11.5],[-69.5,11.5],[-69.62,11.46],[-69.7,11.54],[-69.8,11.8],[-69.84,12.02],[-69.92,12.16],[-70.02,12.2],[-70.2,12.12],[-70.3,11.88],[-70.2,11.74],[-70.18,11.6],[-69.84,11.7],[-69.8,11.64],[-69.74,11.48],[-69.82,11.42],[-69.94,11.52],[-70.06,11.52],[-70.18,11.38],[-70.28,11.36],[-70.52,11.26],[-70.68,11.24],[-70.86,11.2],[-71.3,10.98],[-71.46,10.98],[-71.42,10.9],[-71.44,10.8],[-71.54,10.76],[-71.52,10.54],[-71.36,10.22],[-71.26,10.16],[-71.2,9.98],[-71.08,9.86],[-71.04,9.76],[-71.1,9.56],[-71.06,9.36],[-71.16,9.28],[-71.28,9.14],[-71.52,9.04],[-71.68,9.06],[-71.76,9.12],[-71.74,9.36],[-71.96,9.5],[-72,9.66],[-72.12,9.82],[-72.04,9.92],[-71.98,10.08],[-71.9,10.14],[-71.78,10.34],[-71.62,10.46],[-71.58,10.72],[-71.7,10.84],[-71.76,11.1],[-71.86,11.22],[-71.94,11.38],[-71.96,11.6],[-71.68,11.68],[-71.5,11.7],[-71.38,11.76],[-71.32,11.84],[-71.44,11.8],[-71.98,11.66],[-72,11.62],[-72.26,11.16],[-72.48,11.14],[-72.58,10.96],[-72.7,10.82],[-72.76,10.68],[-72.9,10.46],[-72.94,10.18],[-72.98,10],[-72.98,9.84],[-73.12,9.56],[-73.18,9.52],[-73.38,9.16],[-73.18,9.2],[-73,9.3],[-72.94,9.1],[-72.82,9.14],[-72.78,9.06],[-72.68,8.66],[-72.38,8.34],[-72.4,8.26],[-72.34,8.1],[-72.48,7.94],[-72.46,7.84],[-72.48,7.64],[-72.46,7.44],[-72.2,7.38],[-72.16,7.32],[-72.16,7.2],[-72.08,7.06],[-72,7.02],[-71.84,6.98],[-71.66,7.06],[-71.28,7.02],[-71.18,6.96],[-70.96,7],[-70.9,7.06],[-70.7,7.1],[-70.58,7.08],[-70.52,7.02],[-70.32,6.94],[-70.16,6.98],[-70.1,6.94],[-69.44,6.12],[-69.32,6.14],[-69.24,6.08],[-69.06,6.22],[-68.82,6.18],[-68.64,6.14],[-68.44,6.2],[-68.3,6.18],[-68.14,6.22],[-67.92,6.24],[-67.84,6.3],[-67.58,6.26],[-67.48,6.18],[-67.42,6.04],[-67.6,5.82],[-67.64,5.66],[-67.62,5.56],[-67.64,5.48],[-67.8,5.38],[-67.84,5.3],[-67.8,5.06],[-67.86,4.58],[-67.78,4.34],[-67.8,4.26],[-67.74,4.12],[-67.64,3.76],[-67.48,3.68],[-67.4,3.5],[-67.3,3.42],[-67.4,3.26],[-67.46,3.24],[-67.84,2.88],[-67.62,2.82],[-67.58,2.7],[-67.48,2.66],[-67.32,2.48],[-67.2,2.4],[-67.22,2.28],[-67.14,2],[-67.06,1.9],[-66.88,1.32],[-66.88,1.22],[-66.4,0.8],[-66.34,0.76],[-66.16,0.74],[-65.98,0.8],[-65.88,0.9],[-65.74,0.98],[-65.58,0.98],[-65.52,0.86],[-65.58,0.74],[-65.56,0.66],[-65.46,0.7],[-65.32,0.92],[-65.2,0.92],[-65.14,1.12],[-65.02,1.14],[-64.84,1.28],[-64.74,1.24],[-64.6,1.34],[-64.56,1.42],[-64.4,1.5],[-64.3,1.44],[-64.12,1.58],[-64.08,1.64],[-64.06,1.9],[-64,1.96],[-63.76,1.98],[-63.62,2.1],[-63.42,2.14],[-63.38,2.26],[-63.38,2.42],[-63.7,2.44],[-63.84,2.42],[-64.04,2.48],[-64,2.7],[-64.1,2.94],[-64.22,3.12],[-64.22,3.26],[-64.24,3.42],[-64.2,3.6],[-64.32,3.72],[-64.54,3.86],[-64.66,4],[-64.72,4.14],[-64.8,4.18],[-64.74,4.28],[-64.66,4.22],[-64.58,4.12],[-64.36,4.16],[-64.24,4.14],[-64.12,4.08],[-64.06,3.92],[-64,3.88],[-63.88,3.94],[-63.62,3.94],[-63.52,3.86],[-63.42,3.96],[-63.28,3.92],[-63,3.6],[-62.88,3.56],[-62.74,3.66],[-62.74,3.78],[-62.78,3.9],[-62.76,4.02],[-62.56,4.04],[-62.54,4.12],[-62.38,4.18],[-62.2,4.1],[-62.04,4.16],[-61.94,4.14],[-61.72,4.26],[-61.54,4.26],[-61.52,4.38],[-61.46,4.42],[-61.34,4.42],[-61.3,4.52],[-61.16,4.5],[-61.02,4.52],[-60.94,4.58],[-60.9,4.7],[-60.76,4.76],[-60.62,4.9],[-60.6,5],[-60.66,5.18],[-60.74,5.2],[-61.38,5.9],[-61.26,6.1],[-61.12,6.18],[-61.16,6.34],[-61.14,6.42],[-61.2,6.6],[-61.12,6.72],[-60.94,6.74],[-60.8,6.8],[-60.72,6.76],[-60.62,6.84],[-60.42,6.94],[-60.3,7.1],[-60.38,7.18],[-60.48,7.18],[-60.54,7.12],[-60.64,7.22],[-60.6,7.34],[-60.74,7.52],[-60.6,7.64],[-60.58,7.74],[-60.5,7.82],[-60.38,7.82],[-60.24,7.96],[-60.02,8.06],[-60,8.16],[-59.84,8.22],[-59.82,8.28],[-60.02,8.56]]],[[[-63.84,11.14],[-63.98,11.1],[-64.04,11],[-64.18,11.04],[-64.2,11.08],[-64.38,11.06],[-64.4,10.96],[-64.22,10.94],[-64.18,10.96],[-64.04,10.86],[-63.9,10.88],[-63.8,11],[-63.84,11.14]]],[[[-60.96,8.82],[-61.06,8.8],[-61.16,8.7],[-61.1,8.64],[-60.84,8.64],[-60.76,8.74],[-60.68,8.78],[-60.74,8.86],[-60.86,8.88],[-60.96,8.82]]]]},"properties":{"ADMIN":"Venezuela","ADM0_A3":"VEN"}},
{"type":"Feature","geometry":{"type":"MultiPolygon","coordinates":[[[[140.98,-9.1],[141.12,-9.22],[141.24,-9.22],[141.32,-9.16],[141.42,-9.16],[141.52,-9.22],[141.64,-9.24],[141.78,-9.2],[141.86,-9.22],[142.22,-9.16],[142.46,-9.24],[142.58,-9.32],[142.66,-9.34],[143.18,-9.04],[143.32,-9.02],[143.4,-8.96],[143.4,-8.78],[143.26,-8.6],[143.14,-8.48],[142.9,-8.42],[142.98,-8.34],[143.34,-8.24],[143.6,-8.24],[143.62,-8.18],[143.54,-8.04],[143.66,-7.98],[143.76,-8.04],[143.9,-8.02],[143.96,-7.98],[143.86,-7.8],[143.84,-7.72],[143.92,-7.7],[144.22,-7.8],[144.24,-7.72],[144.36,-7.68],[144.44,-7.62],[144.56,-7.6],[144.62,-7.66],[144.7,-7.62],[144.86,-7.7],[144.88,-7.78],[145.32,-7.86],[145.46,-7.94],[145.62,-7.94],[145.88,-8.04],[146,-8.04],[146.1,-8.1],[146.12,-8.2],[146.22,-8.26],[146.28,-8.44],[146.44,-8.62],[146.58,-8.82],[146.56,-8.94],[146.62,-9.02],[146.78,-9.06],[146.92,-9.12],[146.92,-9.26],[146.96,-9.28],[147.06,-9.46],[147.24,-9.54],[147.32,-9.54],[147.5,-9.76],[147.52,-9.88],[147.62,-9.98],[147.76,-10.06],[147.88,-10.06],[147.98,-10.16],[148.02,-10.12],[148.24,-10.1],[148.4,-10.2],[148.54,-10.18],[148.98,-10.28],[149.06,-10.24],[149.46,-10.36],[149.74,-10.34],[149.94,-10.44],[150.06,-10.64],[150.22,-10.7],[150.32,-10.66],[150.42,-10.68],[150.7,-10.56],[150.64,-10.48],[150.34,-10.36],[150.4,-10.3],[150.62,-10.34],[150.58,-10.24],[150.46,-10.2],[150.3,-10.18],[150.2,-10.1],[149.94,-10.06],[149.72,-9.84],[149.74,-9.8],[150.06,-9.72],[150.02,-9.64],[149.74,-9.6],[149.62,-9.62],[149.46,-9.6],[149.34,-9.52],[149.22,-9.48],[149.18,-9.36],[149.3,-9.12],[149.32,-9.02],[149.24,-9],[148.9,-9.06],[148.76,-9.1],[148.62,-9.08],[148.56,-9.04],[148.5,-8.88],[148.48,-8.74],[148.44,-8.66],[148.24,-8.56],[148.22,-8.3],[148.12,-8.06],[148,-8.06],[147.88,-7.94],[147.72,-7.94],[147.68,-7.82],[147.6,-7.82],[147.58,-7.7],[147.36,-7.52],[147.24,-7.48],[147.16,-7.4],[147.14,-7.22],[147.06,-7.14],[147.06,-7.06],[146.96,-6.96],[146.94,-6.84],[146.98,-6.74],[147.14,-6.72],[147.2,-6.74],[147.78,-6.72],[147.86,-6.7],[147.86,-6.48],[147.82,-6.34],[147.72,-6.28],[147.62,-6.1],[147.44,-5.96],[147.28,-5.94],[147.24,-5.96],[147.04,-5.94],[146.94,-5.84],[146.82,-5.84],[146.66,-5.74],[146.46,-5.6],[146.28,-5.58],[145.96,-5.48],[145.76,-5.48],[145.72,-5.42],[145.78,-5.24],[145.82,-5.06],[145.78,-4.96],[145.82,-4.86],[145.7,-4.76],[145.34,-4.4],[145.18,-4.4],[145.06,-4.34],[144.86,-4.1],[144.74,-4.02],[144.56,-3.96],[144.52,-3.82],[144.36,-3.8],[144.2,-3.84],[144,-3.8],[143.82,-3.62],[143.62,-3.54],[143.48,-3.42],[143.12,-3.34],[143.02,-3.36],[142.5,-3.2],[142.18,-3.08],[142,-2.96],[141.9,-2.96],[141.58,-2.8],[141.34,-2.7],[141.28,-2.64],[141.04,-2.58],[140.98,-2.6],[140.98,-3.8],[140.98,-4.6],[140.98,-5.62],[140.98,-6.34],[140.94,-6.5],[140.86,-6.6],[140.84,-6.7],[140.92,-6.86],[140.98,-6.9],[140.98,-7.96],[140.98,-9.1]]],[[[153.76,-11.58],[153.7,-11.52],[153.54,-11.48],[153.26,-11.36],[153.28,-11.46],[153.4,-11.5],[153.44,-11.58],[153.6,-11.62],[153.76,-11.58]]],[[[154.28,-11.34],[154.22,-11.32],[154.1,-11.32],[154.1,-11.42],[154.28,-11.34]]],[[[151.18,-9.96],[151.12,-10.04],[151.04,-9.98],[150.92,-9.84],[150.88,-9.9],[150.96,-10.1],[151.16,-10.14],[151.22,-10.18],[151.3,-9.96],[151.18,-9.96]]],[[[150.8,-9.66],[150.94,-9.66],[150.88,-9.52],[150.76,-9.4],[150.68,-9.44],[150.5,-9.34],[150.42,-9.42],[150.54,-9.62],[150.66,-9.66],[150.8,-9.66]]],[[[150.36,-9.38],[150.34,-9.28],[150.22,-9.2],[150.14,-9.24],[150.1,-9.36],[150.18,-9.44],[150.34,-9.48],[150.36,-9.38]]],[[[153,-9.14],[152.8,-9],[152.6,-8.98],[152.6,-9.06],[152.82,-9.26],[152.9,-9.26],[153,-9.14]]],[[[151.12,-8.76],[151.14,-8.6],[151.04,-8.44],[151,-8.52],[151.12,-8.58],[151.04,-8.74],[151.12,-8.76]]],[[[143.6,-8.64],[143.48,-8.52],[143.42,-8.6],[143.6,-8.64]]],[[[143.38,-8.42],[143.54,-8.48],[143.58,-8.38],[143.38,-8.38],[143.38,-8.42]]],[[[148.04,-5.6],[147.78,-5.5],[147.76,-5.62],[147.9,-5.78],[148.02,-5.84],[148.06,-5.74],[148.04,-5.6]]],[[[155.94,-6.64],[155.92,-6.52],[155.82,-6.36],[155.72,-6.28],[155.46,-6.14],[155.4,-6],[155.28,-5.88],[155.2,-5.86],[155.2,-5.76],[155.06,-5.56],[154.78,-5.56],[154.7,-5.76],[154.74,-5.84],[154.76,-5.94],[154.96,-6.14],[154.98,-6.2],[155.18,-6.3],[155.24,-6.36],[155.18,-6.56],[155.36,-6.74],[155.52,-6.84],[155.72,-6.88],[155.82,-6.78],[155.88,-6.8],[155.94,-6.64]]],[[[147.2,-5.26],[147.14,-5.2],[147.02,-5.24],[147.02,-5.34],[147.12,-5.44],[147.22,-5.4],[147.2,-5.26]]],[[[154.72,-5.22],[154.68,-5.04],[154.58,-5.14],[154.58,-5.3],[154.64,-5.46],[154.68,-5.42],[154.72,-5.22]]],[[[146,-4.54],[145.9,-4.6],[145.88,-4.68],[145.94,-4.76],[146.04,-4.7],[146.04,-4.58],[146,-4.54]]],[[[152.42,-4.34],[152.18,-4.3],[152.14,-4.2],[151.96,-4.34],[151.88,-4.3],[151.82,-4.22],[151.54,-4.18],[151.5,-4.22],[151.56,-4.4],[151.6,-4.46],[151.7,-4.82],[151.62,-4.96],[151.38,-4.92],[151.26,-5],[151.08,-5.16],[151.04,-5.26],[151.02,-5.4],[150.88,-5.5],[150.8,-5.44],[150.72,-5.54],[150.64,-5.56],[150.6,-5.48],[150.42,-5.46],[150.3,-5.56],[150.14,-5.54],[150.06,-5.34],[150.06,-5.18],[150.18,-5.1],[150.16,-5.02],[150.04,-5.04],[150.02,-5.24],[149.92,-5.34],[149.98,-5.44],[149.88,-5.52],[149.8,-5.5],[149.72,-5.56],[149.62,-5.52],[149.4,-5.58],[149.22,-5.6],[149.2,-5.56],[148.98,-5.46],[148.84,-5.54],[148.66,-5.48],[148.56,-5.54],[148.42,-5.44],[148.34,-5.54],[148.32,-5.64],[148.38,-5.78],[148.56,-5.84],[148.62,-5.8],[148.78,-5.88],[148.86,-5.98],[149.02,-6.02],[149.14,-6.14],[149.3,-6.06],[149.46,-6.1],[149.62,-6.3],[149.92,-6.3],[150.06,-6.26],[150.28,-6.3],[150.46,-6.28],[150.58,-6.18],[150.8,-6.12],[150.88,-6.06],[151.2,-5.94],[151.36,-5.84],[151.46,-5.68],[151.48,-5.52],[151.74,-5.54],[151.78,-5.58],[151.98,-5.54],[152.1,-5.46],[152.16,-5.36],[152.12,-5.3],[151.98,-5.16],[152,-4.98],[152.14,-5],[152.3,-4.94],[152.38,-4.8],[152.42,-4.68],[152.36,-4.48],[152.42,-4.34]]],[[[153.14,-4.26],[153.06,-4.18],[152.96,-4],[152.88,-4],[152.78,-3.9],[152.58,-3.82],[152.5,-3.64],[152.42,-3.66],[152.36,-3.54],[152.22,-3.46],[152.06,-3.24],[151.82,-3.2],[151.68,-3.06],[151.44,-2.9],[151.22,-2.86],[151.18,-2.78],[151.02,-2.7],[150.9,-2.68],[150.8,-2.72],[151.1,-2.84],[151.44,-3.06],[151.48,-3.12],[151.62,-3.16],[151.8,-3.36],[151.98,-3.46],[152.18,-3.5],[152.28,-3.56],[152.36,-3.7],[152.52,-3.86],[152.68,-4.16],[152.7,-4.28],[152.68,-4.46],[152.74,-4.64],[152.88,-4.78],[152.98,-4.76],[153.08,-4.6],[153.06,-4.46],[153.14,-4.38],[153.14,-4.26]]],[[[150.46,-2.54],[150.44,-2.48],[150.2,-2.38],[150,-2.46],[150.18,-2.68],[150.46,-2.66],[150.46,-2.54]]],[[[147.44,-1.98],[147.42,-2.04],[147.12,-1.96],[146.86,-1.94],[146.78,-1.98],[146.66,-1.96],[146.58,-2.02],[146.64,-2.16],[146.96,-2.2],[147.14,-2.16],[147.22,-2.18],[147.28,-2.08],[147.44,-2.06],[147.44,-1.98]]],[[[149.74,-1.48],[149.62,-1.36],[149.54,-1.46],[149.66,-1.58],[149.78,-1.56],[149.74,-1.48]]]]},"properties":{"ADMIN":"Papua New Guinea","ADM0_A3":"PNG"}},
{"type":"Feature","geometry":{"type":"Polygon","coordinates":[[[34.24,31.22],[34.2,31.32],[34.04,31.22],[33.64,31.12],[33.5,31.12],[33.18,31.06],[33.1,31.18],[32.96,31.08],[32.88,31.1],[32.74,31.04],[32.5,31.1],[32.3,31.28],[32.24,31.1],[32.06,31.08],[32.02,31.18],[31.94,31.18],[31.8,31.34],[31.88,31.4],[31.84,31.52],[31.6,31.44],[31.52,31.44],[31.22,31.58],[31.04,31.52],[30.9,31.42],[30.74,31.4],[30.36,31.5],[30.26,31.26],[30.16,31.22],[30.04,31.32],[29.84,31.16],[29.5,30.96],[29.22,30.84],[29.02,30.82],[28.82,30.96],[28.4,31.08],[28.32,31.06],[27.9,31.12],[27.86,31.24],[27.66,31.18],[27.48,31.22],[27.38,31.26],[27.32,31.38],[27.12,31.4],[26.96,31.44],[26.36,31.52],[25.96,31.62],[25.82,31.62],[25.4,31.5],[25.2,31.54],[25.16,31.66],[25.02,31.5],[24.86,31.38],[24.86,31.14],[24.88,31.02],[25,30.78],[24.9,30.5],[24.78,30.34],[24.68,30.14],[24.82,29.9],[24.8,29.76],[24.88,29.64],[24.88,29.46],[24.98,29.18],[24.98,28.5],[24.98,27.66],[24.98,26.66],[24.98,26.08],[24.98,25.2],[24.98,24.62],[24.98,23.74],[24.98,22.58],[24.98,22],[25.56,22],[26.34,22],[27.32,22],[28.3,22],[29.46,22],[30.44,22],[31.24,22],[31.36,22.18],[31.5,22.14],[31.44,22],[32.14,22],[33.18,22],[34.08,22],[35.48,22],[36.88,22],[36.9,22.06],[36.72,22.16],[36.56,22.3],[36.44,22.36],[36.42,22.42],[36.32,22.5],[36.28,22.6],[36.2,22.66],[35.88,22.74],[35.7,22.94],[35.66,23.08],[35.58,23.22],[35.54,23.4],[35.48,23.5],[35.52,23.76],[35.48,23.8],[35.52,23.98],[35.68,23.92],[35.72,24],[35.6,24.02],[35.5,24.1],[35.4,24.28],[35.24,24.4],[34.98,24.9],[34.68,25.42],[34.54,25.72],[34.34,26],[34.02,26.62],[33.94,26.66],[33.94,26.82],[34,26.84],[33.84,27.12],[33.82,27.26],[33.7,27.34],[33.64,27.5],[33.56,27.54],[33.52,27.76],[33.58,27.86],[33.52,27.96],[33.34,28.08],[33.12,28.28],[33,28.48],[32.86,28.58],[32.82,28.74],[32.68,28.88],[32.62,28.98],[32.66,29.08],[32.6,29.34],[32.38,29.52],[32.34,29.6],[32.4,29.74],[32.56,29.98],[32.7,29.74],[32.68,29.6],[32.74,29.46],[32.82,29.42],[32.88,29.24],[33.14,29.04],[33.2,28.68],[33.22,28.56],[33.44,28.36],[33.56,28.3],[33.76,28.02],[33.98,27.88],[34.08,27.8],[34.24,27.8],[34.42,27.98],[34.46,28.16],[34.4,28.3],[34.64,28.78],[34.68,29.1],[34.74,29.3],[34.88,29.5],[34.82,29.74],[34.74,30],[34.6,30.34],[34.54,30.4],[34.48,30.66],[34.24,31.22]]]},"properties":{"ADMIN":"Egypt","ADM0_A3":"EGY"}},
{"type":"Feature","geometry":{"type":"MultiPolygon","coordinates":[[[[51.98,19],[51.02,18.86],[49.74,18.7],[49.12,18.62],[49.04,18.58],[48.16,18.14],[47.58,17.46],[47.46,17.14],[47.42,17.1],[47.2,16.96],[46.98,16.96],[46.74,17.26],[46.72,17.28],[46.32,17.22],[45.44,17.32],[45.16,17.42],[44.64,17.44],[44.56,17.4],[44.4,17.42],[44.1,17.36],[43.76,17.34],[43.62,17.46],[43.5,17.52],[43.4,17.52],[43.16,17.32],[43.12,17.08],[43.1,16.92],[43.2,16.78],[43.16,16.66],[43.08,16.68],[43.04,16.54],[42.92,16.48],[42.88,16.4],[42.78,16.38],[42.84,16.06],[42.82,15.88],[42.7,15.72],[42.72,15.58],[42.78,15.5],[42.8,15.24],[42.94,14.94],[42.94,14.78],[43.02,14.54],[43,14.44],[43.1,14.08],[43.24,13.88],[43.28,13.72],[43.26,13.52],[43.24,13.22],[43.48,12.84],[43.46,12.7],[43.58,12.76],[43.9,12.64],[43.94,12.6],[44.2,12.62],[44.44,12.7],[44.54,12.8],[44.7,12.8],[44.86,12.74],[44.94,12.84],[45.02,12.84],[45.2,13.02],[45.4,13.08],[45.5,13.2],[45.66,13.34],[45.94,13.4],[46.24,13.44],[46.32,13.42],[46.7,13.44],[46.92,13.54],[47.16,13.58],[47.4,13.66],[47.66,13.88],[47.86,13.96],[48.02,14.06],[48.14,14.04],[48.18,13.96],[48.34,14.02],[48.46,14.02],[48.68,14.04],[48.86,14.16],[48.88,14.26],[49,14.32],[49.08,14.5],[49.58,14.74],[49.94,14.84],[50.04,14.82],[50.18,14.84],[50.56,15.04],[51.06,15.14],[51.36,15.22],[51.54,15.32],[51.66,15.34],[51.68,15.4],[52.04,15.58],[52.22,15.62],[52.22,15.84],[52.16,15.98],[52.22,16.14],[52.3,16.26],[52.42,16.38],[52.6,16.48],[52.86,16.56],[52.98,16.62],[53.1,16.64],[52.8,17.26],[52.74,17.3],[52.48,17.86],[51.98,19]]],[[[54.48,12.54],[54.12,12.7],[54,12.64],[53.76,12.62],[53.66,12.7],[53.5,12.72],[53.4,12.66],[53.34,12.52],[53.5,12.42],[53.58,12.34],[53.78,12.3],[54.14,12.36],[54.24,12.44],[54.44,12.48],[54.48,12.54]]]]},"properties":{"ADMIN":"Yemen","ADM0_A3":"YEM"}},
{"type":"Feature","geometry":{"type":"Polygon","coordinates":[[[-17.06,20.76],[-17,20.94],[-17.02,21.04],[-16.94,21.16],[-16.74,20.86],[-16.66,20.68],[-16.56,20.58],[-16.48,20.68],[-16.4,20.56],[-16.3,20.34],[-16.2,20.22],[-16.26,20.14],[-16.22,20.04],[-16.3,19.92],[-16.24,19.8],[-16.38,19.58],[-16.28,19.52],[-16.36,19.42],[-16.46,19.38],[-16.48,19.28],[-16.36,19.22],[-16.28,19.14],[-16.2,18.98],[-16.14,18.62],[-16.06,18.48],[-16.02,17.96],[-16.04,17.66],[-16.18,17.26],[-16.34,16.94],[-16.46,16.64],[-16.46,16.5],[-16.54,16.26],[-16.52,15.98],[-16.54,15.8],[-16.46,16.18],[-16.38,16.24],[-16.32,16.48],[-16.14,16.56],[-16.06,16.5],[-15.82,16.52],[-15.68,16.48],[-15.5,16.56],[-15.12,16.58],[-14.98,16.7],[-14.94,16.64],[-14.6,16.62],[-14.4,16.66],[-14.34,16.64],[-14.02,16.36],[-13.96,16.24],[-13.82,16.12],[-13.74,16.18],[-13.68,16.1],[-13.48,16.16],[-13.32,15.92],[-13.24,15.62],[-13.12,15.6],[-13.08,15.5],[-12.96,15.5],[-12.86,15.22],[-12.7,15.1],[-12.62,15.1],[-12.48,15],[-12.38,14.84],[-12.26,14.78],[-11.98,14.78],[-11.84,14.9],[-11.82,15.02],[-11.84,15.18],[-11.72,15.54],[-11.64,15.52],[-11.52,15.6],[-11.4,15.6],[-11.3,15.46],[-11.04,15.28],[-10.92,15.1],[-10.82,15.28],[-10.74,15.34],[-10.74,15.42],[-10.54,15.44],[-10.3,15.44],[-10.14,15.38],[-9.84,15.38],[-9.68,15.44],[-9.42,15.44],[-9.46,15.56],[-9.34,15.68],[-9.34,15.5],[-8.32,15.5],[-7.52,15.5],[-6.68,15.5],[-5.52,15.5],[-5.36,16.32],[-5.62,16.52],[-5.76,17.74],[-5.86,18.66],[-5.96,19.62],[-6.04,20.24],[-6.12,20.92],[-6.22,21.82],[-6.3,22.54],[-6.38,23.16],[-6.5,24.2],[-6.6,25],[-5.92,25],[-4.82,25],[-5.52,25.42],[-6.14,25.8],[-7.3,26.48],[-8.08,26.94],[-8.68,27.28],[-8.68,26.02],[-8.7,26],[-9.7,26],[-10.9,26],[-12.02,26],[-12.02,25.32],[-12.02,24.26],[-12.02,23.5],[-12.14,23.42],[-12.36,23.32],[-12.62,23.28],[-13.02,23.02],[-13.12,22.88],[-13.16,22.76],[-13.1,22.5],[-13.02,21.34],[-14.02,21.34],[-15,21.34],[-16.26,21.34],[-16.96,21.34],[-17.08,20.88],[-17.06,20.76]]]},"properties":{"ADMIN":"Mauritania","ADM0_A3":"MRT"}},
{"type":"Feature","geometry":{"type":"Polygon","coordinates":[[[35.92,4.62],[34.96,4.62],[34.38,4.62],[33.98,4.22],[34.06,4.08],[34.06,4],[34.28,3.7],[34.34,3.74],[34.44,3.66],[34.44,3.52],[34.38,3.46],[34.44,3.18],[34.54,3.1],[34.58,2.94],[34.64,2.86],[34.74,2.86],[34.82,2.6],[34.88,2.6],[34.92,2.48],[34.86,2.34],[34.96,2.1],[34.98,1.68],[34.78,1.38],[34.8,1.24],[34.68,1.2],[34.5,1.1],[34.38,0.82],[34.3,0.76],[34.28,0.68],[34.14,0.58],[34.08,0.36],[33.9,0.1],[33.96,-0.16],[33.9,-0.66],[33.9,-1],[34.06,-1.04],[34.56,-1.32],[35.42,-1.8],[35.84,-2.04],[36.7,-2.52],[37.64,-3.04],[37.7,-3.32],[37.6,-3.4],[37.6,-3.52],[37.72,-3.54],[37.78,-3.66],[38.5,-4.18],[39.2,-4.68],[39.26,-4.6],[39.36,-4.64],[39.56,-4.4],[39.66,-4.08],[39.78,-3.92],[39.86,-3.7],[39.84,-3.62],[39.96,-3.4],[40.12,-3.26],[40.12,-3.18],[40.22,-3],[40.16,-2.94],[40.18,-2.76],[40.24,-2.66],[40.38,-2.56],[40.52,-2.52],[40.62,-2.56],[40.82,-2.38],[40.84,-2.24],[40.92,-2.22],[40.9,-2.08],[41.02,-2.04],[41.2,-1.94],[41.3,-1.96],[41.54,-1.7],[41.52,-1.58],[40.98,-0.88],[40.96,0],[40.96,0.62],[40.96,1.74],[40.96,2.82],[40.98,2.84],[41.34,3.2],[41.88,3.98],[41.84,3.94],[41.7,4],[41.42,3.94],[41.22,3.94],[41.12,3.96],[41,4.08],[40.88,4.16],[40.76,4.28],[40.7,4.24],[40.38,4.12],[39.84,3.86],[39.74,3.66],[39.58,3.5],[39.54,3.4],[39.44,3.46],[39.18,3.48],[39.06,3.52],[38.9,3.52],[38.66,3.6],[38.5,3.62],[38.38,3.6],[38.1,3.62],[37.98,3.72],[37.12,4.28],[37.02,4.38],[36.84,4.44],[36.62,4.44],[36.04,4.44],[35.94,4.52],[35.92,4.62]]]},"properties":{"ADMIN":"Kenya","ADM0_A3":"KEN"}},
{"type":"Feature","geometry":{"type":"MultiPolygon","coordinates":[[[[9.8,2.34],[9.76,2.08],[9.8,1.9],[9.62,1.68],[9.56,1.5],[9.4,1.28],[9.36,1.14],[9.5,1.14],[9.58,1.04],[9.76,1.1],[9.8,1],[9.9,0.94],[10.02,1],[10.74,1],[11.34,1],[11.34,1.78],[11.32,2.16],[10.72,2.16],[10,2.16],[9.82,2.26],[9.8,2.34]]],[[[8.92,3.76],[8.7,3.76],[8.62,3.64],[8.56,3.46],[8.48,3.46],[8.42,3.34],[8.46,3.28],[8.7,3.2],[8.78,3.32],[8.86,3.52],[8.96,3.64],[8.92,3.76]]]]},"properties":{"ADMIN":"Equatorial Guinea","ADM0_A3":"GNQ"}},
{"type":"Feature","geometry":{"type":"Polygon","coordinates":[[[-16.56,13.58],[-16.52,13.36],[-16.26,13.32],[-16.42,13.26],[-16.6,13.34],[-16.62,13.48],[-16.68,13.5],[-16.82,13.34],[-16.76,13.06],[-16.68,13.16],[-15.84,13.16],[-15.82,13.32],[-15.52,13.38],[-15.38,13.36],[-15.22,13.42],[-15.22,13.52],[-15.14,13.58],[-15.02,13.5],[-14.78,13.42],[-14.74,13.36],[-14.6,13.36],[-14.4,13.24],[-14.2,13.22],[-14.06,13.3],[-13.86,13.34],[-13.82,13.42],[-13.96,13.58],[-14.1,13.56],[-14.32,13.46],[-14.48,13.52],[-14.58,13.66],[-14.72,13.62],[-14.8,13.66],[-14.84,13.76],[-14.92,13.8],[-15.1,13.82],[-15.26,13.74],[-15.4,13.78],[-15.46,13.7],[-15.52,13.58],[-16.56,13.58]]]},"properties":{"ADMIN":"Gambia","ADM0_A3":"GMB"}},
{"type":"Feature","geometry":{"type":"Polygon","coordinates":[[[114.08,22.52],[114,22.48],[113.92,22.38],[114.12,22.36],[114.28,22.28],[114.28,22.4],[114.34,22.44],[114.22,22.56],[114.08,22.52]]]},"properties":{"ADMIN":"Hong Kong S.A.R.","ADM0_A3":"HKG"}},
{"type":"Feature","geometry":null,"properties":{"ADMIN":"Vatican","ADM0_A3":"VAT"}},
{"type":"Feature","geometry":{"type":"Polygon","coordinates":[[[32.76,34.66],[33.02,34.64],[32.84,34.7],[32.76,34.66]]]},"properties":{"ADMIN":"Akrotiri Sovereign Base Area","ADM0_A3":"WSB"}},
{"type":"Feature","geometry":{"type":"Polygon","coordinates":[[[34.08,22],[33.18,22],[33.56,21.72],[34,21.76],[34.08,22]]]},"properties":{"ADMIN":"Bir Tawil","ADM0_A3":"BRT"}},
{"type":"Feature","geometry":{"type":"MultiPolygon","coordinates":[[[[-51.74,-82.06],[-52.64,-82.16],[-53.22,-82.12],[-54.76,-82.3],[-55.18,-82.46],[-55.92,-82.48],[-56.34,-82.64],[-57.7,-82.92],[-57.9,-83],[-59.46,-83.46],[-60.44,-83.46],[-61.62,-83.32],[-61.04,-83.12],[-60.98,-82.98],[-61.94,-82.98],[-62.52,-82.72],[-62.8,-82.52],[-62,-82.46],[-61.12,-82.34],[-60.5,-82.22],[-60.7,-82.16],[-62.08,-82.28],[-62.48,-82.26],[-63.84,-82.3],[-65.08,-82.4],[-66.06,-82.2],[-65.7,-81.96],[-65.8,-81.88],[-63.58,-81.88],[-63.48,-81.78],[-65.62,-81.78],[-65.7,-81.72],[-63.74,-81.68],[-63.38,-81.72],[-62.2,-81.7],[-62.42,-81.56],[-65.18,-81.52],[-68.38,-81.12],[-68.08,-81.06],[-68.68,-80.96],[-69.18,-81.02],[-69.98,-80.98],[-70.4,-80.82],[-70.44,-80.66],[-71.28,-80.66],[-72.56,-80.8],[-72.76,-80.96],[-74.04,-80.8],[-74.84,-80.92],[-75.72,-80.82],[-75.2,-80.78],[-75.72,-80.64],[-75.42,-80.54],[-75.58,-80.4],[-76.12,-80.28],[-76.28,-80.08],[-77.66,-80.18],[-78.38,-80.16],[-79.64,-80.02],[-79.68,-79.98],[-77.42,-80.02],[-76.64,-79.94],[-76.1,-79.74],[-75.92,-79.52],[-76.54,-79.32],[-80.42,-79.26],[-80.54,-79.42],[-80.5,-79.58],[-81.12,-79.46],[-81.32,-79.3],[-81.1,-79.2],[-81.74,-79.06],[-82.58,-78.94],[-83.26,-78.78],[-83.72,-78.56],[-83.88,-78.42],[-83.68,-78.32],[-83.02,-78.42],[-83.7,-78.16],[-83.68,-78.02],[-82.48,-78.46],[-80.3,-78.84],[-77.76,-78.74],[-77.36,-78.62],[-77.42,-78.42],[-79.28,-78.18],[-81.62,-77.86],[-81.16,-77.86],[-80.76,-77.78],[-80.22,-77.8],[-79.42,-77.88],[-79.14,-77.84],[-77.78,-77.94],[-77.68,-77.92],[-75.22,-78.14],[-75.1,-78.2],[-74.26,-78.12],[-73.62,-78.02],[-73.12,-77.86],[-72.8,-77.7],[-72.72,-77.58],[-75.08,-77.44],[-75.52,-77.54],[-75.92,-77.34],[-76.32,-77.26],[-77.18,-76.82],[-77.52,-76.72],[-77.5,-76.56],[-76.92,-76.6],[-76.5,-76.52],[-75.9,-76.62],[-75.22,-76.56],[-74.08,-76.7],[-73.94,-76.66],[-73.06,-76.7],[-72.4,-76.68],[-71.7,-76.76],[-70.78,-76.74],[-70.34,-76.68],[-69.98,-76.54],[-70.18,-76.46],[-69.48,-76.34],[-68.02,-76.22],[-68.1,-76.14],[-66.22,-76.02],[-63.16,-75.4],[-63.08,-75.36],[-63.76,-75.32],[-64.32,-75.36],[-64.28,-75.24],[-63.5,-75.16],[-63.04,-75.14],[-63.34,-75],[-63.9,-75.04],[-63.58,-74.88],[-63.06,-74.9],[-63.3,-74.72],[-63.12,-74.66],[-62.68,-74.7],[-62.6,-74.96],[-62.14,-74.96],[-61.88,-74.86],[-61.78,-74.72],[-62.34,-74.46],[-61.54,-74.54],[-61.06,-74.52],[-60.98,-74.42],[-60.68,-74.32],[-60.86,-74.24],[-61.28,-74.32],[-61.88,-74.28],[-61.66,-74.2],[-61.4,-74.24],[-61.06,-74.1],[-61.36,-74.06],[-61.8,-73.9],[-61.38,-73.88],[-61.24,-73.96],[-60.92,-73.9],[-60.74,-73.72],[-60.8,-73.58],[-61.72,-73.46],[-61.56,-73.36],[-62.06,-73.14],[-61.36,-73.2],[-61.16,-73.32],[-60.7,-73.4],[-60.46,-73.3],[-60.1,-73.3],[-59.9,-73],[-60.24,-73.04],[-60.62,-72.94],[-60.5,-72.8],[-60.52,-72.68],[-60.74,-72.66],[-61.04,-72.7],[-61.22,-72.64],[-61.36,-72.46],[-60.82,-72.46],[-60.64,-72.42],[-60.66,-72.26],[-60.94,-72.16],[-60.66,-72.04],[-61.42,-72.06],[-61.74,-72.04],[-62.26,-72.14],[-62.12,-72],[-62.44,-71.92],[-61.5,-71.86],[-61.1,-71.88],[-61.06,-71.8],[-60.78,-71.76],[-61.12,-71.54],[-61.56,-71.7],[-61.72,-71.54],[-61.12,-71.42],[-60.94,-71.18],[-61.34,-71.04],[-61.26,-70.9],[-61.56,-70.84],[-61.8,-70.92],[-62,-70.92],[-62,-70.8],[-61.36,-70.56],[-61.42,-70.5],[-61.94,-70.5],[-62.38,-70.42],[-62.44,-70.3],[-62.26,-70.22],[-62.06,-70.26],[-61.86,-70.2],[-62,-70.08],[-62.32,-69.98],[-62.52,-69.86],[-62.38,-69.68],[-62.4,-69.52],[-62.66,-69.38],[-62.96,-69.38],[-63.18,-69.16],[-63.44,-69.16],[-63.32,-69.06],[-63.86,-69],[-63.22,-68.84],[-63.38,-68.78],[-63.82,-68.72],[-63.74,-68.58],[-63.46,-68.54],[-63.32,-68.42],[-63.9,-68.48],[-64.12,-68.54],[-64.08,-68.72],[-64.36,-68.78],[-65.16,-68.62],[-65.34,-68.56],[-64.98,-68.4],[-65.4,-68.38],[-65.48,-68.3],[-65.16,-68.22],[-64.8,-68.16],[-64.98,-68.08],[-65.76,-68.16],[-65.78,-68.1],[-65.38,-68.02],[-65.68,-67.88],[-65.56,-67.72],[-65.34,-67.66],[-65.58,-67.56],[-65.32,-67.4],[-64.74,-67.3],[-65,-67.24],[-64.86,-67.16],[-64.96,-67.04],[-64.78,-66.84],[-64.36,-66.92],[-63.84,-66.92],[-63.76,-66.78],[-63.94,-66.7],[-63.92,-66.5],[-63.74,-66.32],[-63.76,-66.22],[-63.58,-66.2],[-63.24,-66.24],[-63.16,-66.36],[-62.9,-66.48],[-62.78,-66.66],[-62.54,-66.72],[-62.52,-66.6],[-62.7,-66.5],[-62.56,-66.42],[-62.76,-66.32],[-62.66,-66.22],[-62.22,-66.18],[-61.96,-66.2],[-61.82,-66.46],[-61.68,-66.32],[-61.5,-66.24],[-61.5,-66.12],[-61.24,-66.16],[-61.16,-66.3],[-60.98,-66.32],[-60.88,-66.18],[-61.02,-66.14],[-60.84,-66.04],[-60.7,-66.12],[-60.58,-65.94],[-60.86,-65.92],[-61.24,-65.92],[-61.34,-66.08],[-61.58,-66.02],[-61.72,-66.14],[-62.02,-66.12],[-62.38,-65.92],[-62.34,-65.8],[-62.06,-65.7],[-62.08,-65.6],[-61.96,-65.5],[-62.2,-65.3],[-61.94,-65.2],[-61.62,-65.24],[-61.56,-65.16],[-61.74,-65.08],[-61.72,-64.96],[-61.54,-64.98],[-61.38,-65.06],[-61.06,-65.02],[-60.74,-64.82],[-60.64,-64.7],[-60.36,-64.62],[-60.24,-64.52],[-60.04,-64.48],[-59.96,-64.38],[-59.76,-64.44],[-59.76,-64.56],[-59.56,-64.56],[-59.66,-64.4],[-59.42,-64.34],[-59.28,-64.46],[-59,-64.44],[-58.76,-64.28],[-58.82,-64.22],[-58.74,-64.04],[-58.5,-63.92],[-58.3,-63.76],[-58.08,-63.66],[-57.76,-63.66],[-57.68,-63.56],[-57.48,-63.56],[-57.44,-63.44],[-57.12,-63.5],[-57.1,-63.66],[-56.78,-63.56],[-57.1,-63.24],[-57.28,-63.22],[-57.88,-63.32],[-58.14,-63.44],[-58.9,-63.54],[-58.92,-63.66],[-59.34,-63.8],[-59.48,-63.88],[-59.92,-63.84],[-59.96,-63.94],[-60.3,-63.92],[-60.52,-63.98],[-60.88,-64.04],[-60.96,-64.16],[-60.96,-64.3],[-61.12,-64.38],[-61.42,-64.4],[-61.58,-64.44],[-61.6,-64.56],[-61.92,-64.58],[-61.98,-64.7],[-62.14,-64.78],[-62.52,-64.74],[-62.68,-64.78],[-62.9,-64.94],[-63.06,-64.9],[-63.24,-64.96],[-63,-65.12],[-63.08,-65.16],[-63.82,-65.04],[-64.08,-65.2],[-64.1,-65.26],[-63.98,-65.36],[-63.68,-65.52],[-64.14,-65.62],[-64.34,-65.72],[-64.4,-65.8],[-64.7,-65.84],[-64.5,-65.94],[-64.68,-66.04],[-64.92,-65.92],[-65.26,-65.96],[-65.34,-66.02],[-65.18,-66.18],[-65.48,-66.12],[-65.64,-66.22],[-65.64,-66.38],[-65.8,-66.72],[-66.06,-66.62],[-66.3,-66.58],[-66.52,-66.64],[-66.56,-66.82],[-66.44,-66.84],[-66.62,-67.04],[-66.46,-67.2],[-66.7,-67.2],[-66.82,-67.32],[-66.98,-67.28],[-66.88,-67.16],[-66.92,-66.96],[-67.24,-67.04],[-67.44,-67.04],[-67.54,-67.14],[-67.54,-67.36],[-67.66,-67.48],[-67.48,-67.54],[-67,-67.46],[-66.64,-67.54],[-66.82,-67.6],[-67.02,-67.74],[-66.8,-67.8],[-66.88,-67.92],[-67.26,-67.96],[-66.94,-68.22],[-66.62,-68.24],[-66.96,-68.36],[-67.02,-68.78],[-67.38,-68.8],[-67.46,-68.86],[-67.28,-68.94],[-66.88,-68.96],[-66.76,-69.08],[-67,-69.26],[-67.26,-69.28],[-67.52,-69.44],[-67.96,-69.38],[-68.66,-69.38],[-68.82,-69.44],[-68.36,-69.68],[-68.38,-69.88],[-68.48,-70.06],[-68.2,-70.24],[-67.94,-70.32],[-67.84,-70.52],[-67.68,-70.62],[-67.64,-70.86],[-67.42,-71],[-67.46,-71.18],[-67.62,-71.44],[-67.42,-71.62],[-66.8,-71.96],[-66.74,-72.1],[-66.98,-72.34],[-67.16,-72.42],[-67.22,-72.6],[-67.54,-72.76],[-67.52,-72.84],[-68.46,-73.02],[-68.66,-73.08],[-69.34,-73.18],[-69.92,-73.22],[-70.3,-73.3],[-70.88,-73.26],[-71.42,-73.36],[-72.24,-73.38],[-72.52,-73.46],[-73.08,-73.44],[-73.2,-73.54],[-73.46,-73.56],[-74.1,-73.72],[-74.42,-73.68],[-74.66,-73.74],[-74.9,-73.64],[-75.26,-73.62],[-75.54,-73.7],[-75.9,-73.72],[-76.28,-73.82],[-76.78,-73.8],[-77.02,-73.88],[-77.24,-73.82],[-76.7,-73.54],[-76.88,-73.46],[-77.22,-73.5],[-77.54,-73.46],[-78.2,-73.56],[-78.88,-73.58],[-78.74,-73.36],[-79.64,-73.04],[-80.38,-72.94],[-80.6,-72.98],[-80.66,-73.08],[-80.44,-73.18],[-80.36,-73.34],[-80.82,-73.26],[-81.32,-73.28],[-81.32,-73.48],[-81.12,-73.56],[-81.24,-73.74],[-82.06,-73.88],[-82.94,-73.72],[-83.88,-73.66],[-83.76,-73.56],[-84.46,-73.56],[-85.1,-73.48],[-85.54,-73.38],[-85.68,-73.18],[-86.36,-73.26],[-86.46,-73.34],[-86.94,-73.38],[-87.5,-73.2],[-87.92,-73.26],[-88.16,-73.2],[-88.44,-73.26],[-88.72,-73.12],[-88.46,-73.04],[-88.4,-72.92],[-88.1,-72.84],[-88.22,-72.72],[-89.34,-72.64],[-89.12,-72.76],[-89.08,-72.96],[-89.28,-73.1],[-90.2,-73.14],[-90.54,-73.28],[-91.12,-73.3],[-91.66,-73.24],[-91.96,-73.18],[-92.8,-73.14],[-93.02,-73.2],[-93.58,-73.18],[-93.94,-73.28],[-94.34,-73.32],[-94.58,-73.24],[-95.2,-73.2],[-95.68,-73.24],[-95.84,-73.34],[-96.48,-73.3],[-97.42,-73.12],[-97.76,-73.2],[-97.98,-73.16],[-97.72,-73.02],[-99.68,-73.02],[-99.86,-73],[-100.38,-73.06],[-100.76,-72.98],[-101.32,-73],[-101.96,-73.06],[-102.18,-72.9],[-102.1,-72.78],[-102.32,-72.74],[-103.04,-72.7],[-103.3,-72.76],[-103.42,-72.84],[-103.26,-73],[-103.28,-73.16],[-102.88,-73.3],[-102.6,-73.34],[-101.86,-73.3],[-101.7,-73.34],[-101.12,-73.32],[-99.76,-73.36],[-99.48,-73.54],[-98.9,-73.58],[-99.86,-73.74],[-100.46,-73.72],[-100.64,-73.78],[-101.16,-73.78],[-101.38,-73.66],[-102.88,-73.58],[-102.98,-73.68],[-102.78,-73.74],[-102.92,-73.86],[-102.74,-73.94],[-102.4,-73.94],[-101.9,-74],[-101.58,-74],[-101.3,-74.3],[-101.4,-74.5],[-100.92,-74.56],[-100.6,-74.48],[-100.14,-74.48],[-99.82,-74.54],[-100.06,-74.6],[-100.08,-74.84],[-99.88,-74.92],[-99.32,-74.96],[-99.38,-75.12],[-98.9,-75.18],[-98.64,-75.3],[-99.02,-75.34],[-99.44,-75.3],[-100.14,-75.38],[-100.44,-75.36],[-101.12,-75.44],[-101.14,-75.38],[-101.66,-75.3],[-101.56,-75.14],[-101.76,-75.08],[-102.08,-75.12],[-102.6,-75.12],[-103.3,-75.08],[-103.82,-75.16],[-104.1,-75.12],[-104.56,-75.16],[-104.84,-75.1],[-105.14,-75.18],[-106.44,-75.32],[-107.86,-75.32],[-108.1,-75.26],[-109.7,-75.14],[-110.18,-75.24],[-110.44,-75.2],[-111.48,-75.2],[-111.52,-75.1],[-111.02,-74.98],[-110.68,-74.82],[-110.3,-74.78],[-110.32,-74.66],[-110.1,-74.54],[-110.24,-74.38],[-110.44,-74.28],[-110.74,-74.32],[-111.24,-74.2],[-111.64,-74.18],[-111.88,-74.22],[-111.7,-74.42],[-111.92,-74.62],[-111.54,-74.8],[-112.08,-74.8],[-112.24,-74.86],[-112.92,-74.88],[-113.78,-74.98],[-113.96,-74.88],[-113.82,-74.72],[-114.32,-74.68],[-113.64,-74.58],[-113.32,-74.48],[-113.8,-74.46],[-113.88,-74.24],[-113.42,-74.18],[-113.62,-74.02],[-113.9,-74.02],[-113.96,-73.92],[-114.22,-73.86],[-114.74,-73.92],[-115.12,-74.1],[-115.06,-74.26],[-114.84,-74.48],[-115.64,-74.54],[-116.06,-74.5],[-116.7,-74.56],[-117.34,-74.54],[-117.66,-74.5],[-118.12,-74.32],[-118.98,-74.4],[-119.14,-74.5],[-118.64,-74.5],[-118.86,-74.6],[-119.14,-74.6],[-119.9,-74.68],[-120.16,-74.66],[-120.82,-74.74],[-122,-74.78],[-122.2,-74.76],[-123.46,-74.78],[-124.06,-74.82],[-124.36,-74.7],[-125.74,-74.7],[-126.12,-74.76],[-126.6,-74.74],[-126.94,-74.68],[-128.48,-74.76],[-128.72,-74.82],[-129.18,-74.82],[-129.98,-74.92],[-131.02,-74.82],[-131.56,-74.84],[-132.1,-74.76],[-132.58,-74.82],[-132.8,-74.76],[-133.86,-74.92],[-134.58,-74.74],[-134.52,-74.64],[-135.34,-74.56],[-135.7,-74.68],[-136.22,-74.7],[-136.88,-74.82],[-136.88,-75.04],[-136.38,-75.1],[-136.34,-75.18],[-137.1,-75.18],[-137.48,-75.08],[-139.56,-75.14],[-140.16,-75.34],[-140.28,-75.44],[-140.82,-75.54],[-141.24,-75.5],[-141.24,-75.6],[-140.84,-75.68],[-140.92,-75.76],[-141.52,-75.76],[-141.86,-75.52],[-142.46,-75.44],[-142.68,-75.56],[-143.4,-75.54],[-144.3,-75.64],[-144.16,-75.8],[-144.9,-75.84],[-145.18,-75.9],[-145.96,-75.88],[-146.2,-75.92],[-146.5,-76.08],[-145.9,-76.26],[-145.54,-76.32],[-145.36,-76.44],[-145.72,-76.46],[-146.26,-76.42],[-147.16,-76.24],[-148.2,-76.08],[-148.6,-76.12],[-148.54,-76.22],[-149.04,-76.3],[-149.48,-76.3],[-149.64,-76.42],[-148.46,-76.5],[-148.04,-76.44],[-147.08,-76.44],[-146.62,-76.54],[-146.1,-76.7],[-145.54,-76.74],[-145.94,-76.84],[-145.6,-76.92],[-145.54,-77.06],[-145.94,-77.06],[-145.28,-77.22],[-145.96,-77.26],[-145.4,-77.48],[-146.02,-77.52],[-146.4,-77.5],[-146.88,-77.26],[-147.7,-77.4],[-147.84,-77.26],[-148.52,-77.1],[-148.86,-77.14],[-149.02,-77.34],[-147.76,-77.46],[-148.8,-77.58],[-148.68,-77.68],[-149.24,-77.76],[-149.98,-77.82],[-151,-77.56],[-151.42,-77.5],[-151.52,-77.42],[-152.48,-77.32],[-152.58,-77.5],[-153.24,-77.44],[-153.54,-77.26],[-154.1,-77.22],[-154.9,-77.1],[-155.48,-77.16],[-155.86,-77.06],[-156.32,-77.06],[-156.82,-77.2],[-156.46,-77.26],[-157.08,-77.36],[-157.92,-77.06],[-158.32,-77.14],[-158.32,-77.3],[-158.14,-77.42],[-158.64,-77.86],[-158.34,-77.98],[-157.36,-78.2],[-157.2,-78.26],[-156.34,-78.2],[-155.26,-78.2],[-154.78,-78.24],[-154.4,-78.14],[-154.14,-78.24],[-154.3,-78.38],[-154.74,-78.46],[-156.06,-78.5],[-156.5,-78.6],[-156.52,-78.66],[-155.06,-79],[-154.96,-79.04],[-153.08,-79.14],[-152.24,-79.12],[-151.98,-79.18],[-152.42,-79.26],[-152,-79.34],[-150.44,-79.56],[-149.1,-79.64],[-149,-79.68],[-147.94,-79.78],[-148.04,-79.9],[-148.52,-79.88],[-148.46,-80.02],[-148.84,-80.14],[-150.36,-80.08],[-150.14,-80.18],[-150.6,-80.26],[-149.96,-80.4],[-150.42,-80.42],[-150.24,-80.52],[-149.66,-80.52],[-149.02,-80.6],[-149.46,-80.72],[-148.4,-80.74],[-147.62,-80.84],[-147.62,-80.92],[-150.56,-81],[-152.52,-81.04],[-156.46,-81.14],[-157.06,-81.26],[-157.06,-81.36],[-155,-81.48],[-154.42,-81.56],[-153.8,-81.7],[-153.82,-81.8],[-154.36,-81.82],[-154.8,-81.96],[-154.12,-82.08],[-154.22,-82.12],[-152.9,-82.38],[-152.54,-82.54],[-155.06,-82.8],[-155.6,-83.04],[-158.5,-83.12],[-158.46,-83.16],[-156.92,-83.24],[-157.56,-83.4],[-159,-83.46],[-159.48,-83.54],[-160.08,-83.48],[-162.16,-83.52],[-162.86,-83.32],[-164.16,-83.4],[-164.98,-83.34],[-165.08,-83.2],[-167.34,-83.2],[-168.08,-83.26],[-169.74,-83.24],[-170.72,-83.2],[-170.96,-83.06],[-171.4,-82.96],[-172.52,-82.86],[-174.02,-82.92],[-169.44,-83.4],[-168.58,-83.54],[-168.64,-83.6],[-168.06,-83.76],[-167.26,-83.82],[-166.06,-83.82],[-165.42,-83.76],[-164,-83.94],[-163.7,-84.04],[-165,-84.06],[-165.16,-84.14],[-164.2,-84.22],[-164.16,-84.3],[-165.4,-84.36],[-164.1,-84.48],[-163.86,-84.54],[-158.24,-84.76],[-155.64,-84.82],[-155.78,-84.9],[-157.58,-84.88],[-156.94,-85],[-155.5,-85.12],[-156,-85.22],[-158.16,-85.16],[-158.36,-85.1],[-162.84,-84.88],[-166.92,-84.82],[-168.02,-84.78],[-168.26,-84.64],[-172.22,-84.52],[-175.18,-84.42],[-176,-84.48],[-177.1,-84.38],[-177.7,-84.42],[-178.3,-84.3],[-179.96,-84.36],[-180,-84.36],[-180,-84.52],[-180,-85.02],[-180,-85.52],[-180,-86.02],[-180,-86.5],[-180,-87],[-180,-87.5],[-180,-88],[-180,-88.5],[-180,-89],[-180,-89.5],[-180,-90],[-179.5,-90],[-179,-90],[-178.5,-90],[-178,-90],[-177.5,-90],[-177,-90],[-176.5,-90],[-176,-90],[-175.5,-90],[-175,-90],[-174.5,-90],[-174,-90],[-173.5,-90],[-173,-90],[-172.52,-90],[-172.02,-90],[-171.52,-90],[-171.02,-90],[-170.52,-90],[-170.02,-90],[-169.52,-90],[-169.02,-90],[-168.52,-90],[-168.02,-90],[-167.52,-90],[-167.02,-90],[-166.52,-90],[-166.02,-90],[-165.52,-90],[-165.02,-90],[-164.52,-90],[-164.02,-90],[-163.52,-90],[-163.02,-90],[-162.52,-90],[-162.02,-90],[-161.52,-90],[-161.02,-90],[-160.52,-90],[-160.02,-90],[-159.52,-90],[-159.02,-90],[-158.52,-90],[-158.04,-90],[-157.54,-90],[-157.04,-90],[-156.54,-90],[-156.04,-90],[-155.54,-90],[-155.04,-90],[-154.54,-90],[-154.04,-90],[-153.54,-90],[-153.04,-90],[-152.54,-90],[-152.04,-90],[-151.54,-90],[-151.04,-90],[-150.54,-90],[-150.04,-90],[-149.54,-90],[-149.04,-90],[-148.54,-90],[-148.04,-90],[-147.54,-90],[-147.04,-90],[-146.54,-90],[-146.04,-90],[-145.54,-90],[-145.04,-90],[-144.54,-90],[-144.04,-90],[-143.56,-90],[-143.06,-90],[-142.56,-90],[-142.06,-90],[-141.56,-90],[-141.06,-90],[-140.56,-90],[-140.06,-90],[-139.56,-90],[-139.06,-90],[-138.56,-90],[-138.06,-90],[-137.56,-90],[-137.06,-90],[-136.56,-90],[-136.06,-90],[-135.56,-90],[-135.06,-90],[-134.56,-90],[-134.06,-90],[-133.56,-90],[-133.06,-90],[-132.56,-90],[-132.06,-90],[-131.56,-90],[-131.06,-90],[-130.56,-90],[-130.06,-90],[-129.58,-90],[-129.08,-90],[-128.58,-90],[-128.08,-90],[-127.58,-90],[-127.08,-90],[-126.58,-90],[-126.08,-90],[-125.58,-90],[-125.08,-90],[-124.58,-90],[-124.08,-90],[-123.58,-90],[-123.08,-90],[-122.58,-90],[-122.08,-90],[-121.58,-90],[-121.08,-90],[-120.58,-90],[-120.08,-90],[-119.58,-90],[-119.08,-90],[-118.58,-90],[-118.08,-90],[-117.58,-90],[-117.08,-90],[-116.58,-90],[-116.08,-90],[-115.58,-90],[-115.1,-90],[-114.6,-90],[-114.1,-90],[-113.6,-90],[-113.1,-90],[-112.6,-90],[-112.1,-90],[-111.6,-90],[-111.1,-90],[-110.6,-90],[-110.1,-90],[-109.6,-90],[-109.1,-90],[-108.6,-90],[-108.1,-90],[-107.6,-90],[-107.1,-90],[-106.6,-90],[-106.1,-90],[-105.6,-90],[-105.1,-90],[-104.6,-90],[-104.1,-90],[-103.6,-90],[-103.1,-90],[-102.6,-90],[-102.1,-90],[-101.6,-90],[-101.1,-90],[-100.62,-90],[-100.12,-90],[-99.62,-90],[-99.12,-90],[-98.62,-90],[-98.12,-90],[-97.62,-90],[-97.12,-90],[-96.62,-90],[-96.12,-90],[-95.62,-90],[-95.12,-90],[-94.62,-90],[-94.12,-90],[-93.62,-90],[-93.12,-90],[-92.62,-90],[-92.12,-90],[-91.62,-90],[-91.12,-90],[-90.62,-90],[-90.12,-90],[-89.62,-90],[-89.12,-90],[-88.62,-90],[-88.12,-90],[-87.62,-90],[-87.12,-90],[-86.62,-90],[-86.14,-90],[-85.64,-90],[-85.14,-90],[-84.64,-90],[-84.14,-90],[-83.64,-90],[-83.14,-90],[-82.64,-90],[-82.14,-90],[-81.64,-90],[-81.14,-90],[-80.64,-90],[-80.14,-90],[-79.64,-90],[-79.14,-90],[-78.64,-90],[-78.14,-90],[-77.64,-90],[-77.14,-90],[-76.64,-90],[-76.14,-90],[-75.64,-90],[-75.14,-90],[-74.64,-90],[-74.14,-90],[-73.64,-90],[-73.14,-90],[-72.64,-90],[-72.14,-90],[-71.66,-90],[-71.16,-90],[-70.66,-90],[-70.16,-90],[-69.66,-90],[-69.16,-90],[-68.66,-90],[-68.16,-90],[-67.66,-90],[-67.16,-90],[-66.66,-90],[-66.16,-90],[-65.66,-90],[-65.16,-90],[-64.66,-90],[-64.16,-90],[-63.66,-90],[-63.16,-90],[-62.66,-90],[-62.16,-90],[-61.66,-90],[-61.16,-90],[-60.66,-90],[-60.16,-90],[-59.66,-90],[-59.16,-90],[-58.66,-90],[-58.16,-90],[-57.66,-90],[-57.18,-90],[-56.68,-90],[-56.18,-90],[-55.68,-90],[-55.18,-90],[-54.68,-90],[-54.18,-90],[-53.68,-90],[-53.18,-90],[-52.68,-90],[-52.18,-90],[-52.12,-90],[-51.68,-90],[-51.18,-90],[-50.68,-90],[-50.18,-90],[-49.68,-90],[-49.18,-90],[-48.68,-90],[-48.18,-90],[-47.68,-90],[-47.18,-90],[-46.68,-90],[-46.18,-90],[-45.68,-90],[-45.18,-90],[-44.68,-90],[-44.18,-90],[-43.68,-90],[-43.2,-90],[-42.7,-90],[-42.2,-90],[-41.7,-90],[-41.2,-90],[-40.7,-90],[-40.2,-90],[-39.7,-90],[-39.2,-90],[-38.7,-90],[-38.2,-90],[-37.7,-90],[-37.2,-90],[-36.7,-90],[-36.2,-90],[-35.7,-90],[-35.2,-90],[-34.7,-90],[-34.2,-90],[-33.7,-90],[-33.2,-90],[-32.7,-90],[-32.2,-90],[-31.7,-90],[-31.2,-90],[-30.7,-90],[-30.2,-90],[-29.7,-90],[-29.2,-90],[-28.72,-90],[-28.22,-90],[-27.72,-90],[-27.22,-90],[-26.72,-90],[-26.22,-90],[-25.72,-90],[-25.22,-90],[-24.72,-90],[-24.22,-90],[-23.72,-90],[-23.22,-90],[-22.72,-90],[-22.22,-90],[-21.72,-90],[-21.22,-90],[-20.72,-90],[-20.22,-90],[-19.72,-90],[-19.22,-90],[-18.72,-90],[-18.22,-90],[-17.72,-90],[-17.22,-90],[-16.72,-90],[-16.22,-90],[-15.72,-90],[-15.22,-90],[-14.72,-90],[-14.24,-90],[-13.74,-90],[-13.24,-90],[-12.74,-90],[-12.24,-90],[-11.74,-90],[-11.24,-90],[-10.74,-90],[-10.24,-90],[-9.74,-90],[-9.24,-90],[-8.74,-90],[-8.24,-90],[-7.74,-90],[-7.24,-90],[-6.74,-90],[-6.24,-90],[-5.74,-90],[-5.24,-90],[-4.74,-90],[-4.24,-90],[-3.74,-90],[-3.24,-90],[-2.74,-90],[-2.24,-90],[-1.74,-90],[-1.24,-90],[-0.74,-90],[-0.24,-90],[0.24,-90],[0.74,-90],[1.24,-90],[1.74,-90],[2.24,-90],[2.74,-90],[3.24,-90],[3.74,-90],[4.24,-90],[4.74,-90],[5.24,-90],[5.74,-90],[6.24,-90],[6.74,-90],[7.24,-90],[7.74,-90],[8.24,-90],[8.74,-90],[9.24,-90],[9.74,-90],[10.24,-90],[10.74,-90],[11.24,-90],[11.74,-90],[12.24,-90],[12.74,-90],[13.24,-90],[13.74,-90],[14.24,-90],[14.72,-90],[15.22,-90],[15.72,-90],[16.22,-90],[16.72,-90],[17.22,-90],[17.72,-90],[18.22,-90],[18.72,-90],[19.22,-90],[19.72,-90],[20.22,-90],[20.72,-90],[21.22,-90],[21.72,-90],[22.22,-90],[22.72,-90],[23.22,-90],[23.72,-90],[24.22,-90],[24.72,-90],[25.22,-90],[25.72,-90],[26.22,-90],[26.72,-90],[27.22,-90],[27.72,-90],[28.22,-90],[28.72,-90],[29.2,-90],[29.7,-90],[30.2,-90],[30.7,-90],[31.2,-90],[31.7,-90],[32.2,-90],[32.7,-90],[33.2,-90],[33.7,-90],[34.2,-90],[34.7,-90],[35.2,-90],[35.7,-90],[36.2,-90],[36.7,-90],[37.2,-90],[37.7,-90],[38.2,-90],[38.7,-90],[39.2,-90],[39.7,-90],[40.2,-90],[40.7,-90],[41.2,-90],[41.7,-90],[42.2,-90],[42.7,-90],[43.2,-90],[43.68,-90],[44.18,-90],[44.68,-90],[45.18,-90],[45.68,-90],[46.18,-90],[46.68,-90],[47.18,-90],[47.68,-90],[48.18,-90],[48.68,-90],[49.18,-90],[49.68,-90],[50.18,-90],[50.68,-90],[51.18,-90],[51.68,-90],[52.18,-90],[52.68,-90],[53.18,-90],[53.68,-90],[54.18,-90],[54.68,-90],[55.18,-90],[55.68,-90],[56.18,-90],[56.68,-90],[57.18,-90],[57.66,-90],[58.16,-90],[58.66,-90],[59.16,-90],[59.66,-90],[60.16,-90],[60.66,-90],[61.16,-90],[61.66,-90],[62.16,-90],[62.66,-90],[63.16,-90],[63.66,-90],[64.16,-90],[64.66,-90],[65.16,-90],[65.66,-90],[66.16,-90],[66.66,-90],[67.16,-90],[67.66,-90],[68.16,-90],[68.66,-90],[69.16,-90],[69.66,-90],[70.16,-90],[70.66,-90],[71.16,-90],[71.66,-90],[72.14,-90],[72.64,-90],[73.14,-90],[73.64,-90],[74.14,-90],[74.64,-90],[75.14,-90],[75.64,-90],[76.14,-90],[76.64,-90],[77.14,-90],[77.64,-90],[78.14,-90],[78.64,-90],[79.14,-90],[79.64,-90],[80.14,-90],[80.64,-90],[81.14,-90],[81.64,-90],[82.14,-90],[82.64,-90],[83.14,-90],[83.64,-90],[84.14,-90],[84.64,-90],[85.14,-90],[85.64,-90],[86.14,-90],[86.62,-90],[87.12,-90],[87.62,-90],[88.12,-90],[88.62,-90],[89.12,-90],[89.62,-90],[90.12,-90],[90.62,-90],[91.12,-90],[91.62,-90],[92.12,-90],[92.62,-90],[93.12,-90],[93.62,-90],[94.12,-90],[94.62,-90],[95.12,-90],[95.62,-90],[96.12,-90],[96.62,-90],[97.12,-90],[97.62,-90],[98.12,-90],[98.62,-90],[99.12,-90],[99.62,-90],[100.12,-90],[100.62,-90],[101.1,-90],[101.6,-90],[102.1,-90],[102.6,-90],[103.1,-90],[103.6,-90],[104.1,-90],[104.6,-90],[105.1,-90],[105.6,-90],[106.1,-90],[106.6,-90],[107.1,-90],[107.6,-90],[108.1,-90],[108.6,-90],[109.1,-90],[109.6,-90],[110.1,-90],[110.6,-90],[111.1,-90],[111.6,-90],[112.1,-90],[112.6,-90],[113.1,-90],[113.6,-90],[114.1,-90],[114.6,-90],[115.1,-90],[115.58,-90],[116.08,-90],[116.58,-90],[117.08,-90],[117.58,-90],[118.08,-90],[118.58,-90],[119.08,-90],[119.58,-90],[120.08,-90],[120.58,-90],[121.08,-90],[121.58,-90],[122.08,-90],[122.58,-90],[123.08,-90],[123.58,-90],[124.08,-90],[124.58,-90],[125.08,-90],[125.58,-90],[126.08,-90],[126.58,-90],[127.08,-90],[127.58,-90],[128.08,-90],[128.58,-90],[129.08,-90],[129.58,-90],[130.06,-90],[130.56,-90],[131.06,-90],[131.56,-90],[132.06,-90],[132.56,-90],[133.06,-90],[133.56,-90],[134.06,-90],[134.56,-90],[135.06,-90],[135.56,-90],[136.06,-90],[136.56,-90],[137.06,-90],[137.56,-90],[138.06,-90],[138.56,-90],[139.06,-90],[139.56,-90],[140.06,-90],[140.56,-90],[141.06,-90],[141.56,-90],[142.06,-90],[142.56,-90],[143.06,-90],[143.56,-90],[144.04,-90],[144.54,-90],[145.04,-90],[145.54,-90],[146.04,-90],[146.54,-90],[147.04,-90],[147.54,-90],[148.04,-90],[148.54,-90],[149.04,-90],[149.54,-90],[150.04,-90],[150.54,-90],[151.04,-90],[151.54,-90],[152.04,-90],[152.54,-90],[153.04,-90],[153.54,-90],[154.04,-90],[154.54,-90],[155.04,-90],[155.54,-90],[156.04,-90],[156.54,-90],[157.04,-90],[157.54,-90],[158.04,-90],[158.52,-90],[159.02,-90],[159.52,-90],[160.02,-90],[160.52,-90],[161.02,-90],[161.52,-90],[162.02,-90],[162.52,-90],[163.02,-90],[163.52,-90],[164.02,-90],[164.52,-90],[165.02,-90],[165.52,-90],[166.02,-90],[166.52,-90],[167.02,-90],[167.52,-90],[168.02,-90],[168.52,-90],[169.02,-90],[169.52,-90],[170.02,-90],[170.52,-90],[171.02,-90],[171.52,-90],[172.02,-90],[172.52,-90],[173,-90],[173.5,-90],[174,-90],[174.5,-90],[175,-90],[175.5,-90],[176,-90],[176.5,-90],[177,-90],[177.5,-90],[178,-90],[178.5,-90],[179,-90],[179.5,-90],[180,-90],[180,-89.5],[180,-89],[180,-88.5],[180,-88],[180,-87.5],[180,-87],[180,-86.5],[180,-86.02],[180,-85.52],[180,-85.02],[180,-84.52],[180,-84.36],[179.36,-84.2],[178.56,-84.18],[177.54,-84.06],[175.68,-83.96],[174.98,-83.84],[173.96,-83.88],[173.68,-83.8],[172.82,-83.66],[171.34,-83.56],[171.2,-83.44],[170.22,-83.48],[170.1,-83.4],[169.38,-83.34],[168.66,-83.4],[167.74,-83.26],[168.76,-83.2],[168.6,-83],[168.12,-82.96],[167.42,-83.02],[167.3,-82.82],[166.1,-82.66],[165.38,-82.6],[165.56,-82.5],[165.24,-82.4],[164.68,-82.34],[163.28,-82.42],[163.32,-82.48],[160.86,-82.5],[160.64,-82.42],[163.84,-82.24],[163.6,-82.1],[163.2,-82.04],[162.4,-81.8],[162.48,-81.68],[161.02,-81.54],[161.46,-81.42],[160.4,-81.32],[160.92,-81.28],[160.9,-81],[160.16,-80.78],[161,-80.76],[161.2,-80.64],[160.86,-80.62],[160.26,-80.68],[160.1,-80.6],[160.62,-80.54],[160.76,-80.38],[158.58,-80.48],[158.2,-80.4],[158.78,-80.26],[161.38,-79.94],[160.86,-79.96],[160.32,-79.86],[159.98,-79.92],[159.52,-79.88],[160.76,-79.66],[159.88,-79.66],[160.72,-79.42],[160.38,-79.16],[161.14,-79.04],[162.06,-79.06],[161.76,-78.84],[161.52,-78.8],[161.36,-78.58],[161.5,-78.52],[162.12,-78.76],[162.92,-78.88],[163.04,-78.74],[163.86,-78.74],[164.4,-78.6],[165.3,-78.6],[166.08,-78.56],[166.54,-78.72],[167.06,-78.7],[167.22,-78.6],[167,-78.5],[166.56,-78.5],[165.78,-78.42],[165.68,-78.26],[165.1,-78.26],[164.54,-78.32],[164.2,-78.22],[164.54,-77.98],[164.5,-77.86],[163.9,-77.7],[163.56,-77.72],[163.8,-77.52],[163.72,-77.4],[163.06,-77.02],[162.46,-77.02],[162.62,-76.82],[162.94,-76.7],[162.42,-76.64],[162.88,-76.44],[162.78,-76.24],[162.12,-76.18],[162.74,-76.08],[162.7,-75.98],[162.9,-75.82],[162.2,-75.64],[162.3,-75.52],[162.2,-75.38],[161.08,-75.38],[160.98,-75.28],[161.48,-75.28],[161.78,-75.18],[162.02,-75.26],[162.54,-75.24],[162.78,-75],[162.54,-74.96],[162.6,-74.76],[163.02,-74.7],[163.28,-74.54],[163.18,-74.44],[163.46,-74.34],[163.78,-74.62],[164.32,-74.5],[164.58,-74.58],[165.24,-74.54],[165.28,-74.46],[164.9,-74.12],[164.6,-73.92],[164.96,-73.9],[164.72,-73.78],[164.9,-73.66],[164.9,-73.48],[164.54,-73.42],[164.56,-73.32],[165.04,-73.42],[165.24,-73.6],[165.26,-73.9],[165.66,-73.92],[165.68,-73.8],[166.14,-73.82],[166.3,-73.72],[165.88,-73.56],[167.04,-73.56],[167.36,-73.4],[167.92,-73.36],[166.88,-73.22],[166.7,-73.12],[166.94,-73.02],[167.18,-73.16],[167.78,-73.16],[168.04,-73.12],[168.34,-73.16],[168.4,-72.98],[168.76,-73.08],[168.98,-73.26],[169.26,-73.24],[169.22,-73.14],[169.56,-73.1],[169.58,-72.96],[169.94,-72.74],[169.4,-72.66],[169.3,-72.58],[168.86,-72.58],[168.32,-72.38],[168.7,-72.36],[169.12,-72.48],[169.4,-72.46],[169.72,-72.56],[170.26,-72.6],[170.34,-72.44],[170.28,-72.32],[169.78,-72.24],[170.02,-72.18],[170.26,-71.96],[170.78,-71.96],[170.94,-71.86],[170.82,-71.7],[170.36,-71.54],[170.08,-71.66],[169.8,-71.52],[169.46,-71.5],[169.26,-71.38],[168.76,-71.28],[168.5,-71.16],[167.76,-71.22],[168.1,-71.1],[167.88,-71.02],[167.84,-70.86],[167.7,-70.8],[167.42,-70.76],[166.48,-70.76],[166.46,-70.7],[166.72,-70.62],[166.36,-70.58],[165.92,-70.68],[165.32,-70.56],[164.88,-70.58],[164.24,-70.5],[164.04,-70.56],[164.2,-70.64],[163.42,-70.66],[162.92,-70.5],[162.7,-70.3],[162.6,-70.26],[162.1,-70.32],[162,-70.46],[162.08,-70.68],[162.04,-70.82],[162.22,-70.86],[162.42,-71.04],[162.1,-71.04],[162,-70.92],[161.66,-70.88],[161.42,-70.9],[161.18,-70.42],[160.98,-70.24],[160.64,-70.04],[160.12,-69.96],[159.88,-70],[159.76,-69.88],[160.3,-69.86],[160.34,-69.8],[159.76,-69.5],[159.52,-69.5],[159.28,-69.44],[159.04,-69.5],[158.8,-69.32],[158.44,-69.32],[158.26,-69.22],[158,-69.18],[157.62,-69.2],[157.38,-69.36],[157.14,-69.16],[156.36,-69.2],[155.88,-68.98],[155.3,-68.9],[155.02,-68.9],[154.84,-68.72],[154.58,-68.72],[154.46,-68.62],[154.76,-68.62],[154.72,-68.52],[153.84,-68.28],[153.7,-68.3],[153.7,-68.54],[153.84,-68.76],[153.4,-68.76],[153.26,-68.88],[153.04,-68.88],[152.86,-68.78],[152.4,-68.7],[152.16,-68.74],[151.92,-68.66],[151.62,-68.7],[151.56,-68.92],[151.24,-68.84],[150.98,-68.72],[151.08,-68.58],[151.1,-68.4],[150.86,-68.36],[150.38,-68.44],[149.92,-68.42],[149.78,-68.48],[149.4,-68.38],[148.84,-68.46],[148.7,-68.4],[148.44,-68.48],[147.62,-68.36],[147.26,-68.4],[147.04,-68.4],[146.96,-68.32],[146.72,-68.3],[147.08,-68.12],[146.56,-68.14],[146.8,-68],[146.38,-67.92],[146.1,-67.74],[146.22,-67.68],[146.04,-67.58],[145.74,-67.6],[145.58,-67.72],[145.44,-67.52],[145.24,-67.52],[144.94,-67.72],[144.46,-67.8],[143.88,-67.94],[143.9,-67.76],[144.2,-67.58],[144.1,-67.46],[144.32,-67.4],[144.66,-67.12],[144.52,-67.02],[144.32,-67],[144.16,-67.08],[143.86,-67.1],[143.88,-66.94],[143.48,-66.84],[142.82,-67.02],[142.48,-67.02],[141.98,-66.8],[141.58,-66.78],[141.26,-66.86],[141,-66.76],[140.52,-66.72],[140.08,-66.74],[139.68,-66.64],[139.26,-66.56],[138.74,-66.56],[138.02,-66.48],[137.74,-66.38],[136.94,-66.32],[136.74,-66.34],[136.64,-66.46],[136.36,-66.36],[136.16,-66.24],[135.64,-66.28],[135.48,-66.12],[135.34,-66.1],[135.18,-66.34],[134.74,-66.36],[134.42,-66.5],[134.1,-66.5],[134.34,-66.36],[134.26,-66.28],[133.92,-66.18],[133.8,-66.1],[133.5,-66.08],[133.12,-66.1],[132.82,-66.2],[132.48,-66.16],[131.76,-66.24],[130.88,-66.18],[130.72,-66.14],[130.34,-66.3],[130.1,-66.28],[129.72,-66.44],[129.72,-66.52],[129.54,-66.62],[129.58,-66.76],[129.38,-66.88],[129.44,-66.96],[129.2,-67.1],[129.02,-67.12],[128.76,-67.02],[128.52,-67.14],[127.84,-67.02],[127.44,-67.08],[127.34,-66.98],[127,-66.94],[126.96,-66.8],[126.7,-66.84],[126.68,-66.76],[126.82,-66.7],[126.72,-66.6],[126.86,-66.44],[126.12,-66.44],[126.1,-66.36],[125.9,-66.3],[125.7,-66.4],[125.42,-66.42],[125.14,-66.66],[124.62,-66.76],[124.42,-66.72],[124.26,-66.6],[124.02,-66.58],[123.74,-66.66],[123.52,-66.76],[123.14,-66.74],[122.24,-66.84],[121.94,-66.92],[121.86,-67.02],[121.52,-67.1],[120.92,-67.14],[120.5,-67.24],[119.94,-67.3],[119.02,-67.42],[118.74,-67.28],[120.34,-67.02],[120.36,-66.94],[119.68,-67.04],[119.32,-67.12],[119.14,-67.12],[118.66,-67.18],[118.26,-67.14],[118.36,-67.04],[117.92,-67.08],[117.74,-67.16],[117.58,-67.12],[116.86,-67.12],[116.8,-66.98],[116.5,-67.12],[115.96,-67.2],[115.8,-67.18],[115.34,-67.22],[115.22,-67.32],[114.82,-67.36],[114.68,-67.34],[114.04,-67.48],[113.64,-67.46],[113.86,-67.36],[114.04,-67.2],[114.76,-67.08],[115.16,-67.06],[115.6,-66.92],[115.78,-66.78],[115.6,-66.6],[115.18,-66.52],[115.12,-66.48],[114.68,-66.48],[114.32,-66.34],[114.4,-66.24],[113.78,-65.94],[113.3,-65.84],[113.2,-65.76],[111.84,-65.94],[111.62,-65.94],[110.92,-66.06],[110.48,-66.3],[110.72,-66.4],[110.66,-66.54],[110.66,-66.72],[110.44,-66.66],[109.84,-66.86],[109.38,-66.94],[109.14,-66.88],[108.84,-66.96],[108.58,-66.8],[108.3,-66.76],[108.14,-66.62],[107.88,-66.72],[107.78,-66.56],[107.44,-66.52],[107.12,-66.46],[106.76,-66.46],[105.5,-66.26],[104.86,-66.14],[104.58,-66.14],[104.42,-66.06],[103.9,-65.98],[103.56,-66],[103.3,-65.92],[102.72,-65.86],[102.34,-65.96],[101.68,-65.96],[101.34,-65.94],[101.16,-66.02],[101.34,-66.08],[101.08,-66.26],[100.82,-66.38],[100.48,-66.4],[100.1,-66.5],[99.92,-66.5],[99.68,-66.6],[98.9,-66.78],[98.72,-66.64],[99,-66.56],[98.92,-66.5],[98.62,-66.6],[98.5,-66.6],[98.52,-66.44],[98.24,-66.44],[97.84,-66.56],[97.74,-66.66],[97.48,-66.64],[97.24,-66.5],[96.98,-66.5],[96.62,-66.62],[96.4,-66.58],[95.96,-66.66],[95.64,-66.68],[95.36,-66.64],[95.32,-66.56],[94.92,-66.48],[94.54,-66.54],[94.42,-66.62],[94,-66.74],[93.76,-66.74],[93.62,-66.58],[92.98,-66.58],[92.76,-66.64],[92.36,-66.6],[92.22,-66.52],[91.96,-66.5],[91.38,-66.6],[91.14,-66.58],[90.54,-66.74],[90.38,-66.82],[90.08,-66.78],[89.66,-66.84],[89.3,-66.8],[88.74,-66.78],[88.24,-66.86],[87.96,-66.78],[87.1,-66.94],[86.7,-67.06],[86.56,-67.02],[86.06,-67.04],[85.88,-67.14],[85.62,-67.18],[85.16,-67.16],[84.96,-67.08],[84.42,-67.12],[84.24,-67.22],[83.72,-67.32],[83.42,-67.42],[83.48,-67.66],[83.22,-67.58],[82.88,-67.64],[82.58,-67.6],[82.36,-67.7],[82.06,-67.68],[80.88,-67.9],[80.74,-67.88],[79.14,-68.14],[78.74,-68.26],[78.56,-68.36],[78.46,-68.5],[78.66,-68.7],[78.14,-68.76],[77.98,-68.82],[77.94,-69],[77.84,-69.14],[77.54,-69.18],[77,-69.22],[76.82,-69.36],[76.22,-69.42],[75.82,-69.52],[75.76,-69.62],[75.88,-69.78],[75.44,-69.94],[75.22,-69.86],[74.46,-69.92],[74.28,-69.9],[74.22,-69.74],[73.88,-69.74],[73.7,-69.86],[73.48,-69.78],[73.24,-69.86],[73.24,-69.98],[72.76,-70.06],[72.62,-70.2],[72.86,-70.44],[72.2,-70.66],[71.8,-70.72],[71.84,-70.84],[71.54,-70.96],[71.34,-71.18],[71.56,-71.22],[71.2,-71.34],[71.18,-71.5],[71.54,-71.62],[71.08,-71.62],[71.12,-71.74],[70.68,-71.84],[70.72,-71.94],[70.54,-72.04],[69.94,-72.08],[69.52,-72.44],[69.04,-72.42],[68.76,-72.5],[68.5,-72.48],[68.04,-72.62],[67.92,-72.72],[68.12,-72.96],[67.96,-73.14],[67.34,-73.3],[66.38,-73.2],[66.34,-73.12],[67,-72.9],[67.22,-72.44],[67.32,-72.34],[67.34,-72.12],[67.5,-72],[67.44,-71.9],[67.88,-71.66],[67.84,-71.54],[68.08,-71.36],[68.34,-71.26],[68.66,-71.2],[69,-70.94],[69.22,-70.68],[69.24,-70.4],[69.14,-70.3],[68.74,-70.34],[68.58,-70.46],[68.38,-70.4],[68.08,-70.46],[67.66,-70.32],[67.22,-70.3],[67.46,-70.2],[67.6,-70.02],[67.86,-70],[67.92,-69.92],[68.28,-69.84],[68.6,-70.02],[68.9,-70],[69.16,-69.88],[69.36,-69.62],[69.04,-69.56],[68.74,-69.38],[68.98,-69.3],[69.7,-69.32],[69.72,-69.16],[69.3,-69.04],[69.66,-68.98],[69.86,-68.88],[69.38,-68.88],[69.28,-68.84],[69.62,-68.74],[69.66,-68.58],[69.9,-68.58],[70.12,-68.5],[69.64,-68.12],[69.6,-68.02],[69.68,-67.86],[69.56,-67.74],[69.22,-67.76],[69.1,-67.84],[68.78,-67.88],[68.38,-67.9],[68.08,-67.84],[67.34,-67.82],[67.12,-67.76],[66.72,-67.8],[64.72,-67.66],[64.42,-67.6],[63.66,-67.5],[63.12,-67.54],[62.62,-67.66],[62.12,-67.56],[61.6,-67.54],[61.28,-67.6],[61.16,-67.5],[60.86,-67.46],[60.62,-67.4],[60.24,-67.38],[59.68,-67.4],[59.66,-67.52],[59.26,-67.48],[58.8,-67.34],[59.04,-67.24],[58.88,-67.16],[58.14,-67.16],[57.82,-67.04],[57.56,-67],[57.28,-67.08],[56.96,-67.04],[56.56,-67.1],[56.2,-67.34],[56.16,-67.2],[56.2,-67.08],[56.6,-66.94],[56.62,-66.84],[56.4,-66.84],[56.36,-66.72],[56.02,-66.66],[56.2,-66.58],[56.5,-66.68],[57.02,-66.72],[57.24,-66.72],[57.2,-66.54],[56.8,-66.4],[56.52,-66.38],[56.38,-66.46],[55.62,-66.02],[55.18,-65.94],[54.24,-65.88],[54.02,-65.88],[53.74,-65.84],[52.84,-65.96],[52.22,-65.98],[51.78,-66.04],[51.48,-66.12],[51.36,-66.22],[50.54,-66.3],[50.32,-66.4],[50.2,-66.58],[50.28,-66.76],[50.62,-66.76],[50.42,-66.96],[50.48,-67.04],[50.92,-67.12],[50.58,-67.22],[50.2,-67.12],[49.9,-67.1],[49.8,-67.02],[49.32,-67.04],[49.32,-66.88],[49.06,-66.88],[48.58,-66.94],[48.36,-67.02],[48.44,-67.18],[48.74,-67.22],[49.04,-67.16],[49.34,-67.18],[49.32,-67.28],[49.18,-67.38],[48.62,-67.46],[48.6,-67.6],[48.72,-67.68],[48.62,-67.88],[48.38,-68.02],[48.24,-68],[48.18,-67.88],[48.4,-67.76],[48.16,-67.66],[47.26,-67.66],[47.32,-67.56],[46.92,-67.5],[47.44,-67.4],[47.02,-67.36],[46.9,-67.26],[46.48,-67.28],[46.28,-67.34],[46.24,-67.44],[46.3,-67.56],[46.22,-67.66],[45.84,-67.66],[45.58,-67.74],[45.4,-67.7],[44.98,-67.74],[44.72,-67.78],[44.62,-67.86],[44.82,-67.96],[44,-67.96],[43.78,-68.04],[43.4,-68.04],[42.86,-68.1],[42.54,-68.24],[42.54,-68.38],[41.98,-68.4],[41.54,-68.48],[41.02,-68.6],[40.88,-68.7],[40.48,-68.72],[40.26,-68.8],[39.86,-68.82],[39.7,-69.06],[39.82,-69.18],[39.84,-69.4],[39.72,-69.58],[39.5,-69.68],[39.2,-69.7],[39.2,-69.9],[38.8,-69.98],[38.82,-70.06],[39.08,-70.18],[38.72,-70.18],[38.14,-69.88],[38.24,-69.8],[38.04,-69.72],[37.54,-69.68],[37.28,-69.72],[37.24,-69.84],[36.98,-69.8],[36.76,-69.64],[35.7,-69.66],[35.24,-69.74],[35.08,-69.68],[35.2,-69.58],[35.1,-69.46],[35.2,-69.3],[34.58,-69.06],[34.36,-69.14],[33.92,-69.12],[33.78,-69.06],[34.1,-68.86],[34.38,-68.8],[34.22,-68.68],[33.22,-68.66],[32.84,-68.76],[32.56,-68.86],[32.5,-68.94],[32.54,-69.12],[32.92,-69.34],[33,-69.52],[32.98,-69.68],[32.84,-69.78],[32.86,-69.94],[32.56,-70.06],[31.28,-70.24],[30.94,-70.22],[30.74,-70.28],[30.44,-70.26],[29.84,-70.32],[29.44,-70.4],[29.02,-70.58],[28.78,-70.6],[28.46,-70.7],[27.62,-70.74],[27.2,-70.9],[26.92,-70.92],[26.44,-71.04],[26.1,-71.04],[25.72,-71],[24.96,-70.94],[24.56,-70.84],[24.32,-70.74],[24.46,-70.62],[24.4,-70.54],[24.1,-70.4],[23.76,-70.4],[23.64,-70.56],[23.32,-70.8],[22.94,-70.82],[22.72,-70.76],[22.32,-70.76],[22.58,-70.54],[21.8,-70.24],[21.62,-70.28],[21.2,-70.58],[21.2,-70.82],[20.4,-70.92],[19.74,-70.9],[19.56,-70.94],[19.28,-70.92],[18.94,-70.74],[19.02,-70.6],[19.3,-70.36],[19.16,-70.2],[18.78,-70.24],[18.32,-70.32],[18.5,-70.5],[18.1,-70.54],[17.76,-70.5],[16.88,-70.44],[16.6,-70.38],[16.66,-70.18],[16.52,-70.12],[15.96,-70.18],[15.82,-70.38],[15.54,-70.34],[14.52,-70.28],[13.84,-70.34],[13.3,-70.24],[12.96,-70.04],[12.44,-70.08],[12.48,-70.12],[12.94,-70.16],[13.02,-70.24],[12.74,-70.32],[12.32,-70.38],[12.08,-70.54],[12.08,-70.68],[11.86,-70.78],[11.36,-70.74],[10.72,-70.64],[9.98,-70.46],[9.4,-70.1],[9.08,-70.08],[8.88,-70.22],[9.16,-70.3],[8.84,-70.36],[8.78,-70.42],[8.44,-70.48],[7.94,-70.48],[7.84,-70.34],[7.84,-70.16],[7.42,-70.2],[7.44,-70.34],[7.66,-70.48],[7.56,-70.52],[7.1,-70.54],[6.78,-70.6],[6.56,-70.58],[5.58,-70.64],[5,-70.64],[4.22,-70.78],[3.8,-70.8],[3.58,-70.86],[3.08,-70.9],[2.52,-70.9],[1.94,-71],[1.46,-71.12],[0.94,-71.18],[0.24,-71.34],[-0.46,-71.76],[-0.96,-71.62],[-0.82,-71.38],[-1.14,-71.26],[-1.3,-71.4],[-1.48,-71.46],[-1.74,-71.42],[-2.14,-71.48],[-2.24,-71.38],[-2.48,-71.36],[-2.88,-71.26],[-3,-71.36],[-3.34,-71.32],[-3.34,-71.42],[-3.7,-71.38],[-4.6,-71.34],[-5.2,-71.34],[-6.14,-71.36],[-6.28,-71.32],[-6.08,-71.24],[-6.02,-71.1],[-5.74,-71.04],[-5.56,-70.84],[-5.68,-70.74],[-6.02,-70.68],[-6.32,-70.7],[-6.56,-70.82],[-6.62,-70.92],[-7.28,-70.8],[-7.86,-70.82],[-7.9,-70.98],[-7.56,-71.16],[-7.56,-71.34],[-7.76,-71.42],[-7.78,-71.52],[-7.6,-71.6],[-7.82,-71.68],[-8.3,-71.62],[-8.62,-71.7],[-8.86,-71.42],[-9.12,-71.42],[-8.98,-71.28],[-9.1,-71.18],[-9.46,-71.1],[-9.94,-71.06],[-10.06,-70.92],[-10.4,-70.96],[-10.1,-71.06],[-10.1,-71.18],[-10.6,-71.3],[-10.72,-71.38],[-10.6,-71.52],[-10.84,-71.58],[-11.08,-71.54],[-11.38,-71.42],[-11.6,-71.42],[-11.88,-71.26],[-12.2,-71.3],[-12.38,-71.4],[-12.18,-71.62],[-11.52,-71.76],[-10.94,-71.74],[-11.04,-72.04],[-11.26,-72.1],[-11.36,-72.4],[-11.56,-72.44],[-12.46,-72.56],[-12.86,-72.66],[-13.18,-72.8],[-13.52,-72.84],[-13.66,-72.8],[-14.22,-72.72],[-14.22,-72.82],[-13.9,-72.98],[-14.1,-73.14],[-14.5,-73.12],[-14.88,-73.04],[-15.54,-73.08],[-15.98,-73.2],[-15.98,-73.3],[-16.44,-73.42],[-16.6,-73.64],[-16.5,-73.72],[-15.92,-73.76],[-16.2,-73.84],[-16.18,-73.94],[-15.68,-73.94],[-14.7,-73.78],[-14.36,-73.86],[-14.82,-74.08],[-15.3,-74.22],[-15.2,-74.36],[-15.76,-74.44],[-15.92,-74.38],[-16.6,-74.3],[-17.46,-74.34],[-17.62,-74.4],[-17.62,-74.58],[-17.96,-74.64],[-17.8,-74.78],[-18.14,-74.94],[-18.54,-75.06],[-18.54,-75.14],[-18.88,-75.24],[-18.5,-75.42],[-18.66,-75.48],[-19.24,-75.54],[-19.76,-75.54],[-20.4,-75.48],[-21.18,-75.7],[-21.68,-75.68],[-22.08,-75.7],[-22.3,-75.64],[-23.26,-75.74],[-24.32,-75.78],[-25.94,-75.94],[-26.98,-76.16],[-27.34,-76.18],[-28.86,-76.36],[-29.54,-76.5],[-29.66,-76.58],[-30.16,-76.64],[-30.7,-76.84],[-31.7,-76.98],[-31.92,-77.16],[-32.5,-77.12],[-33.12,-77.26],[-33.72,-77.32],[-33.98,-77.42],[-34.32,-77.46],[-34.72,-77.62],[-34.66,-77.86],[-35.32,-77.84],[-35.58,-78.16],[-36.02,-78.22],[-36.44,-78.62],[-36.26,-78.86],[-34.26,-79.08],[-34.22,-79.14],[-32.82,-79.24],[-30.62,-79.08],[-29.94,-79.12],[-30.44,-79.22],[-29.54,-79.28],[-30.68,-79.58],[-28.7,-79.66],[-24.72,-79.78],[-23.74,-79.84],[-22.76,-79.92],[-22.9,-79.98],[-24.06,-80],[-24.26,-80.08],[-26.2,-80.1],[-26.34,-80.12],[-29.76,-80.18],[-29.92,-80.28],[-31.28,-80.3],[-30.5,-80.48],[-32.04,-80.44],[-33.48,-80.62],[-35.36,-80.62],[-35.22,-80.7],[-35.72,-80.78],[-36.04,-80.92],[-37.62,-81],[-38.76,-80.88],[-39.84,-81.04],[-40.4,-81.16],[-41.12,-81.22],[-41.76,-81.42],[-41.98,-81.62],[-43.2,-81.9],[-43.14,-82.12],[-44.02,-82.4],[-44.54,-82.38],[-45.52,-82.52],[-46.52,-82.5],[-46.68,-82.4],[-46.08,-82.22],[-46.06,-82.08],[-46.28,-81.9],[-47.06,-82],[-47.44,-81.92],[-48.38,-81.9],[-50.56,-82],[-51.74,-82.06]]],[[[167.66,-78.12],[167.34,-78.06],[166.8,-78.22],[166.32,-78.12],[165.98,-78.1],[166.1,-78.26],[166.32,-78.32],[166.94,-78.22],[167.5,-78.22],[167.66,-78.12]]],[[[164.84,-67.34],[164.64,-67.48],[164.88,-67.52],[164.84,-67.34]]],[[[-59.28,-80.2],[-59.78,-80.04],[-59.82,-79.76],[-60.4,-79.76],[-61.46,-79.88],[-61.24,-79.98],[-61.8,-80.06],[-61.52,-80.24],[-61.76,-80.36],[-65.92,-80.4],[-66.58,-80.22],[-66.8,-80.32],[-66.7,-80.42],[-64.28,-80.76],[-63.8,-80.6],[-63.14,-80.6],[-62.96,-80.78],[-62.52,-80.86],[-60.66,-80.96],[-59.82,-80.74],[-59.76,-80.34],[-59.28,-80.2]]],[[[-66.14,-79.62],[-66.92,-79.56],[-67.84,-79.58],[-66.94,-79.8],[-66.98,-79.92],[-66.42,-79.96],[-66.22,-80.08],[-65.52,-79.96],[-65.56,-79.82],[-66.28,-79.72],[-66.14,-79.62]]],[[[-68.24,-79.28],[-67.52,-79.32],[-68.5,-79.4],[-68.4,-79.48],[-67.46,-79.5],[-67.52,-79.4],[-67.06,-79.26],[-67.62,-79.22],[-68.24,-79.28]]],[[[-33.92,-79.32],[-34.02,-79.26],[-35.5,-79.1],[-35.84,-79.16],[-36.66,-79.22],[-36.72,-79.3],[-34.08,-79.36],[-33.92,-79.32]]],[[[-66.74,-78.44],[-66.6,-78.36],[-67,-78.3],[-69.44,-78.68],[-69.84,-78.8],[-70.6,-78.88],[-71.4,-79.1],[-71.76,-79.32],[-71.82,-79.48],[-71.44,-79.66],[-70.34,-79.7],[-69.64,-79.6],[-69.8,-79.46],[-69.3,-79.22],[-68.94,-79.1],[-67.4,-78.66],[-67.06,-78.5],[-66.74,-78.44]]],[[[-52.52,-80.2],[-53.46,-80.16],[-54.16,-80.54],[-54.38,-80.58],[-54.4,-80.74],[-54.16,-80.88],[-52.22,-80.84],[-49.8,-80.8],[-49.72,-80.68],[-47.82,-80.54],[-45.92,-80.38],[-43.54,-80.2],[-43.48,-80.1],[-43.02,-79.84],[-42.98,-79.42],[-43.34,-79.24],[-43.14,-79.18],[-43.44,-79.08],[-43.46,-78.96],[-43.74,-78.8],[-45.22,-78.82],[-45.16,-78.66],[-43.96,-78.6],[-43.72,-78.36],[-43.82,-78.24],[-44.52,-78.04],[-45.94,-77.82],[-47.22,-77.78],[-49.08,-78.04],[-49.28,-78.2],[-50.2,-78.6],[-50.22,-78.84],[-50.72,-79.28],[-50.46,-79.32],[-50.26,-79.54],[-52.4,-80.18],[-52.52,-80.2]]],[[[-20.36,-74.42],[-20.42,-74.3],[-20.7,-74.1],[-20.5,-73.8],[-20.56,-73.62],[-20.92,-73.7],[-21,-73.88],[-21.34,-74],[-21.3,-74.1],[-20.96,-74.24],[-20.8,-74.48],[-20.36,-74.42]]],[[[-73.88,-73.12],[-74.14,-73.32],[-73.9,-73.36],[-73.52,-73.14],[-73.88,-73.12]]],[[[-104.68,-73.1],[-104.94,-72.96],[-105.16,-73],[-105.04,-73.14],[-104.68,-73.1]]],[[[-89.9,-72.88],[-90,-72.98],[-90.34,-72.98],[-90.14,-73.1],[-89.58,-73.08],[-89.34,-72.92],[-89.58,-72.86],[-89.9,-72.88]]],[[[-74.84,-72.86],[-75.3,-72.82],[-75.76,-72.9],[-75.5,-72.98],[-75.52,-73.12],[-75.86,-73.04],[-76.12,-73.16],[-75.88,-73.34],[-74.6,-73.62],[-74.36,-73.46],[-74.56,-73.38],[-74.38,-73.1],[-74.22,-73],[-74.5,-72.88],[-74.84,-72.86]]],[[[-90.9,-72.82],[-90.76,-72.7],[-90.82,-72.6],[-91.04,-72.54],[-91.4,-72.56],[-91.68,-72.6],[-91.34,-72.9],[-91.44,-72.96],[-91.52,-73.2],[-91.2,-73.2],[-90.92,-73.1],[-90.74,-72.86],[-90.9,-72.82]]],[[[-94.5,-72.52],[-95.2,-72.58],[-95.2,-72.68],[-94.5,-72.64],[-94.5,-72.52]]],[[[-95.5,-72.32],[-95.76,-72.34],[-96.04,-72.26],[-95.64,-72.2],[-95.72,-72.1],[-96.44,-72.2],[-96.72,-72.26],[-97,-72.22],[-96.2,-72.02],[-96.06,-71.92],[-96.36,-71.84],[-97.04,-71.88],[-97.3,-72.18],[-97.6,-72.08],[-97.4,-71.98],[-97.82,-71.94],[-97.86,-72.12],[-98.22,-72.04],[-97.98,-71.86],[-98.54,-71.76],[-98.82,-71.76],[-99.1,-71.92],[-98.78,-72],[-99,-72.08],[-99.4,-71.94],[-99.6,-71.94],[-99.74,-72.04],[-100.02,-71.98],[-99.94,-71.9],[-100.24,-71.82],[-100.44,-71.88],[-102.08,-71.98],[-102.28,-72.02],[-102.3,-72.12],[-101.96,-72.2],[-101.6,-72.18],[-100.2,-72.28],[-99.76,-72.38],[-99.18,-72.38],[-99.4,-72.5],[-98.54,-72.46],[-98.58,-72.58],[-97.6,-72.56],[-97.26,-72.5],[-96.94,-72.58],[-96.6,-72.56],[-96.06,-72.58],[-96.02,-72.44],[-95.52,-72.4],[-95.5,-72.32]]],[[[-60.54,-71.06],[-60.58,-70.92],[-60.92,-70.94],[-60.88,-71.02],[-60.54,-71.06]]],[[[-74.92,-71.02],[-74.4,-70.98],[-73.62,-70.78],[-73.54,-70.72],[-73.88,-70.58],[-74.24,-70.6],[-74.82,-70.6],[-75.2,-70.78],[-76.1,-70.84],[-76.54,-70.96],[-76.34,-71.12],[-76.14,-71.14],[-74.92,-71.02]]],[[[-60.44,-70.6],[-60.56,-70.5],[-60.96,-70.54],[-60.86,-70.7],[-60.54,-70.68],[-60.44,-70.6]]],[[[-3.44,-70.54],[-2.82,-70.52],[-2.68,-70.48],[-2.7,-70.34],[-2.84,-70.28],[-3.26,-70.34],[-3.5,-70.48],[-3.44,-70.54]]],[[[-71.72,-70.42],[-71.4,-70.38],[-71.32,-70.3],[-71.82,-70.3],[-71.72,-70.42]]],[[[-75.48,-70.14],[-74.88,-70.18],[-74.64,-70.12],[-74.64,-70],[-74.4,-69.94],[-74.96,-69.72],[-75.78,-69.92],[-75.84,-70.02],[-75.7,-70.12],[-75.48,-70.14]]],[[[-72.84,-69.58],[-72.78,-69.64],[-72.2,-69.74],[-72.14,-69.62],[-72.4,-69.46],[-72.84,-69.42],[-72.98,-69.52],[-72.84,-69.58]]],[[[-61.76,-69.46],[-61.86,-69.36],[-62.2,-69.18],[-62.58,-69.18],[-62.46,-69.32],[-62.2,-69.5],[-62.12,-69.68],[-61.96,-69.7],[-61.92,-69.54],[-61.76,-69.46]]],[[[-71.46,-72.62],[-70.52,-72.66],[-69.22,-72.54],[-69.14,-72.38],[-68.66,-72.22],[-68.42,-72.22],[-68.34,-72.06],[-68.48,-71.9],[-68.24,-71.88],[-68.16,-71.6],[-68.28,-71.44],[-68.24,-71.16],[-68.3,-70.86],[-68.46,-70.62],[-68.72,-70.36],[-69.02,-70.16],[-69.28,-69.92],[-69.32,-69.62],[-69.48,-69.56],[-69.7,-69.32],[-70.08,-69.3],[-70.1,-68.9],[-70.4,-68.78],[-70.88,-68.82],[-71.02,-68.86],[-71.4,-68.86],[-72.02,-68.96],[-72.16,-69.06],[-72.14,-69.24],[-71.62,-69.46],[-71.74,-69.64],[-71.92,-69.7],[-71.84,-69.84],[-71.92,-69.96],[-71.7,-70.08],[-71.32,-70.18],[-70.94,-70.22],[-70.78,-70.12],[-70.48,-70.16],[-70.24,-70.14],[-70.12,-70.32],[-71,-70.46],[-71.26,-70.68],[-71.16,-70.76],[-70.7,-70.84],[-70.4,-70.82],[-69.96,-70.88],[-69.8,-71.04],[-70.02,-71.14],[-70.2,-70.98],[-70.42,-70.94],[-70.72,-71],[-71.02,-70.96],[-71.3,-71.02],[-71.7,-71.16],[-72.4,-71.06],[-72.78,-71.06],[-73.12,-71.14],[-72.9,-71.24],[-72.32,-71.28],[-72.76,-71.4],[-73.4,-71.32],[-73.66,-71.36],[-73.34,-71.54],[-73.46,-71.6],[-74.12,-71.38],[-74.42,-71.42],[-74.4,-71.66],[-74.88,-71.52],[-75.12,-71.54],[-75.4,-71.68],[-75.18,-71.76],[-75.4,-71.8],[-75.36,-71.92],[-74.82,-72.06],[-74.4,-72.04],[-74.22,-72.14],[-74,-72.18],[-73.5,-72.02],[-73.88,-71.86],[-73.5,-71.84],[-73.04,-71.92],[-72.72,-71.86],[-72.68,-71.76],[-72.34,-71.62],[-71.84,-71.8],[-70.72,-71.9],[-70.76,-71.98],[-71.08,-72.04],[-72.02,-72.12],[-71.56,-72.28],[-71.04,-72.26],[-70.46,-72.14],[-70.18,-72.28],[-70.7,-72.4],[-71.88,-72.34],[-72.68,-72.28],[-73.1,-72.38],[-73.1,-72.48],[-72.8,-72.6],[-72.48,-72.6],[-72.4,-72.68],[-71.46,-72.62]]],[[[-67.28,-67.74],[-67.18,-67.6],[-67.5,-67.58],[-67.76,-67.66],[-67.64,-67.78],[-67.28,-67.74]]],[[[-67.38,-66.9],[-67.24,-66.84],[-67.4,-66.74],[-67.56,-66.86],[-67.38,-66.9]]],[[[-69.1,-67.62],[-68.88,-67.76],[-68.14,-67.58],[-67.96,-67.4],[-68.26,-67.36],[-67.68,-67.14],[-67.98,-67.06],[-68.02,-66.94],[-67.92,-66.82],[-67.64,-66.68],[-67.86,-66.62],[-68.38,-66.82],[-68.7,-67.1],[-68.84,-67.26],[-69.16,-67.48],[-69.1,-67.62]]],[[[-66.2,-65.82],[-66.06,-65.88],[-65.82,-65.84],[-65.86,-65.7],[-65.66,-65.66],[-65.64,-65.54],[-65.96,-65.56],[-66.04,-65.74],[-66.2,-65.82]]],[[[-57.32,-64.44],[-57.46,-64.52],[-57.22,-64.56],[-56.96,-64.46],[-56.94,-64.32],[-57.32,-64.44]]],[[[-62.9,-64.52],[-63.34,-64.44],[-63.32,-64.26],[-63.58,-64.26],[-63.72,-64.44],[-63.9,-64.54],[-64.2,-64.6],[-64.02,-64.78],[-63.66,-64.82],[-63.46,-64.72],[-63.34,-64.76],[-63.16,-64.64],[-62.86,-64.58],[-62.9,-64.52]]],[[[-62.66,-64.5],[-62.38,-64.46],[-62.06,-64.22],[-62.48,-64.02],[-62.62,-64.14],[-62.46,-64.24],[-62.66,-64.4],[-62.66,-64.5]]],[[[-57.52,-64.34],[-57.16,-64.08],[-57.52,-64.02],[-57.82,-64.08],[-57.88,-63.98],[-57.76,-63.9],[-57.8,-63.82],[-58.26,-63.9],[-58.46,-64.08],[-58.36,-64.14],[-58.14,-64.1],[-58.28,-64.3],[-58.2,-64.38],[-57.8,-64.38],[-57.52,-64.34]]],[[[-60.88,-63.86],[-60.74,-63.9],[-60.6,-63.7],[-60.72,-63.68],[-60.88,-63.86]]],[[[-55.72,-63.48],[-55.8,-63.4],[-56.2,-63.44],[-56.24,-63.48],[-55.96,-63.58],[-55.72,-63.48]]],[[[-61.96,-63.32],[-62.04,-63.26],[-62.26,-63.28],[-62.28,-63.36],[-61.96,-63.32]]],[[[-55.16,-63.2],[-55.54,-63.18],[-55.58,-63.12],[-55.98,-63.14],[-56.36,-63.22],[-56.54,-63.34],[-56.46,-63.42],[-56.1,-63.38],[-55.9,-63.3],[-55.18,-63.36],[-55.06,-63.32],[-55.16,-63.2]]],[[[-56.54,-63.1],[-56.28,-63.18],[-56.06,-63.08],[-56.04,-63.02],[-56.46,-62.98],[-56.54,-63.1]]],[[[-61.16,-62.66],[-60.82,-62.68],[-60.38,-62.62],[-60.24,-62.76],[-59.98,-62.64],[-60.02,-62.52],[-60.12,-62.46],[-60.28,-62.54],[-60.5,-62.58],[-60.68,-62.54],[-61.16,-62.66]]],[[[-58.46,-62.16],[-58.24,-62.18],[-58.14,-62.06],[-57.98,-62.08],[-57.82,-62.02],[-58,-61.9],[-58.22,-61.96],[-58.42,-61.94],[-58.68,-62],[-58.94,-62.16],[-58.58,-62.24],[-58.46,-62.16]]],[[[-55.08,-61.1],[-55.38,-61.08],[-55.44,-61.12],[-55.28,-61.26],[-55.04,-61.16],[-55.08,-61.1]]],[[[-46,-60.62],[-45.78,-60.58],[-45.72,-60.64],[-45.32,-60.64],[-45.48,-60.54],[-45.86,-60.54],[-46,-60.62]]],[[[-162.34,-82.92],[-162.48,-82.88],[-163.74,-82.84],[-163.6,-83],[-163.26,-83.08],[-162.4,-83.14],[-161.58,-83.02],[-162.34,-82.92]]],[[[-160.58,-81.6],[-160.68,-81.46],[-162.98,-81.28],[-163.86,-81.32],[-163.72,-81.48],[-160.58,-81.6]]],[[[-29.62,-79.92],[-29.9,-79.82],[-30.66,-79.84],[-31.1,-79.82],[-31.6,-79.64],[-32.02,-79.64],[-32.08,-79.8],[-31.54,-79.9],[-29.98,-79.96],[-29.62,-79.92]]],[[[-159.84,-79.34],[-161.36,-79],[-161.38,-78.96],[-162.36,-78.76],[-163.24,-78.7],[-163.26,-78.76],[-164.14,-79],[-164.3,-79.24],[-163.94,-79.42],[-160.72,-79.86],[-159.06,-79.82],[-158.98,-79.72],[-159.34,-79.52],[-159.84,-79.34]]],[[[-150.48,-77.34],[-150.98,-77.22],[-151.5,-77.3],[-150.48,-77.34]]],[[[169.28,-77.46],[168.22,-77.38],[167.56,-77.42],[167.06,-77.32],[166.82,-77.16],[166.4,-77.26],[166.66,-77.36],[166.38,-77.5],[166.38,-77.62],[167.26,-77.72],[167.4,-77.64],[168.08,-77.64],[168.4,-77.7],[168.88,-77.64],[169.32,-77.54],[169.28,-77.46]]],[[[-148.54,-76.94],[-149.22,-76.9],[-149.24,-77],[-148.94,-77.02],[-148.54,-76.94]]],[[[-149.72,-77.12],[-149.44,-77.02],[-149.96,-76.88],[-150.78,-76.98],[-150.42,-77.08],[-149.72,-77.12]]],[[[-146.16,-76.94],[-146.24,-76.88],[-147.08,-76.82],[-146.96,-77],[-146.16,-76.94]]],[[[-148.52,-76.8],[-148.4,-76.74],[-149.3,-76.72],[-149.5,-76.76],[-148.92,-76.84],[-148.52,-76.8]]],[[[-150.24,-76.78],[-150.2,-76.68],[-150.82,-76.72],[-150.6,-76.8],[-150.24,-76.78]]],[[[-146.82,-76.6],[-147.24,-76.5],[-147.28,-76.66],[-146.82,-76.6]]],[[[-147.46,-76.1],[-147.08,-76.2],[-146.9,-76.1],[-147.46,-76.1]]],[[[-145.44,-75.58],[-145.96,-75.5],[-146.02,-75.62],[-145.38,-75.72],[-145.44,-75.58]]],[[[-130.92,-74.44],[-131.8,-74.32],[-132.18,-74.42],[-131.72,-74.54],[-131.2,-74.6],[-130.92,-74.44]]],[[[-127.12,-74.46],[-127.76,-74.34],[-128.18,-74.32],[-127.9,-74.56],[-127.56,-74.64],[-127.22,-74.58],[-127.12,-74.46]]],[[[-116.14,-73.9],[-116.4,-73.86],[-117.38,-74.08],[-117.2,-74.2],[-116.6,-74.14],[-116.5,-74.04],[-116.14,-73.9]]],[[[-119.82,-74.12],[-119.5,-74.1],[-119,-73.98],[-118.88,-73.88],[-118.98,-73.8],[-119.5,-73.78],[-119.82,-73.88],[-119.64,-74],[-119.82,-74.12]]],[[[-120.26,-73.92],[-120.64,-73.9],[-120.38,-73.8],[-120.68,-73.76],[-122.06,-73.72],[-122.28,-73.68],[-123.06,-73.68],[-123.28,-73.78],[-122.94,-73.88],[-122.34,-73.92],[-122.74,-74],[-123.02,-74.24],[-122.9,-74.34],[-122.24,-74.42],[-121.1,-74.34],[-121,-74.14],[-120.28,-74],[-120.26,-73.92]]],[[[169.96,-73.52],[169.68,-73.42],[169.46,-73.56],[169.84,-73.62],[169.96,-73.52]]],[[[-127.48,-73.54],[-127.16,-73.6],[-127.26,-73.72],[-127,-73.74],[-126.84,-73.64],[-126.54,-73.68],[-126.48,-73.84],[-125.82,-73.96],[-125.72,-74.04],[-125.1,-74.12],[-124.78,-74.22],[-124.24,-74.22],[-124,-74.26],[-123.78,-74.1],[-124.2,-73.94],[-124.12,-73.84],[-124.62,-73.74],[-124.94,-73.82],[-125.58,-73.82],[-125.74,-73.72],[-125.28,-73.7],[-125.6,-73.42],[-125.94,-73.38],[-126.1,-73.3],[-126.52,-73.26],[-127.3,-73.32],[-127.5,-73.44],[-127.48,-73.54]]],[[[68.78,-72.12],[68.44,-72.24],[68.74,-72.26],[68.78,-72.12]]],[[[-3.22,-71.06],[-3.42,-71.12],[-3.3,-71.2],[-2.98,-71.18],[-3.22,-71.06]]],[[[-2.72,-70.82],[-2.62,-70.7],[-3.18,-70.66],[-3.58,-70.7],[-3.18,-70.82],[-2.98,-70.94],[-2.66,-71],[-2.84,-71.06],[-2.56,-71.14],[-2.3,-71.02],[-2.08,-70.82],[-2.3,-70.8],[-2.72,-70.82]]],[[[-5.94,-70.42],[-6.42,-70.48],[-6.12,-70.62],[-5.88,-70.54],[-5.94,-70.42]]],[[[3.22,-70.4],[3.04,-70.38],[2.58,-70.52],[2.64,-70.6],[2.96,-70.62],[3.26,-70.48],[3.22,-70.4]]],[[[72.2,-70.6],[72.18,-70.54],[71.88,-70.42],[71.68,-70.52],[71.82,-70.62],[72.2,-70.6]]],[[[4.04,-70.3],[4.2,-70.46],[4.46,-70.5],[4.6,-70.42],[4.58,-70.28],[4.14,-70.26],[4.04,-70.3]]],[[[26.76,-70.22],[26.58,-70.08],[26.32,-70.06],[25.98,-70.2],[25.92,-70.28],[26.06,-70.4],[26.46,-70.46],[26.84,-70.42],[26.76,-70.22]]],[[[1.42,-70.04],[1.04,-70.04],[0.96,-70.2],[1.28,-70.28],[1.46,-70.16],[1.42,-70.04]]],[[[16.24,-69.7],[15.72,-69.76],[15.58,-69.94],[16.18,-70.08],[16.34,-69.82],[16.56,-69.72],[16.24,-69.7]]],[[[85.66,-66.74],[85.34,-66.72],[85.26,-66.76],[85.38,-66.88],[85.78,-66.96],[85.94,-66.88],[85.66,-66.74]]],[[[48.78,-66.72],[48.38,-66.7],[48.32,-66.8],[48.78,-66.72]]],[[[96.92,-66.06],[96.42,-66.06],[96.3,-66.18],[96.4,-66.22],[96.9,-66.22],[97.02,-66.1],[96.92,-66.06]]],[[[92.5,-65.7],[92.24,-65.76],[92.44,-65.82],[92.66,-65.78],[92.5,-65.7]]],[[[100.56,-65.4],[100.38,-65.48],[100.3,-65.66],[100.56,-65.7],[100.96,-65.68],[101.24,-65.58],[101.12,-65.42],[100.94,-65.38],[100.56,-65.4]]],[[[103.3,-65.4],[103.18,-65.22],[102.92,-65.14],[102.82,-65.26],[103.04,-65.28],[103.3,-65.4]]]]},"properties":{"ADMIN":"Antarctica","ADM0_A3":"ATA"}},
{"type":"Feature","geometry":{"type":"MultiPolygon","coordinates":[[[[131.54,-31.6],[131.78,-31.72],[132.08,-31.9],[132.24,-32.04],[132.48,-32.02],[132.58,-31.94],[132.8,-31.96],[132.94,-32.06],[133.06,-32.1],[133.14,-32.2],[133.42,-32.22],[133.56,-32.18],[133.58,-32.1],[133.82,-32.24],[133.94,-32.38],[133.86,-32.52],[134.14,-32.46],[134.28,-32.58],[134.28,-32.74],[134.08,-32.72],[134.28,-33.16],[134.44,-33.16],[134.66,-33.22],[134.82,-33.36],[134.86,-33.54],[134.84,-33.64],[135.18,-33.9],[135.26,-34],[135.28,-34.12],[135.34,-34.28],[135.42,-34.72],[135.6,-34.88],[135.74,-34.86],[136.02,-34.98],[135.86,-34.7],[135.94,-34.54],[136.12,-34.46],[136.12,-34.38],[136.24,-34.3],[136.36,-34.08],[136.58,-33.94],[136.6,-33.9],[136.8,-33.8],[136.96,-33.68],[137.02,-33.74],[137.22,-33.66],[137.38,-33.38],[137.46,-33.14],[137.9,-32.78],[137.96,-33],[138.04,-33.12],[137.86,-33.2],[137.82,-33.26],[137.94,-33.52],[137.94,-33.62],[137.78,-33.7],[137.6,-33.88],[137.56,-34.08],[137.46,-34.16],[137.5,-34.26],[137.46,-34.44],[137.52,-34.62],[137.44,-34.92],[137.04,-34.9],[136.94,-35.04],[136.96,-35.1],[136.84,-35.24],[136.96,-35.28],[137.04,-35.22],[137.16,-35.24],[137.24,-35.18],[137.4,-35.12],[137.56,-35.14],[137.68,-35.18],[137.74,-35.06],[137.92,-34.62],[137.94,-34.42],[138.04,-34.3],[138.02,-34.22],[138.08,-34.12],[138.22,-34.32],[138.26,-34.44],[138.44,-34.68],[138.54,-34.74],[138.48,-34.88],[138.5,-35.06],[138.42,-35.36],[138.28,-35.46],[138.12,-35.56],[138.18,-35.66],[138.54,-35.64],[138.74,-35.54],[138.88,-35.56],[138.96,-35.42],[139.1,-35.38],[139.22,-35.32],[139.38,-35.46],[139.22,-35.5],[139.36,-35.6],[139.34,-35.68],[139.24,-35.7],[139.24,-35.54],[139.14,-35.5],[139.04,-35.6],[139.48,-35.9],[139.46,-35.96],[139.56,-36.08],[139.86,-36.62],[139.86,-36.76],[139.78,-36.9],[139.68,-36.96],[139.78,-37.12],[139.74,-37.18],[139.98,-37.48],[140.12,-37.52],[140.14,-37.6],[140.24,-37.66],[140.36,-37.88],[140.6,-38.04],[140.72,-38.08],[140.96,-38.06],[141.14,-38.12],[141.38,-38.3],[141.44,-38.38],[141.6,-38.4],[141.68,-38.28],[141.94,-38.28],[142.22,-38.4],[142.4,-38.36],[142.66,-38.48],[142.82,-38.58],[143.06,-38.64],[143.24,-38.76],[143.34,-38.76],[143.54,-38.86],[143.7,-38.72],[143.84,-38.7],[144.06,-38.48],[144.24,-38.4],[144.4,-38.3],[144.66,-38.28],[144.72,-38.16],[144.52,-38.08],[144.8,-37.94],[144.98,-37.9],[145.12,-38.06],[145.12,-38.16],[144.98,-38.34],[144.8,-38.38],[144.88,-38.48],[145.02,-38.5],[145.3,-38.24],[145.48,-38.24],[145.56,-38.38],[145.44,-38.44],[145.44,-38.56],[145.58,-38.66],[145.8,-38.66],[145.92,-38.9],[146.1,-38.82],[146.18,-38.86],[146.26,-39],[146.44,-39.08],[146.46,-38.94],[146.4,-38.86],[146.28,-38.9],[146.26,-38.7],[146.42,-38.74],[146.88,-38.64],[147.4,-38.22],[147.58,-38.08],[147.92,-37.92],[148.3,-37.82],[148.72,-37.82],[148.94,-37.78],[149.3,-37.8],[149.48,-37.78],[149.66,-37.7],[149.78,-37.56],[149.98,-37.5],[149.96,-37.28],[150.02,-37.22],[149.9,-36.92],[149.94,-36.84],[150.06,-36.56],[150.08,-36.38],[150.14,-36.32],[150.12,-36.16],[150.16,-35.96],[150.24,-35.84],[150.22,-35.76],[150.3,-35.7],[150.4,-35.54],[150.56,-35.22],[150.7,-35.2],[150.7,-35.02],[150.78,-34.98],[150.76,-34.86],[150.84,-34.78],[150.92,-34.48],[150.92,-34.34],[151.02,-34.2],[151.16,-34.12],[151.3,-33.9],[151.34,-33.54],[151.42,-33.52],[151.5,-33.36],[151.62,-33.2],[151.68,-33.06],[151.84,-32.86],[151.94,-32.82],[152.18,-32.76],[152.24,-32.6],[152.52,-32.42],[152.52,-32.16],[152.6,-31.94],[152.7,-31.88],[152.84,-31.56],[152.94,-31.48],[152.98,-31.32],[152.98,-31.16],[153.06,-31.08],[153.08,-30.92],[153,-30.84],[152.98,-30.74],[153.06,-30.48],[153.2,-30.12],[153.2,-30.04],[153.26,-29.94],[153.32,-29.7],[153.36,-29.4],[153.34,-29.32],[153.46,-29.04],[153.6,-28.86],[153.64,-28.66],[153.58,-28.58],[153.56,-28.46],[153.6,-28.26],[153.44,-28.08],[153.44,-27.82],[153.32,-27.66],[153.3,-27.58],[153.2,-27.46],[153.12,-27.24],[153.04,-27.18],[153.2,-27.04],[153.16,-26.92],[153.16,-26.68],[153.12,-26.64],[153.12,-26.46],[153.08,-26.28],[153.14,-26.06],[153.12,-25.94],[152.9,-25.68],[152.94,-25.48],[152.92,-25.28],[152.68,-25.24],[152.5,-25],[152.5,-24.84],[152.4,-24.74],[152.3,-24.72],[152.16,-24.62],[152.06,-24.52],[151.94,-24.22],[151.82,-24.14],[151.78,-24.02],[151.58,-24.06],[151.4,-23.94],[151.28,-23.82],[151.18,-23.8],[151.12,-23.68],[151.02,-23.58],[150.86,-23.52],[150.78,-23.3],[150.76,-23.16],[150.78,-22.96],[150.82,-22.7],[150.76,-22.62],[150.76,-22.48],[150.64,-22.34],[150.56,-22.32],[150.52,-22.54],[150.22,-22.4],[150.16,-22.26],[150.06,-22.14],[150,-22.16],[149.92,-22.3],[150.02,-22.56],[149.88,-22.46],[149.84,-22.38],[149.7,-22.38],[149.6,-22.24],[149.48,-21.96],[149.44,-21.78],[149.48,-21.72],[149.42,-21.58],[149.36,-21.5],[149.3,-21.32],[149.2,-21.18],[149.24,-21.08],[149.16,-21],[149.04,-20.98],[148.98,-20.88],[148.92,-20.88],[148.82,-20.76],[148.74,-20.72],[148.66,-20.56],[148.86,-20.42],[148.8,-20.28],[148.62,-20.22],[148.56,-20.06],[148.44,-20.1],[148.46,-20.2],[148.26,-20.08],[148.26,-19.96],[148.14,-19.94],[148.08,-19.88],[147.94,-19.9],[147.86,-19.82],[147.68,-19.82],[147.6,-19.72],[147.56,-19.52],[147.42,-19.42],[147.16,-19.4],[146.98,-19.28],[146.9,-19.3],[146.74,-19.18],[146.66,-19.18],[146.44,-19.06],[146.28,-18.88],[146.3,-18.72],[146.34,-18.52],[146.22,-18.5],[146.18,-18.38],[146.02,-18.26],[146,-18.16],[146.1,-17.94],[146.1,-17.7],[146.14,-17.64],[146.06,-17.52],[146.08,-17.4],[145.96,-17.24],[145.88,-17.04],[145.94,-16.92],[145.78,-16.88],[145.66,-16.72],[145.58,-16.68],[145.46,-16.48],[145.4,-16.44],[145.46,-16.28],[145.44,-16.2],[145.46,-16.06],[145.36,-15.9],[145.36,-15.74],[145.28,-15.54],[145.26,-15.38],[145.3,-15.28],[145.24,-15.16],[145.28,-14.94],[145.16,-14.84],[144.94,-14.72],[144.88,-14.6],[144.68,-14.56],[144.58,-14.36],[144.58,-14.26],[144.52,-14.18],[144.44,-14.24],[144.3,-14.32],[144.18,-14.26],[144.16,-14.38],[143.96,-14.5],[143.78,-14.4],[143.7,-14.2],[143.68,-14.02],[143.62,-13.96],[143.54,-13.76],[143.6,-13.44],[143.52,-13.32],[143.5,-12.86],[143.36,-12.8],[143.44,-12.62],[143.32,-12.56],[143.26,-12.38],[143.08,-12.32],[143.08,-12.14],[143.2,-11.98],[143.12,-11.92],[142.98,-11.92],[142.88,-11.86],[142.86,-11.6],[142.82,-11.48],[142.86,-11.4],[142.8,-11.28],[142.78,-11.08],[142.74,-10.98],[142.64,-10.94],[142.54,-10.84],[142.62,-10.74],[142.44,-10.72],[142.32,-10.9],[142.18,-10.94],[142.14,-10.98],[142.16,-11.16],[142.14,-11.34],[141.94,-11.9],[141.8,-12.06],[141.66,-12.44],[141.82,-12.58],[141.76,-12.82],[141.58,-12.98],[141.64,-13.16],[141.7,-13.26],[141.56,-13.5],[141.48,-13.78],[141.48,-13.94],[141.58,-14.08],[141.6,-14.24],[141.52,-14.48],[141.6,-14.88],[141.66,-15.02],[141.64,-15.14],[141.48,-15.48],[141.44,-15.64],[141.4,-15.9],[141.42,-16.08],[141.34,-16.22],[141.3,-16.44],[141.2,-16.7],[140.94,-17.02],[140.96,-17.08],[140.88,-17.34],[140.84,-17.46],[140.76,-17.48],[140.5,-17.64],[140.24,-17.7],[140,-17.7],[139.92,-17.62],[139.64,-17.54],[139.44,-17.38],[139.28,-17.34],[139.2,-17.28],[139.14,-17.12],[139.16,-17.04],[139.04,-16.92],[138.76,-16.84],[138.66,-16.78],[138.5,-16.8],[138.18,-16.7],[138.06,-16.62],[137.86,-16.44],[137.74,-16.26],[137.56,-16.18],[137.36,-16.12],[137.26,-16.02],[137.04,-15.92],[137,-15.86],[136.9,-15.94],[136.76,-15.9],[136.62,-15.76],[136.42,-15.62],[136.26,-15.54],[136.24,-15.42],[135.96,-15.26],[135.86,-15.18],[135.66,-15.04],[135.56,-15.02],[135.46,-14.94],[135.4,-14.74],[135.52,-14.66],[135.54,-14.58],[135.76,-14.26],[135.9,-14.14],[135.92,-13.96],[136,-13.9],[136,-13.8],[135.94,-13.76],[135.84,-13.6],[135.88,-13.32],[136.06,-13.24],[136.1,-13.16],[136.18,-13.24],[136.3,-13.16],[136.46,-13.22],[136.56,-13.06],[136.5,-12.98],[136.64,-12.96],[136.48,-12.86],[136.48,-12.8],[136.68,-12.68],[136.74,-12.54],[136.74,-12.48],[136.86,-12.44],[136.94,-12.36],[136.88,-12.22],[136.7,-12.28],[136.6,-12.18],[136.54,-12],[136.46,-11.94],[136.3,-12.06],[136.18,-12.18],[136.32,-12.2],[136.36,-12.26],[136.26,-12.44],[136.02,-12.46],[136.02,-12.32],[135.88,-12.16],[135.76,-12.26],[135.66,-12.24],[135.66,-12.16],[135.76,-12.08],[135.74,-11.94],[135.58,-12],[135.54,-12.08],[135.3,-12.12],[135.26,-12.22],[135.08,-12.26],[134.96,-12.14],[134.86,-12.12],[134.76,-11.94],[134.6,-12.04],[134.38,-12.04],[134.28,-11.96],[134.18,-12.02],[134.14,-11.88],[133.94,-11.92],[133.84,-11.86],[133.9,-11.74],[133.8,-11.72],[133.62,-11.84],[133.48,-11.8],[133.34,-11.68],[133.26,-11.72],[133.14,-11.68],[133.02,-11.44],[132.92,-11.34],[132.76,-11.5],[132.68,-11.5],[132.48,-11.24],[132.34,-11.14],[132.24,-11.2],[132.18,-11.36],[132.02,-11.14],[131.94,-11.26],[131.86,-11.3],[132.08,-11.52],[132.24,-11.46],[132.36,-11.44],[132.5,-11.48],[132.6,-11.62],[132.7,-11.66],[132.6,-11.78],[132.66,-11.86],[132.62,-12.04],[132.44,-12.16],[132.42,-12.24],[132.26,-12.18],[132.04,-12.3],[131.9,-12.22],[131.78,-12.28],[131.5,-12.3],[131.4,-12.28],[131.32,-12.18],[131.22,-12.22],[131.12,-12.16],[131,-12.18],[131.02,-12.36],[130.9,-12.34],[130.78,-12.44],[130.62,-12.44],[130.58,-12.56],[130.34,-12.7],[130.36,-12.84],[130.24,-12.94],[130.12,-12.94],[130.12,-13.16],[130.28,-13.32],[130.16,-13.44],[129.96,-13.54],[129.84,-13.52],[129.78,-13.68],[129.82,-13.76],[129.72,-13.88],[129.72,-14.02],[129.5,-14.08],[129.5,-14.14],[129.38,-14.32],[129.36,-14.4],[129.58,-14.56],[129.6,-14.68],[129.72,-14.8],[129.64,-14.84],[129.62,-14.94],[129.66,-15.08],[129.6,-15.12],[129.48,-14.94],[129.22,-14.84],[129.26,-15.1],[129.18,-15.06],[129.18,-14.96],[129.06,-14.88],[128.84,-14.84],[128.54,-14.76],[128.4,-14.82],[128.42,-15.04],[128.32,-14.9],[128.2,-15.06],[128.22,-15.26],[128.06,-15.12],[128.18,-14.7],[127.9,-14.5],[127.78,-14.36],[127.66,-14.18],[127.48,-14.06],[127.42,-13.94],[127.32,-13.92],[127.1,-13.96],[127.08,-13.82],[126.96,-13.72],[126.74,-13.8],[126.82,-13.94],[126.7,-14],[126.7,-14.12],[126.56,-14.2],[126.5,-14],[126.4,-14],[126.24,-14.22],[126.2,-14.16],[126.14,-13.94],[126.08,-14.02],[126.14,-14.1],[126.14,-14.2],[126.08,-14.22],[126.06,-14.36],[125.98,-14.38],[126.04,-14.5],[125.92,-14.52],[125.74,-14.44],[125.66,-14.36],[125.7,-14.28],[125.58,-14.26],[125.62,-14.4],[125.58,-14.52],[125.46,-14.52],[125.14,-14.72],[125.24,-14.86],[125.2,-14.94],[125.36,-15],[125.38,-15.1],[125.32,-15.16],[125.22,-15.06],[125.12,-15.04],[124.9,-15.1],[124.84,-15.14],[124.92,-15.34],[125.04,-15.28],[125.08,-15.34],[125.04,-15.5],[124.92,-15.36],[124.8,-15.3],[124.7,-15.38],[124.62,-15.5],[124.5,-15.46],[124.4,-15.56],[124.38,-15.68],[124.4,-15.88],[124.52,-15.98],[124.6,-15.8],[124.6,-16.1],[124.52,-16.18],[124.42,-16.14],[124.38,-16.22],[124.42,-16.34],[124.6,-16.32],[124.6,-16.4],[124.4,-16.36],[124.34,-16.4],[124.22,-16.4],[124.12,-16.28],[123.98,-16.28],[123.84,-16.36],[123.74,-16.26],[123.78,-16.16],[123.6,-16.16],[123.54,-16.26],[123.66,-16.36],[123.66,-16.48],[123.56,-16.62],[123.7,-16.72],[123.76,-16.88],[123.9,-16.86],[123.8,-17],[123.84,-17.14],[123.64,-17],[123.58,-17.1],[123.64,-17.18],[123.56,-17.36],[123.56,-17.52],[123.4,-17.32],[123.26,-17.02],[123.14,-16.92],[123.16,-16.8],[122.96,-16.58],[123,-16.38],[122.92,-16.42],[122.88,-16.52],[122.76,-16.6],[122.7,-16.78],[122.58,-16.78],[122.54,-16.88],[122.58,-16.96],[122.42,-16.98],[122.28,-17.08],[122.28,-17.14],[122.18,-17.26],[122.14,-17.56],[122.2,-17.72],[122.2,-17.94],[122.36,-18],[122.32,-18.16],[122.22,-18.2],[122.02,-18.38],[121.92,-18.46],[121.82,-18.46],[121.78,-18.54],[121.76,-18.66],[121.64,-18.72],[121.64,-18.82],[121.52,-19.06],[121.32,-19.36],[121.2,-19.48],[120.96,-19.64],[120.66,-19.76],[120.24,-19.9],[119.8,-19.96],[119.56,-20.06],[119.38,-20],[119.22,-19.96],[119.06,-19.98],[118.84,-20.26],[118.7,-20.32],[118.6,-20.3],[118.36,-20.36],[118.14,-20.36],[117.94,-20.5],[117.84,-20.62],[117.68,-20.68],[117.36,-20.72],[117.06,-20.62],[116.88,-20.72],[116.74,-20.62],[116.44,-20.82],[116.26,-20.86],[116.16,-20.96],[115.94,-21.06],[115.8,-21.24],[115.6,-21.34],[115.46,-21.52],[115.22,-21.6],[115.1,-21.66],[114.92,-21.7],[114.64,-21.84],[114.52,-22.06],[114.5,-22.16],[114.4,-22.36],[114.36,-22.48],[114.28,-22.44],[114.18,-22.52],[114.12,-22.48],[114.18,-22.32],[114.08,-22.18],[114.16,-21.8],[114.02,-21.86],[113.9,-22.04],[113.8,-22.34],[113.74,-22.48],[113.64,-22.58],[113.66,-22.72],[113.76,-22.78],[113.8,-22.94],[113.82,-23.06],[113.74,-23.16],[113.78,-23.32],[113.74,-23.52],[113.6,-23.64],[113.46,-23.92],[113.42,-24.04],[113.44,-24.18],[113.38,-24.24],[113.4,-24.42],[113.44,-24.54],[113.6,-24.72],[113.62,-24.9],[113.72,-25.12],[113.8,-25.18],[113.92,-25.44],[114.16,-25.78],[114.26,-25.84],[114.26,-25.98],[114.2,-26.2],[114.24,-26.32],[114.1,-26.44],[113.96,-26.34],[113.94,-26.2],[113.84,-26.12],[113.8,-26.2],[113.7,-26.14],[113.76,-25.9],[113.54,-25.62],[113.42,-25.66],[113.42,-25.72],[113.56,-25.94],[113.58,-26.08],[113.68,-26.22],[113.78,-26.24],[113.88,-26.34],[113.86,-26.54],[113.7,-26.62],[113.6,-26.52],[113.56,-26.38],[113.46,-26.2],[113.24,-26.24],[113.3,-26.4],[113.6,-26.68],[113.76,-26.92],[114.02,-27.32],[114.08,-27.44],[114.14,-27.68],[114.1,-27.82],[114.16,-28.1],[114.32,-28.24],[114.54,-28.52],[114.58,-28.66],[114.58,-28.78],[114.66,-28.92],[114.84,-29.1],[114.98,-29.48],[114.94,-29.66],[114.96,-29.9],[114.94,-30.04],[114.98,-30.22],[115.1,-30.64],[115.18,-30.82],[115.32,-31],[115.46,-31.3],[115.68,-31.64],[115.74,-31.92],[115.72,-32.06],[115.76,-32.18],[115.72,-32.3],[115.76,-32.6],[115.6,-32.66],[115.68,-33.02],[115.66,-33.28],[115.52,-33.52],[115.44,-33.6],[115.28,-33.66],[115.12,-33.62],[115.04,-33.54],[114.96,-33.68],[114.98,-34.08],[115.02,-34.26],[115.1,-34.34],[115.18,-34.3],[115.34,-34.32],[115.62,-34.44],[115.74,-34.54],[116.02,-34.82],[116.24,-34.88],[116.46,-35],[116.9,-35.06],[117.18,-35.02],[117.36,-35.02],[117.54,-35.1],[117.68,-35.04],[118.12,-34.98],[118.26,-34.92],[118.38,-34.9],[118.38,-34.82],[118.48,-34.72],[118.7,-34.64],[118.72,-34.56],[118.88,-34.5],[118.94,-34.44],[119.12,-34.48],[119.38,-34.44],[119.48,-34.36],[119.48,-34.28],[119.58,-34.14],[119.8,-33.98],[120,-33.92],[120.18,-33.94],[120.42,-33.96],[120.58,-33.9],[121.16,-33.86],[121.34,-33.82],[121.54,-33.82],[121.82,-33.9],[122.02,-33.82],[122.1,-33.96],[122.18,-34.02],[122.32,-33.92],[122.56,-33.96],[122.58,-33.92],[122.78,-33.88],[123.08,-33.88],[123.14,-34],[123.26,-33.98],[123.34,-33.9],[123.56,-33.88],[123.74,-33.8],[123.76,-33.72],[123.96,-33.56],[124,-33.36],[124.12,-33.12],[124.2,-33.04],[124.36,-32.96],[124.7,-32.9],[124.9,-32.84],[125,-32.74],[125.34,-32.6],[125.54,-32.54],[125.88,-32.34],[126.18,-32.24],[126.38,-32.28],[126.68,-32.32],[127.06,-32.3],[127.28,-32.28],[127.54,-32.22],[127.76,-32.12],[128.02,-32.08],[128.66,-31.84],[129,-31.7],[129.2,-31.66],[129.46,-31.64],[130.16,-31.58],[130.84,-31.6],[131.18,-31.48],[131.54,-31.6]]],[[[148,-43.24],[147.96,-43.02],[148,-42.9],[147.88,-42.82],[147.96,-42.72],[147.94,-42.6],[148,-42.52],[147.98,-42.32],[148.08,-42.2],[148.14,-42],[148.3,-42.06],[148.32,-41.92],[148.26,-41.8],[148.3,-41.76],[148.28,-41.46],[148.34,-41.32],[148.26,-41.16],[148.34,-41],[148.2,-40.84],[147.98,-40.74],[147.92,-40.86],[147.82,-40.9],[147.66,-40.82],[147.6,-40.84],[147.44,-41],[147.28,-40.94],[147.18,-41],[147.02,-40.98],[146.42,-41.16],[146.22,-41.16],[145.92,-41.04],[145.8,-41.02],[145.72,-40.94],[144.98,-40.74],[144.68,-40.7],[144.7,-40.88],[144.6,-41],[144.68,-41.08],[144.68,-41.22],[144.76,-41.34],[144.92,-41.7],[145.2,-41.96],[145.28,-42.18],[145.2,-42.24],[145.26,-42.6],[145.36,-42.66],[145.52,-42.96],[145.58,-42.96],[145.88,-43.26],[146.02,-43.32],[146.04,-43.48],[146.3,-43.54],[146.52,-43.54],[146.72,-43.62],[146.92,-43.62],[146.94,-43.5],[147.1,-43.3],[147.26,-43.26],[147.26,-43.12],[147.34,-43.04],[147.36,-42.92],[147.48,-42.9],[147.58,-42.82],[147.68,-42.9],[147.84,-42.9],[147.88,-43.04],[147.64,-43.08],[147.8,-43.24],[147.86,-43.14],[148,-43.24]]],[[[147.34,-43.34],[147.16,-43.36],[147.14,-43.5],[147.32,-43.5],[147.34,-43.34]]],[[[148.42,-40.38],[148.34,-40.3],[148.08,-40.36],[148.08,-40.46],[148.3,-40.44],[148.42,-40.38]]],[[[148.02,-40.16],[148.08,-40.26],[148.3,-40.24],[148.34,-40.18],[148.3,-39.96],[148.16,-39.94],[147.96,-39.72],[147.86,-39.82],[147.94,-40.04],[148.02,-40.16]]],[[[144.1,-39.9],[144.12,-39.8],[144.08,-39.62],[143.86,-39.7],[143.84,-39.94],[143.92,-40.12],[144.12,-40.04],[144.1,-39.9]]],[[[138.12,-35.82],[138.06,-35.76],[137.9,-35.72],[137.68,-35.76],[137.58,-35.72],[137.62,-35.58],[137.44,-35.62],[137.36,-35.58],[137.08,-35.68],[136.62,-35.76],[136.54,-35.92],[136.66,-35.98],[136.72,-36.06],[137.02,-36.02],[137.14,-36.04],[137.22,-35.98],[137.38,-36.02],[137.46,-36.08],[137.62,-36],[137.62,-35.92],[137.76,-35.88],[137.94,-35.88],[138.04,-35.92],[138.12,-35.82]]],[[[153.42,-27.34],[153.46,-27.06],[153.36,-27.06],[153.42,-27.34]]],[[[113.22,-26.06],[113.06,-25.72],[113,-25.5],[112.92,-25.52],[112.96,-25.8],[113.04,-25.94],[113.22,-26.06]]],[[[153.36,-24.98],[153.28,-24.86],[153.28,-24.7],[153.16,-24.82],[153.24,-24.92],[153.22,-25.02],[153.04,-25.18],[153.06,-25.32],[152.94,-25.56],[153,-25.72],[153.08,-25.66],[153.16,-25.46],[153.26,-25.26],[153.36,-24.98]]],[[[151.26,-23.66],[151.2,-23.52],[151.02,-23.46],[150.98,-23.48],[151.22,-23.78],[151.26,-23.66]]],[[[115.46,-20.74],[115.4,-20.7],[115.32,-20.8],[115.36,-20.88],[115.46,-20.74]]],[[[149.06,-20.32],[148.96,-20.16],[148.94,-20.28],[149.06,-20.32]]],[[[146.32,-18.38],[146.28,-18.28],[146.12,-18.24],[146.22,-18.46],[146.32,-18.38]]],[[[139.74,-16.44],[139.6,-16.4],[139.28,-16.48],[139.22,-16.52],[139.14,-16.7],[139.3,-16.72],[139.44,-16.66],[139.46,-16.56],[139.56,-16.48],[139.62,-16.56],[139.74,-16.44]]],[[[137.08,-15.76],[137.08,-15.66],[136.94,-15.66],[137,-15.78],[137.08,-15.76]]],[[[125.2,-14.48],[125.12,-14.48],[125.08,-14.6],[125.2,-14.6],[125.2,-14.48]]],[[[136.28,-13.7],[136.22,-13.66],[136.16,-13.78],[136.26,-13.8],[136.28,-13.7]]],[[[136.96,-14.18],[136.82,-14.16],[136.72,-14.18],[136.72,-14.06],[136.8,-13.92],[136.68,-13.72],[136.58,-13.68],[136.6,-13.82],[136.44,-13.88],[136.4,-14],[136.46,-14.22],[136.64,-14.28],[136.74,-14.26],[136.9,-14.3],[136.96,-14.18]]],[[[130.54,-11.7],[130.44,-11.7],[130.46,-11.6],[130.4,-11.54],[130.4,-11.44],[130.34,-11.34],[130.26,-11.34],[130.14,-11.48],[130.2,-11.66],[130.06,-11.7],[130.06,-11.82],[130.14,-11.82],[130.32,-11.78],[130.5,-11.84],[130.64,-11.76],[130.54,-11.7]]],[[[131.54,-11.42],[131.48,-11.4],[131.42,-11.24],[131.28,-11.18],[131,-11.36],[130.88,-11.32],[130.7,-11.42],[130.58,-11.28],[130.5,-11.28],[130.4,-11.16],[130.36,-11.24],[130.44,-11.48],[130.5,-11.64],[130.72,-11.8],[130.98,-11.92],[131.1,-11.82],[131.3,-11.72],[131.38,-11.58],[131.44,-11.6],[131.54,-11.42]]],[[[132.48,-11.16],[132.56,-11.32],[132.62,-11.24],[132.56,-11.04],[132.48,-11.16]]],[[[142.26,-10.66],[142.22,-10.6],[142.12,-10.66],[142.16,-10.76],[142.26,-10.66]]]]},"properties":{"ADMIN":"Australia","ADM0_A3":"AUS"}},
{"type":"Feature","geometry":{"type":"MultiPolygon","coordinates":[[[[-40.88,65.1],[-40.64,65.14],[-40.44,65.04],[-40.18,65.04],[-40.12,65.16],[-39.86,65.24],[-39.88,65.5],[-39.64,65.68],[-39.44,65.54],[-39.2,65.6],[-38.66,65.58],[-38.6,65.66],[-38.22,65.64],[-38.12,65.78],[-38.26,65.9],[-37.98,65.94],[-37.96,66.12],[-37.76,66.3],[-38.14,66.34],[-38.1,66.4],[-37.62,66.32],[-37.22,66.34],[-37.8,66.04],[-37.64,65.92],[-37.22,65.78],[-36.82,65.92],[-36.38,66.02],[-36.08,65.94],[-35.8,66.08],[-35.58,66.12],[-35.66,66.28],[-35.44,66.3],[-35.22,66.24],[-34.64,66.38],[-34.54,66.5],[-34.26,66.58],[-34.08,66.72],[-33.94,66.92],[-33.76,66.98],[-33.52,67.2],[-33.36,67.24],[-33.42,67.34],[-33.28,67.42],[-33.36,67.54],[-33.18,67.56],[-32.7,67.76],[-32.52,67.88],[-32.1,67.9],[-32.12,68.06],[-32,68.1],[-32,68.26],[-31.74,68.2],[-31.7,68.1],[-31.42,68.12],[-30.92,68.04],[-30,68.12],[-30.14,68.24],[-30,68.38],[-29.52,68.22],[-29.18,68.26],[-29,68.34],[-28.1,68.44],[-27.92,68.52],[-27.32,68.54],[-27.18,68.6],[-26.42,68.66],[-26.24,68.8],[-25.94,68.8],[-25.66,68.88],[-25.04,69.14],[-25.02,69.22],[-24.62,69.28],[-24.1,69.54],[-23.82,69.52],[-23.62,69.62],[-23.7,69.72],[-23.1,69.78],[-23.24,69.86],[-22.88,69.96],[-22.38,69.98],[-22.38,70.12],[-23.56,70.12],[-24.48,70.24],[-25.3,70.42],[-25.9,70.3],[-26.32,70.2],[-26.84,70.26],[-27.18,70.16],[-27.28,70],[-27.6,70.06],[-27.3,70.26],[-26.98,70.32],[-26.7,70.3],[-26.32,70.38],[-26.52,70.48],[-26.74,70.48],[-28.24,70.38],[-28.32,70.56],[-28.02,70.74],[-27.92,70.88],[-28.18,70.98],[-27.78,71.02],[-27.5,70.94],[-26.82,70.94],[-26.42,70.98],[-25.6,71.16],[-25.42,71.36],[-25.72,71.48],[-26.44,71.52],[-26.68,71.48],[-27.04,71.54],[-27.38,71.66],[-27.34,71.72],[-27.96,71.88],[-28.46,71.94],[-28.36,72],[-27.88,71.98],[-27.22,71.74],[-27.16,71.66],[-26.78,71.54],[-26.08,71.58],[-25.58,71.52],[-25.12,71.32],[-24.66,71.28],[-24.26,71.08],[-24.18,70.8],[-23.92,70.62],[-23.34,70.44],[-22.66,70.44],[-22.02,70.5],[-21.7,70.42],[-21.48,70.54],[-21.74,70.58],[-21.62,70.74],[-21.76,70.86],[-21.58,70.96],[-21.78,71.08],[-21.66,71.18],[-21.66,71.4],[-21.94,71.48],[-22.28,71.44],[-22.54,71.46],[-22.3,71.7],[-23.02,71.64],[-23.06,71.72],[-22.5,71.9],[-23,72.02],[-23.1,72.06],[-23.58,72.14],[-23.76,72.24],[-24.34,72.34],[-24.52,72.42],[-24.86,72.44],[-24.7,72.56],[-24.84,72.72],[-25.52,72.84],[-24.98,73.02],[-25.06,73.08],[-25.72,73.14],[-26.16,73.24],[-25.7,73.28],[-25.46,73.34],[-25.3,73.48],[-24.72,73.5],[-24.38,73.56],[-24.4,73.72],[-24.06,73.82],[-23.98,73.6],[-23.12,73.36],[-22.32,73.26],[-21.28,73.46],[-20.54,73.44],[-20.48,73.76],[-20.36,73.9],[-20.68,73.88],[-21.6,74.06],[-21.98,74],[-22.22,74.1],[-22.06,74.32],[-21.78,74.44],[-21.26,74.48],[-20.36,74.44],[-20.2,74.28],[-19.62,74.24],[-19.38,74.26],[-18.98,74.48],[-19.26,74.52],[-19.26,74.64],[-19.72,74.58],[-20.08,74.66],[-20.52,74.68],[-20.76,74.84],[-20.7,75.12],[-20.56,75.2],[-20.66,75.3],[-20.16,75.34],[-19.88,75.14],[-19.58,75.14],[-19.42,75.22],[-19.34,75.4],[-19.38,75.54],[-19.6,75.66],[-19.48,75.74],[-19.74,75.88],[-20.26,76],[-19.68,76.12],[-19.94,76.26],[-20.48,76.22],[-20.9,76.3],[-21.7,76.26],[-21.56,76.38],[-21.68,76.52],[-21.94,76.62],[-22.74,76.7],[-21.96,76.78],[-21.5,76.7],[-20.52,76.94],[-19.9,76.92],[-19.4,76.84],[-19.06,76.84],[-18.5,76.74],[-18.26,76.92],[-18.32,77.2],[-18.62,77.3],[-19.08,77.32],[-19.38,77.22],[-19.72,77.34],[-20.24,77.38],[-20.54,77.48],[-20.34,77.56],[-20.78,77.62],[-20.02,77.7],[-19.42,77.54],[-18.98,77.62],[-19.36,77.74],[-19.96,77.8],[-20.76,77.98],[-20.96,77.98],[-21.38,77.78],[-21.34,77.68],[-21.96,77.68],[-21.62,78],[-21.32,78.08],[-21.3,78.26],[-20.88,78.56],[-20.98,78.76],[-20.66,78.84],[-19.92,78.82],[-19.92,79.02],[-19.56,79.12],[-18.96,79.14],[-18.94,79.26],[-19.4,79.28],[-19.56,79.38],[-19.2,79.7],[-19.48,79.78],[-19.98,79.7],[-20.12,79.82],[-20.42,79.84],[-19.96,80.08],[-19.48,80.26],[-17.88,80.16],[-16.44,80.22],[-15.78,80.4],[-16.44,80.48],[-16.9,80.58],[-17.3,80.52],[-18.06,80.5],[-18.6,80.58],[-17.06,80.66],[-16.26,80.64],[-15.42,80.64],[-15.32,80.72],[-14.3,80.78],[-14.2,80.92],[-12.54,81.18],[-12.16,81.34],[-11.64,81.38],[-11.68,81.5],[-12.02,81.64],[-13.06,81.72],[-13.92,81.82],[-15.2,81.82],[-16.48,81.74],[-16.46,81.64],[-17.14,81.42],[-19.24,81.56],[-19.38,81.64],[-20.7,81.36],[-20.96,81.24],[-21.36,81.2],[-21.96,81.02],[-22.98,80.88],[-22.94,80.82],[-23.5,80.76],[-22.56,81.12],[-22.28,81.16],[-21.26,81.52],[-21.02,81.78],[-21.12,81.98],[-21.38,82.08],[-23.2,82.02],[-23.3,81.8],[-24.52,81.64],[-25.62,81.56],[-26.38,81.42],[-26.32,81.62],[-24.7,81.78],[-24.62,81.98],[-27.76,82.06],[-29.04,82],[-30.8,81.86],[-31.68,81.84],[-32.12,81.74],[-32.72,81.7],[-32.78,81.84],[-31.78,81.96],[-29.94,82.08],[-29.86,82.14],[-27.86,82.18],[-23.88,82.28],[-22.44,82.34],[-22.3,82.42],[-21.32,82.6],[-22.56,82.8],[-23.66,82.84],[-24.06,82.9],[-25.1,82.92],[-24.76,83],[-25.22,83.16],[-26.54,83.08],[-27.38,83.06],[-30.1,83.12],[-31.54,83],[-32.16,83.06],[-30.74,83.14],[-26.08,83.2],[-25.64,83.3],[-30.64,83.6],[-31.64,83.58],[-32.5,83.64],[-35.24,83.54],[-36.74,83.54],[-38.7,83.42],[-38.86,83.26],[-37.62,83.16],[-38.78,83.06],[-39.44,82.96],[-40.7,82.98],[-41.74,83.2],[-42.66,83.28],[-43.04,83.22],[-45.16,83.16],[-46.44,83.06],[-46.84,82.98],[-46.56,82.9],[-42.84,82.82],[-40.98,82.78],[-39.96,82.7],[-39.96,82.54],[-40.64,82.58],[-41.26,82.72],[-41.82,82.76],[-44.96,82.76],[-45.66,82.72],[-43.72,82.4],[-43.84,82.34],[-44.7,82.26],[-44.4,82.1],[-44.88,81.98],[-44.3,81.82],[-45.16,81.78],[-45.92,81.94],[-46,82.04],[-47.24,82.18],[-48.74,82.36],[-49.02,82.46],[-51.1,82.5],[-50.58,82.16],[-49.46,81.94],[-49.82,81.88],[-50.9,81.88],[-53.02,82],[-53.56,82.12],[-54.1,82.32],[-54.44,82.38],[-57.02,82.18],[-58.62,82.1],[-59.46,82],[-58.48,81.88],[-58.14,81.66],[-58.68,81.68],[-58.84,81.86],[-60.06,81.94],[-61.28,81.82],[-61.46,81.74],[-60.78,81.5],[-61.3,81.38],[-60.94,81.18],[-61.5,81.1],[-62.2,81.2],[-62.98,81.22],[-63.82,81.12],[-63.92,81.06],[-64.76,81],[-65.12,80.78],[-66.76,80.56],[-66.78,80.46],[-67.46,80.34],[-67.46,80.18],[-67.06,80.06],[-66.18,80.08],[-65.86,80.02],[-65.3,80.1],[-64.92,80.08],[-65.12,79.86],[-64.86,79.5],[-65.16,79.38],[-66.12,79.1],[-66.68,79.14],[-68.04,79.08],[-69.04,78.98],[-68.96,78.9],[-69.44,78.8],[-70.74,78.7],[-70.8,78.62],[-71.56,78.64],[-71.94,78.56],[-72.6,78.52],[-72.78,78.1],[-71.9,77.88],[-71.32,77.76],[-70.68,77.78],[-70.68,77.68],[-70.06,77.68],[-70.26,77.56],[-69.22,77.46],[-68.64,77.5],[-67.6,77.52],[-67.26,77.58],[-67.14,77.68],[-66.62,77.68],[-66.28,77.62],[-66.06,77.5],[-66.2,77.42],[-66.78,77.36],[-67.44,77.38],[-68.36,77.38],[-69.06,77.26],[-70.9,77.2],[-71.34,77.08],[-71.34,77],[-70.66,76.8],[-70.1,76.8],[-69.92,76.76],[-68.92,76.66],[-67.98,76.68],[-68.04,76.58],[-68.74,76.58],[-68.9,76.52],[-69.58,76.44],[-69.64,76.38],[-69.1,76.28],[-68.44,76.08],[-66.48,75.94],[-67.04,76.06],[-67.3,76.16],[-67.04,76.26],[-66.42,76.08],[-66.22,76.22],[-65.74,76.28],[-65.88,76.1],[-65.36,76.02],[-65.06,76.14],[-64.38,76.26],[-64.04,76.14],[-63.72,76.18],[-63.48,76.38],[-63.18,76.36],[-62.4,76.24],[-60.88,76.16],[-60.84,76.04],[-60.12,76.04],[-59.28,75.88],[-59.04,75.7],[-58.56,75.66],[-58.16,75.5],[-58.66,75.38],[-58.24,75.22],[-58.14,75.1],[-57.3,74.9],[-57.08,74.92],[-56.84,74.82],[-56.88,74.72],[-56.24,74.5],[-56.62,74.46],[-56.5,74.36],[-56.6,74.24],[-56.26,74.24],[-56.2,74.12],[-56.34,74.04],[-55.94,73.86],[-55.84,73.68],[-55.5,73.46],[-55.26,73.38],[-55.46,73.26],[-55.46,73.08],[-54.98,73],[-54.66,72.84],[-54.78,72.66],[-54.96,72.52],[-55.52,72.52],[-55.66,72.46],[-55.22,72.36],[-54.88,72.36],[-54.88,72.26],[-55.56,72.04],[-55.26,71.92],[-55.38,71.82],[-55.84,71.72],[-55.52,71.44],[-55.28,71.38],[-54.98,71.44],[-54.62,71.36],[-53.96,71.44],[-53.68,71.74],[-52.86,71.86],[-53.26,71.7],[-52.66,71.68],[-52.26,71.58],[-52.7,71.52],[-53,71.42],[-52.26,71.36],[-52.04,71.24],[-51.74,71.36],[-51.54,71.32],[-52.24,71.14],[-51.84,71.14],[-51.2,71.02],[-51.2,70.96],[-51.84,71.06],[-51.92,71.02],[-51.46,70.9],[-51.18,70.88],[-51.4,70.7],[-50.88,70.66],[-51.34,70.58],[-51,70.42],[-50.78,70.42],[-50.66,70.32],[-51.54,70.44],[-52.46,70.7],[-52.8,70.76],[-53.44,70.76],[-53.98,70.82],[-54.32,70.8],[-54.58,70.68],[-54.02,70.42],[-53.84,70.38],[-53.24,70.36],[-52.6,70.22],[-52.32,70.06],[-51.62,70.02],[-51.44,69.96],[-50.94,69.96],[-50.34,69.88],[-50.24,69.78],[-50.6,69.8],[-50.84,69.62],[-50.9,69.34],[-51.12,69.22],[-50.88,69.18],[-50.48,69.2],[-50.18,69.02],[-50.48,69.02],[-50.8,69.12],[-51.08,69.14],[-51.1,68.86],[-50.92,68.68],[-51.14,68.58],[-51.56,68.52],[-51.96,68.58],[-52.62,68.52],[-52.78,68.42],[-53.08,68.32],[-52.8,68.22],[-52.44,68.18],[-51.64,68.28],[-51.22,68.28],[-51.24,68.16],[-50.92,68.06],[-50.46,67.96],[-50.6,67.9],[-51.22,68.08],[-51.94,68.04],[-52.58,68.2],[-53.14,68.1],[-53.2,67.96],[-53.68,67.82],[-53.54,67.72],[-53.74,67.62],[-53.58,67.52],[-53.34,67.6],[-53.06,67.74],[-52.82,67.8],[-52.34,67.82],[-52.24,67.76],[-51.86,67.76],[-51.7,67.7],[-51.44,67.74],[-51.28,67.86],[-51.12,67.66],[-51.86,67.64],[-52.4,67.76],[-53.04,67.7],[-53.38,67.54],[-53.8,67.42],[-53.88,67.24],[-53.5,67.28],[-53.12,67.28],[-52.14,67.4],[-52.14,67.38],[-53.08,67.26],[-53.42,67.2],[-53.84,67.18],[-53.96,67.1],[-53.64,67],[-53.64,66.92],[-53.1,66.94],[-52.66,66.7],[-53.06,66.68],[-53.28,66.7],[-53.42,66.64],[-53.4,66.52],[-53.62,66.5],[-53.7,66.36],[-53.56,66.24],[-53.66,66.14],[-53.36,66.12],[-53.46,65.96],[-53.26,65.92],[-53.08,65.82],[-53.2,65.68],[-52.76,65.68],[-52.8,65.54],[-52.28,65.44],[-52.56,65.32],[-52.44,65.26],[-52.2,65.28],[-52.28,65.08],[-52.04,64.96],[-52.16,64.86],[-51.88,64.84],[-51.74,64.96],[-51.54,64.86],[-51.88,64.82],[-52.16,64.68],[-52.1,64.62],[-52.18,64.44],[-52.14,64.22],[-51.84,64.22],[-51.5,64.48],[-51.26,64.76],[-51.06,64.66],[-50.9,64.68],[-50.66,64.82],[-50.54,64.76],[-50.08,64.72],[-50.06,64.52],[-49.68,64.42],[-49.66,64.34],[-50.14,64.48],[-50.3,64.68],[-50.48,64.72],[-50.78,64.6],[-50.62,64.46],[-50.9,64.4],[-51.14,64.2],[-51.74,64.2],[-51.64,64.12],[-51.44,64.08],[-50.82,64.18],[-50.88,64.1],[-51.58,64.04],[-51.4,63.92],[-51.4,63.82],[-51.54,63.68],[-51.4,63.58],[-51.12,63.5],[-51.06,63.18],[-50.88,63.14],[-50.6,63.24],[-50.4,63.18],[-50.6,63.1],[-50.56,62.98],[-50.42,62.94],[-50.18,62.76],[-50.3,62.5],[-50.02,62.32],[-49.7,62.26],[-49.5,62.16],[-49.58,62.08],[-49.32,62],[-49.44,61.84],[-49.26,61.72],[-49.24,61.6],[-48.86,61.4],[-48.54,61.38],[-48.52,61.3],[-48.62,61.22],[-48.08,61.08],[-48.02,60.92],[-47.94,60.84],[-47.44,60.82],[-47.02,60.98],[-47.06,60.86],[-46.86,60.8],[-46.64,60.92],[-46.64,61],[-46.42,61.02],[-46.38,61.08],[-46.04,60.92],[-46,60.8],[-45.72,60.74],[-45.76,60.66],[-45.98,60.58],[-45.62,60.52],[-45.4,60.52],[-45.22,60.44],[-44.94,60.48],[-44.92,60.32],[-45.18,60.22],[-45.06,60.16],[-44.98,60.04],[-44.6,59.98],[-44.48,60.12],[-44.42,60.16],[-44.3,60.16],[-44,60.2],[-43.14,60.08],[-43.08,60.26],[-43.32,60.44],[-43.2,60.56],[-42.98,60.54],[-42.82,60.62],[-42.78,60.74],[-42.88,60.84],[-42.72,60.94],[-42.68,61.02],[-42.92,61.1],[-42.72,61.16],[-42.7,61.3],[-42.5,61.36],[-42.52,61.54],[-42.32,61.62],[-42.42,61.7],[-42.2,61.86],[-42.12,62],[-42.42,62.02],[-42.32,62.1],[-42.26,62.24],[-42.42,62.34],[-42.26,62.44],[-42.38,62.58],[-42.7,62.7],[-42.42,62.82],[-42.02,62.8],[-41.76,62.84],[-41.54,63.06],[-41.48,63.22],[-41.9,63.46],[-41.78,63.5],[-41.66,63.52],[-41.54,63.44],[-41.16,63.4],[-41.04,63.5],[-40.8,63.5],[-40.88,63.66],[-40.52,63.72],[-40.62,63.8],[-40.56,64.1],[-40.72,64.16],[-41.08,64.14],[-41.38,64.18],[-41.52,64.32],[-41.08,64.32],[-40.84,64.38],[-40.36,64.36],[-40.56,64.52],[-40.62,64.7],[-41.06,64.88],[-41.08,65.06],[-40.88,65.1]]],[[[-44.36,59.98],[-44.2,60.06],[-44.26,60.1],[-44.42,60.14],[-44.5,60.02],[-44.36,59.98]]],[[[-45.16,60.38],[-45.36,60.38],[-45.4,60.18],[-45.18,60.28],[-45.16,60.38]]],[[[-46.56,60.8],[-46.18,60.9],[-46.2,60.96],[-46.68,60.82],[-46.56,60.8]]],[[[-51.3,64.38],[-51.1,64.56],[-51.26,64.56],[-51.46,64.4],[-51.3,64.38]]],[[[-43.7,59.9],[-43.96,59.98],[-44.1,59.88],[-44.06,59.8],[-43.8,59.82],[-43.7,59.9]]],[[[-44,60],[-44.2,60.02],[-44.38,59.92],[-44.28,59.88],[-44,60]]],[[[-43.18,60.08],[-44.08,60.18],[-44.12,60.12],[-43.9,60],[-43.6,59.92],[-43.48,60.06],[-43.18,60],[-43.18,60.08]]],[[[-47.72,60.76],[-47.92,60.84],[-48.24,60.8],[-48.04,60.7],[-47.9,60.68],[-47.72,60.76]]],[[[-42.04,62.76],[-42.36,62.82],[-42.4,62.68],[-42.02,62.72],[-42.04,62.76]]],[[[-41.14,63.28],[-41.58,63.44],[-41.7,63.5],[-41.86,63.48],[-41.44,63.24],[-41.14,63.28]]],[[[-40.68,64.22],[-40.68,64.3],[-40.96,64.3],[-40.94,64.22],[-40.68,64.22]]],[[[-40.14,64.48],[-40.5,64.7],[-40.5,64.82],[-40.72,64.94],[-40.86,64.9],[-40.58,64.68],[-40.5,64.5],[-40.14,64.48]]],[[[-37.46,65.8],[-37.64,65.9],[-37.96,65.8],[-37.94,65.62],[-37.74,65.56],[-37.32,65.68],[-37.46,65.8]]],[[[-51.22,69.92],[-51.18,69.82],[-51.34,69.74],[-51.24,69.54],[-50.96,69.56],[-50.98,69.72],[-50.66,69.82],[-51.02,69.92],[-51.22,69.92]]],[[[-52.9,69.34],[-52.14,69.48],[-51.84,69.64],[-52,69.8],[-52.72,69.92],[-53.04,70.12],[-53.26,70.2],[-53.9,70.3],[-54.46,70.32],[-54.82,70.2],[-54.76,69.96],[-55,69.7],[-54.74,69.58],[-54.12,69.56],[-53.88,69.56],[-53.8,69.42],[-54.2,69.46],[-54.14,69.34],[-53.58,69.24],[-52.9,69.34]]],[[[-53.9,71.08],[-53.44,71.06],[-53.4,71.16],[-53.62,71.32],[-53.96,71.18],[-53.9,71.08]]],[[[-52.48,71.26],[-52.4,71.36],[-52.98,71.38],[-53.16,71.34],[-53.12,71.22],[-52.96,71.16],[-52.66,71.16],[-52.48,71.26]]],[[[-53.3,71.54],[-53.12,71.54],[-52.78,71.66],[-53.4,71.68],[-53.3,71.54]]],[[[-55.04,72.32],[-55.2,72.34],[-55.64,72.24],[-55.34,72.18],[-55.04,72.32]]],[[[-55.74,72.62],[-55.52,72.56],[-55.1,72.74],[-55.2,72.84],[-55.6,72.76],[-55.74,72.62]]],[[[-56.12,73.82],[-56.6,73.92],[-56.62,73.82],[-56.12,73.82]]],[[[-71.58,77.4],[-72.34,77.46],[-72.52,77.4],[-72.14,77.32],[-71.7,77.32],[-71.58,77.4]]],[[[-53.28,82.18],[-53.2,82.12],[-52.1,82],[-51.24,82.02],[-52.46,82.2],[-52.78,82.32],[-53.34,82.26],[-53.28,82.18]]],[[[-44.52,82.42],[-45.32,82.56],[-46.32,82.68],[-47.7,82.64],[-47.18,82.52],[-46.88,82.36],[-44.74,82.1],[-45.08,82.22],[-44.52,82.42]]],[[[-27.72,70.74],[-27.36,70.82],[-27.76,70.88],[-27.72,70.74]]],[[[-25.32,70.74],[-25.42,70.92],[-25.68,70.98],[-25.7,71.08],[-26.66,70.9],[-27.06,70.9],[-27.68,70.66],[-27.92,70.64],[-28.06,70.44],[-26.58,70.52],[-26.28,70.58],[-25.96,70.54],[-25.82,70.6],[-25.3,70.66],[-25.32,70.74]]],[[[-21.94,72.42],[-21.96,72.48],[-22.72,72.64],[-23.14,72.84],[-23.64,72.84],[-23.94,72.88],[-24.48,72.82],[-24.36,72.6],[-23.9,72.46],[-23.06,72.32],[-22.94,72.24],[-22.52,72.14],[-22.26,72.12],[-22.04,72.28],[-22.68,72.36],[-22.36,72.42],[-21.94,72.42]]],[[[-24.8,72.92],[-25.28,72.84],[-24.94,72.78],[-24.8,72.92]]],[[[-21.92,72.74],[-22.16,72.8],[-21.9,72.92],[-22.26,72.98],[-23.24,73.08],[-23.78,73.02],[-24.54,73],[-24.52,72.9],[-23.84,72.9],[-23.62,72.88],[-23.16,72.88],[-22.82,72.82],[-22.66,72.7],[-21.92,72.74]]],[[[-24.52,73.04],[-24.46,73.04],[-22.98,73.1],[-23.24,73.26],[-24.46,73.42],[-25.24,73.42],[-25.32,73.32],[-25.7,73.18],[-25.44,73.12],[-25.06,73.12],[-24.52,73.04]]],[[[-20.36,74.26],[-20.54,74.4],[-21.24,74.46],[-21.84,74.36],[-21.94,74.2],[-21.02,74.1],[-20.16,74.16],[-20.36,74.26]]],[[[-19.8,74.9],[-20.18,75.04],[-20.62,74.98],[-20.68,74.82],[-20.14,74.7],[-19.74,74.86],[-19.8,74.9]]],[[[-17.32,75.14],[-17.82,75.08],[-18.52,75.38],[-18.8,75.34],[-18.92,75.04],[-18.44,74.98],[-18.1,75.04],[-17.5,75],[-17.32,75.14]]],[[[-18.56,76.06],[-18.66,76.18],[-18.72,76.52],[-19.1,76.48],[-18.88,76.2],[-18.56,76.06]]],[[[-19.32,77.88],[-19.74,77.9],[-19.98,78],[-20.48,77.94],[-19.3,77.8],[-19.32,77.88]]],[[[-19.12,78.72],[-19.16,78.92],[-19.62,78.78],[-19.12,78.72]]],[[[-18.76,79.98],[-19.36,79.88],[-19.1,79.78],[-18.48,79.68],[-17.84,79.74],[-17.28,80.02],[-17.74,80.1],[-18.76,79.98]]],[[[-19.52,80.04],[-18.78,80.12],[-19.2,80.22],[-19.6,80.14],[-19.52,80.04]]]]},"properties":{"ADMIN":"Greenland","ADM0_A3":"GRL"}},
{"type":"Feature","geometry":{"type":"MultiPolygon","coordinates":[[[[-180,-16.96],[-179.82,-16.78],[-179.92,-16.7],[-180,-16.78],[-180,-16.96]]],[[[180,-16.78],[179.9,-16.94],[180,-16.96],[180,-16.78]]],[[[180,-16.14],[179.86,-16.24],[179.76,-16.18],[179.46,-16.32],[179.32,-16.4],[179.24,-16.4],[178.92,-16.48],[178.68,-16.66],[178.58,-16.62],[178.48,-16.76],[178.6,-16.78],[178.7,-17],[178.8,-16.98],[178.88,-16.86],[179.02,-16.92],[179.04,-16.82],[179.18,-16.72],[179.26,-16.68],[179.3,-16.8],[179.6,-16.78],[179.64,-16.74],[179.9,-16.72],[179.86,-16.5],[179.54,-16.76],[179.48,-16.7],[179.6,-16.54],[179.74,-16.46],[179.86,-16.3],[180,-16.16],[180,-16.14]]],[[[178.72,-18],[178.6,-17.92],[178.64,-17.86],[178.56,-17.76],[178.6,-17.64],[178.3,-17.44],[178.26,-17.34],[178.04,-17.36],[177.92,-17.4],[177.84,-17.36],[177.62,-17.46],[177.38,-17.64],[177.44,-17.74],[177.38,-17.82],[177.28,-17.86],[177.26,-17.96],[177.34,-18.1],[177.82,-18.24],[177.86,-18.26],[178.16,-18.24],[178.28,-18.14],[178.4,-18.1],[178.48,-18.14],[178.66,-18.08],[178.72,-18]]]]},"properties":{"ADMIN":"Fiji","ADM0_A3":"FJI"}},
{"type":"Feature","geometry":{"type":"MultiPolygon","coordinates":[[[[-176.38,-43.9],[-176.28,-43.76],[-176.6,-43.7],[-176.64,-43.8],[-176.52,-43.92],[-176.66,-44.02],[-176.6,-44.12],[-176.3,-44.04],[-176.46,-43.94],[-176.52,-43.76],[-176.38,-43.76],[-176.38,-43.9]]],[[[168.2,-47.04],[168.18,-46.86],[167.92,-46.68],[167.78,-46.7],[167.76,-46.8],[167.82,-46.9],[167.64,-47.04],[167.64,-47.2],[167.9,-47.18],[168,-47.12],[168.2,-47.1],[168.2,-47.04]]],[[[173.78,-40.9],[173.96,-40.8],[173.82,-40.76],[173.78,-40.9]]],[[[172.74,-43.28],[172.82,-43.16],[172.94,-43.1],[173.08,-43.06],[173.28,-42.96],[173.56,-42.5],[173.7,-42.4],[173.9,-42.24],[174,-42.04],[174.2,-41.88],[174.28,-41.76],[174.22,-41.72],[174.18,-41.58],[174.06,-41.52],[174.06,-41.42],[174.16,-41.22],[174.26,-41.12],[174.22,-41],[174.02,-40.98],[173.92,-41.04],[173.58,-41.06],[173.44,-41.14],[173.22,-41.3],[173.12,-41.32],[173.04,-41.14],[173.06,-40.88],[173.02,-40.8],[172.86,-40.84],[172.68,-40.74],[172.72,-40.56],[172.64,-40.5],[172.36,-40.72],[172.18,-40.8],[172.1,-40.88],[172.12,-41.26],[172.08,-41.42],[171.98,-41.46],[171.9,-41.6],[171.48,-41.84],[171.34,-42.14],[171.3,-42.3],[171.12,-42.6],[170.94,-42.74],[170.86,-42.84],[170.7,-42.96],[170.52,-43],[170.36,-43.1],[170.24,-43.24],[170.1,-43.26],[170.04,-43.34],[169.9,-43.4],[169.74,-43.56],[169.58,-43.6],[169.2,-43.76],[169.08,-43.84],[168.74,-44.02],[168.64,-43.96],[168.42,-44.02],[168.34,-44.12],[167.84,-44.5],[167.76,-44.6],[167.42,-44.84],[167.2,-44.94],[167,-45.14],[167.08,-45.3],[166.88,-45.28],[166.8,-45.34],[166.7,-45.54],[166.8,-45.72],[166.88,-45.78],[166.48,-45.8],[166.46,-45.98],[166.62,-45.96],[166.62,-46.08],[166.76,-46.22],[167.08,-46.24],[167.18,-46.28],[167.4,-46.26],[167.46,-46.14],[167.7,-46.18],[167.86,-46.4],[168.08,-46.34],[168.22,-46.36],[168.36,-46.54],[168.6,-46.62],[168.84,-46.56],[168.88,-46.64],[169.04,-46.68],[169.18,-46.64],[169.64,-46.58],[169.84,-46.46],[169.86,-46.38],[170.24,-46.16],[170.34,-45.98],[170.5,-45.92],[170.7,-45.9],[170.78,-45.86],[170.7,-45.68],[170.9,-45.4],[170.88,-45.36],[170.98,-45.16],[171.1,-45.08],[171.2,-44.9],[171.2,-44.56],[171.34,-44.28],[171.56,-44.16],[172.06,-43.96],[172.36,-43.86],[172.42,-43.74],[172.5,-43.72],[172.72,-43.8],[172.88,-43.9],[173.1,-43.82],[173.06,-43.66],[172.8,-43.62],[172.72,-43.42],[172.74,-43.28]]],[[[175.54,-36.28],[175.54,-36.18],[175.38,-36.12],[175.36,-36.24],[175.54,-36.28]]],[[[176.96,-39.6],[176.9,-39.44],[176.94,-39.34],[177.06,-39.2],[177.38,-39.08],[177.76,-39.08],[177.82,-39.1],[177.86,-39.3],[178,-39.12],[177.88,-39.08],[177.96,-38.76],[178.06,-38.72],[178.3,-38.54],[178.36,-38.32],[178.32,-38.26],[178.36,-38],[178.56,-37.72],[178.52,-37.66],[178.34,-37.62],[178.28,-37.56],[178.04,-37.54],[177.88,-37.64],[177.74,-37.68],[177.56,-37.92],[177.44,-37.98],[177.14,-38.02],[176.96,-37.92],[176.72,-37.88],[176.52,-37.76],[176.24,-37.66],[176.14,-37.68],[176,-37.64],[175.94,-37.28],[175.9,-37.24],[175.92,-37.08],[175.88,-36.92],[175.78,-36.78],[175.8,-36.7],[175.62,-36.74],[175.56,-36.56],[175.44,-36.48],[175.36,-36.52],[175.5,-36.66],[175.52,-36.8],[175.44,-36.88],[175.52,-36.96],[175.6,-37.22],[175.36,-37.2],[175.34,-37.02],[175.24,-36.94],[175.08,-36.96],[175.08,-36.88],[174.82,-36.82],[174.72,-36.6],[174.76,-36.24],[174.5,-35.98],[174.48,-35.9],[174.58,-35.84],[174.52,-35.72],[174.56,-35.6],[174.46,-35.52],[174.48,-35.46],[174.34,-35.28],[174.14,-35.32],[173.96,-35.08],[173.88,-35],[173.66,-34.96],[173.48,-35],[173.4,-34.9],[173.3,-34.9],[173.12,-34.8],[173.06,-34.6],[172.9,-34.54],[173.02,-34.42],[172.74,-34.44],[172.8,-34.56],[173.14,-34.92],[173.2,-35.06],[173.18,-35.16],[173.1,-35.22],[173.86,-36.06],[174.02,-36.26],[174.08,-36.4],[174.3,-36.32],[174.44,-36.4],[174.46,-36.58],[174.36,-36.64],[174.48,-37.02],[174.7,-36.94],[174.84,-36.94],[174.88,-37.08],[174.7,-37.18],[174.64,-37.06],[174.56,-37.1],[174.7,-37.32],[174.86,-37.76],[174.78,-37.96],[174.88,-37.98],[174.84,-38.12],[174.7,-38.12],[174.7,-38.28],[174.64,-38.46],[174.64,-38.64],[174.58,-38.84],[174.36,-38.98],[174.22,-38.98],[173.86,-39.14],[173.78,-39.2],[173.78,-39.4],[173.98,-39.54],[174.32,-39.62],[174.56,-39.82],[174.84,-39.86],[174.96,-39.92],[175.16,-40.08],[175.24,-40.34],[175.14,-40.68],[174.94,-40.98],[174.84,-41.04],[174.6,-41.3],[174.74,-41.34],[174.82,-41.22],[174.88,-41.22],[174.86,-41.42],[175,-41.38],[175.18,-41.42],[175.22,-41.62],[175.34,-41.6],[175.78,-41.38],[175.96,-41.24],[176.06,-41.14],[176.12,-41.02],[176.22,-40.94],[176.34,-40.7],[176.54,-40.48],[176.62,-40.48],[176.7,-40.3],[176.84,-40.18],[177.04,-39.76],[177.04,-39.66],[176.96,-39.6]]]]},"properties":{"ADMIN":"New Zealand","ADM0_A3":"NZL"}},
{"type":"Feature","geometry":{"type":"MultiPolygon","coordinates":[[[[168.14,-21.44],[168,-21.46],[167.96,-21.4],[167.84,-21.38],[167.86,-21.5],[167.96,-21.64],[168.04,-21.66],[168.12,-21.6],[168.14,-21.44]]],[[[167.44,-21.02],[167.38,-20.94],[167.28,-20.9],[167.3,-20.74],[167.22,-20.68],[167.18,-20.78],[167.06,-21],[167.14,-21.08],[167.26,-21.1],[167.34,-21.16],[167.42,-21.14],[167.44,-21.02]]],[[[167.04,-22.24],[166.94,-22.08],[166.78,-22.02],[166.58,-21.88],[166.42,-21.7],[166.22,-21.6],[166.06,-21.46],[165.76,-21.3],[165.62,-21.26],[165.6,-21.2],[165.4,-21.06],[165.42,-20.94],[165.28,-20.86],[165.22,-20.76],[165.06,-20.74],[164.82,-20.58],[164.72,-20.48],[164.58,-20.4],[164.5,-20.3],[164.32,-20.24],[164.24,-20.28],[164.06,-20.1],[164.04,-20.3],[164.14,-20.3],[164.2,-20.52],[164.28,-20.58],[164.36,-20.76],[164.52,-20.9],[164.66,-20.94],[164.72,-21.06],[164.8,-21.08],[164.84,-21.18],[164.92,-21.28],[165.12,-21.4],[165.3,-21.58],[165.68,-21.76],[165.74,-21.74],[165.82,-21.86],[165.98,-21.96],[166.06,-21.9],[166.14,-22.04],[166.48,-22.28],[166.64,-22.28],[166.78,-22.4],[166.92,-22.38],[167.02,-22.32],[167.04,-22.24]]]]},"properties":{"ADMIN":"New Caledonia","ADM0_A3":"NCL"}},
{"type":"Feature","geometry":{"type":"MultiPolygon","coordinates":[[[[44.26,-20.38],[44.12,-20.5],[44.04,-20.72],[43.96,-20.76],[43.9,-20.88],[43.82,-21.22],[43.74,-21.28],[43.58,-21.28],[43.48,-21.4],[43.48,-21.68],[43.34,-21.76],[43.24,-22.04],[43.3,-22.16],[43.22,-22.26],[43.28,-22.42],[43.28,-22.58],[43.36,-22.82],[43.48,-23],[43.58,-23.08],[43.62,-23.34],[43.76,-23.46],[43.74,-23.58],[43.64,-23.64],[43.66,-23.86],[43.66,-24.18],[43.7,-24.4],[43.84,-24.5],[43.92,-24.66],[43.92,-24.78],[44,-24.86],[44.02,-25],[44.18,-25.06],[44.36,-25.26],[44.72,-25.3],[44.84,-25.34],[44.98,-25.48],[45.12,-25.52],[45.14,-25.58],[45.5,-25.58],[45.68,-25.5],[45.78,-25.4],[46.24,-25.2],[46.38,-25.16],[46.66,-25.18],[46.76,-25.16],[46.92,-25.04],[46.96,-25.06],[47.14,-24.9],[47.32,-24.48],[47.34,-24.32],[47.46,-24.04],[47.56,-23.86],[47.62,-23.6],[47.74,-23.26],[47.76,-23.12],[47.84,-22.9],[47.9,-22.48],[47.94,-22.34],[48.2,-21.8],[48.46,-21.02],[48.46,-20.94],[48.56,-20.58],[48.7,-20.2],[48.82,-19.9],[48.86,-19.68],[48.98,-19.38],[49.08,-19.06],[49.2,-18.84],[49.24,-18.66],[49.36,-18.42],[49.42,-18.06],[49.5,-17.8],[49.5,-17.66],[49.44,-17.28],[49.52,-17.04],[49.62,-16.88],[49.78,-16.86],[49.72,-16.7],[49.84,-16.56],[49.84,-16.4],[49.84,-16.22],[49.7,-16.12],[49.68,-16.06],[49.74,-15.9],[49.64,-15.54],[49.76,-15.44],[49.9,-15.42],[49.9,-15.56],[49.98,-15.62],[49.98,-15.74],[50.04,-15.86],[50.16,-15.98],[50.24,-15.96],[50.34,-15.82],[50.42,-15.6],[50.5,-15.32],[50.48,-15.2],[50.36,-15.04],[50.28,-14.88],[50.22,-14.62],[50.2,-14.46],[50.22,-14.28],[50.16,-14.2],[50.18,-14.06],[50.14,-13.78],[50.04,-13.5],[50.04,-13.36],[49.98,-13.34],[49.94,-13.16],[49.94,-13.04],[49.86,-12.88],[49.74,-12.74],[49.56,-12.62],[49.58,-12.48],[49.54,-12.38],[49.34,-12.3],[49.24,-12.18],[49.36,-12.14],[49.32,-12],[49.26,-11.94],[49.2,-12.04],[49.2,-12.14],[49.12,-12.24],[48.98,-12.34],[48.96,-12.46],[48.86,-12.42],[48.78,-12.46],[48.88,-12.56],[48.86,-12.64],[48.96,-12.82],[48.94,-12.92],[48.84,-13.08],[48.84,-13.26],[48.74,-13.42],[48.6,-13.44],[48.54,-13.52],[48.42,-13.52],[48.34,-13.66],[48.32,-13.78],[48.18,-13.74],[48.14,-13.6],[48.04,-13.52],[47.9,-13.6],[47.88,-13.78],[47.94,-14],[48.04,-14.08],[48.04,-14.16],[47.92,-14.24],[47.82,-14.22],[47.7,-14.36],[47.7,-14.44],[47.76,-14.6],[47.48,-15.08],[47.42,-14.96],[47.5,-14.84],[47.5,-14.72],[47.44,-14.68],[47.28,-14.84],[47.3,-14.92],[47.2,-15.04],[47.1,-15.14],[47.06,-15.22],[47.24,-15.44],[46.96,-15.5],[47.08,-15.32],[46.98,-15.2],[46.88,-15.22],[46.34,-15.64],[46.3,-15.7],[46.38,-15.84],[46.36,-15.96],[46.3,-15.94],[46.2,-15.82],[46.24,-15.76],[46.14,-15.7],[46.02,-15.8],[45.88,-15.78],[45.82,-15.82],[45.7,-15.78],[45.62,-15.86],[45.64,-15.94],[45.38,-15.98],[45.4,-16.06],[45.32,-16.12],[45.26,-15.92],[45.14,-16],[45.04,-16.12],[44.86,-16.22],[44.76,-16.2],[44.46,-16.18],[44.4,-16.38],[44.46,-16.48],[44.42,-16.54],[44.44,-16.7],[44.24,-16.98],[44.18,-17.1],[43.94,-17.46],[43.92,-17.6],[44.04,-17.76],[44,-17.94],[44.04,-18.2],[44.04,-18.42],[44.18,-18.62],[44.26,-18.8],[44.22,-19.06],[44.46,-19.42],[44.48,-19.52],[44.4,-19.62],[44.38,-19.78],[44.48,-19.92],[44.44,-20.06],[44.36,-20.14],[44.26,-20.3],[44.26,-20.38]]],[[[48.34,-13.36],[48.32,-13.24],[48.2,-13.26],[48.2,-13.38],[48.34,-13.36]]]]},"properties":{"ADMIN":"Madagascar","ADM0_A3":"MDG"}},
{"type":"Feature","geometry":{"type":"MultiPolygon","coordinates":[[[[125.8,6.94],[125.78,7.14],[125.7,7.2],[125.68,7.08],[125.8,6.94]]],[[[122.98,7.38],[122.9,7.44],[122.8,7.38],[122.82,7.3],[122.98,7.38]]],[[[126.56,7.3],[126.6,7.46],[126.56,7.62],[126.58,7.72],[126.48,7.74],[126.4,7.84],[126.4,7.94],[126.46,8.22],[126.38,8.3],[126.36,8.54],[126.22,8.56],[126.14,8.66],[126.3,8.76],[126.34,8.86],[126.32,8.96],[126.18,9.1],[126.22,9.3],[126.08,9.24],[126.02,9.3],[125.94,9.5],[125.62,9.62],[125.56,9.76],[125.46,9.82],[125.4,9.68],[125.46,9.4],[125.54,9.18],[125.52,9.02],[125.46,8.98],[125.32,9],[125.22,9.08],[125.18,9],[125.18,8.88],[125.12,8.84],[124.92,9],[124.82,9.02],[124.78,8.94],[124.78,8.74],[124.76,8.5],[124.64,8.48],[124.54,8.56],[124.4,8.6],[124.32,8.52],[124.24,8.22],[124.04,8.18],[123.88,8.1],[123.86,8.36],[123.76,8.6],[123.48,8.7],[123.36,8.62],[123.34,8.54],[123.06,8.5],[123,8.4],[122.92,8.16],[122.64,8.12],[122.44,8.06],[122.3,8],[122.12,7.82],[122.12,7.6],[122.04,7.44],[122.04,7.3],[121.94,7.22],[121.9,7.06],[121.94,6.98],[122.04,6.92],[122.16,6.92],[122.24,7.1],[122.26,7.24],[122.38,7.4],[122.34,7.46],[122.48,7.58],[122.44,7.6],[122.6,7.76],[122.7,7.78],[122.82,7.74],[122.8,7.68],[122.84,7.54],[123,7.46],[123.06,7.66],[123.1,7.74],[123.22,7.52],[123.42,7.38],[123.46,7.46],[123.36,7.58],[123.48,7.66],[123.44,7.8],[123.58,7.84],[123.72,7.8],[123.8,7.72],[123.92,7.7],[124.06,7.6],[124.14,7.46],[124.24,7.4],[124.18,7.22],[124.02,7.12],[123.98,6.96],[123.96,6.82],[124.06,6.66],[124.06,6.44],[124.24,6.18],[124.42,6.12],[124.6,6],[124.94,5.86],[125.06,5.86],[125.16,6.12],[125.26,6.1],[125.26,5.94],[125.18,5.8],[125.38,5.58],[125.66,5.96],[125.7,6.14],[125.58,6.52],[125.4,6.6],[125.38,6.76],[125.48,6.92],[125.5,7.02],[125.66,7.12],[125.66,7.24],[125.8,7.36],[125.9,7.1],[125.98,7],[125.98,6.94],[126.08,6.84],[126.1,6.52],[126.18,6.36],[126.22,6.46],[126.26,6.76],[126.16,6.88],[126.3,6.9],[126.34,7],[126.46,7],[126.48,7.06],[126.62,7.26],[126.56,7.3]]],[[[125.3,9.98],[125.24,10.1],[125.14,10.08],[125.3,9.98]]],[[[124.6,11.56],[124.5,11.7],[124.36,11.68],[124.46,11.5],[124.6,11.48],[124.6,11.56]]],[[[122.3,18.4],[122.22,18.52],[122.16,18.52],[122.12,18.4],[121.98,18.28],[121.86,18.28],[121.62,18.36],[121.42,18.48],[121.1,18.64],[120.92,18.56],[120.86,18.64],[120.78,18.56],[120.62,18.54],[120.56,18.46],[120.58,18.36],[120.48,18.1],[120.34,17.56],[120.4,17.52],[120.44,17.36],[120.4,17.22],[120.42,16.96],[120.32,16.78],[120.28,16.62],[120.3,16.54],[120.34,16.3],[120.4,16.16],[120.34,16.06],[120.18,16.04],[120.1,16.06],[120.1,16.16],[119.9,16.26],[119.92,16.34],[119.82,16.36],[119.76,16.2],[119.78,16.14],[119.76,15.94],[119.88,15.92],[119.92,15.7],[119.9,15.6],[119.96,15.52],[119.88,15.42],[120,15.26],[120.06,15.06],[120.04,14.94],[120.1,14.8],[120.18,14.78],[120.28,14.66],[120.36,14.62],[120.4,14.46],[120.56,14.44],[120.6,14.5],[120.58,14.66],[120.54,14.7],[120.54,14.84],[120.64,14.78],[120.84,14.76],[120.94,14.66],[120.98,14.5],[120.88,14.46],[120.58,14.2],[120.62,14.1],[120.62,13.84],[120.72,13.86],[120.74,13.94],[120.9,13.9],[120.9,13.8],[121.06,13.72],[121.04,13.64],[121.16,13.64],[121.28,13.6],[121.46,13.7],[121.44,13.8],[121.48,13.86],[121.68,13.92],[121.72,13.96],[121.98,13.82],[122.12,13.76],[122.2,13.62],[122.32,13.6],[122.5,13.36],[122.5,13.24],[122.58,13.18],[122.7,13.22],[122.68,13.38],[122.6,13.5],[122.62,13.56],[122.5,13.66],[122.52,13.94],[122.74,13.82],[122.86,13.7],[122.82,13.66],[122.98,13.52],[123.16,13.44],[123.2,13.36],[123.3,13.24],[123.28,13.12],[123.32,13.02],[123.44,13.04],[123.6,12.9],[123.66,12.92],[123.72,12.84],[123.82,12.88],[123.9,12.98],[124.02,12.96],[124,12.88],[123.82,12.84],[123.88,12.64],[123.98,12.54],[124.1,12.56],[124.14,12.8],[124.08,13],[123.98,13.1],[123.74,13.16],[123.8,13.3],[123.66,13.48],[123.52,13.62],[123.58,13.72],[123.8,13.68],[123.94,13.78],[123.48,13.96],[123.32,14.08],[123.22,14],[123.28,13.94],[123.32,13.82],[123.26,13.74],[123.1,13.72],[123.04,13.78],[123.08,13.9],[123.02,14.1],[122.86,14.28],[122.76,14.34],[122.6,14.3],[122.48,14.34],[122.18,14.14],[122.3,14.02],[122.2,14],[122.24,13.9],[121.94,14],[121.74,14.18],[121.76,14.24],[121.66,14.42],[121.62,14.62],[121.62,14.7],[121.72,14.72],[121.6,14.86],[121.48,15.16],[121.38,15.3],[121.64,15.72],[121.56,15.82],[121.58,15.94],[121.76,16.08],[121.96,16.14],[122.2,16.26],[122.2,16.42],[122.34,16.64],[122.46,16.9],[122.52,17.1],[122.42,17.18],[122.44,17.3],[122.36,17.36],[122.26,17.36],[122.16,17.62],[122.14,17.8],[122.18,17.98],[122.18,18.12],[122.3,18.26],[122.3,18.4]]],[[[120.26,5.26],[120.2,5.34],[120.08,5.26],[119.96,5.22],[119.82,5.14],[119.82,5.06],[119.96,5.08],[120.02,5.16],[120.18,5.2],[120.26,5.26]]],[[[122.3,6.64],[122.06,6.74],[121.94,6.68],[121.84,6.66],[121.88,6.5],[121.96,6.4],[122.18,6.46],[122.3,6.64]]],[[[117.08,8.06],[116.96,8.06],[116.96,7.92],[117,7.82],[117.06,7.84],[117.08,8.06]]],[[[124.78,9.2],[124.64,9.22],[124.68,9.12],[124.78,9.08],[124.78,9.2]]],[[[123.7,9.16],[123.66,9.28],[123.48,9.18],[123.64,9.1],[123.7,9.16]]],[[[126.16,9.82],[126.08,10.06],[125.98,9.9],[126.02,9.78],[126.12,9.76],[126.16,9.82]]],[[[124.56,9.88],[124.58,10.02],[124.34,10.16],[124.18,10.14],[124.08,10.04],[124.06,9.98],[123.88,9.92],[123.8,9.74],[123.94,9.62],[124.06,9.6],[124.3,9.6],[124.42,9.66],[124.56,9.88]]],[[[125.72,9.92],[125.7,10.06],[125.66,10.26],[125.68,10.4],[125.56,10.38],[125.5,10.1],[125.62,9.96],[125.72,9.92]]],[[[119.96,10.6],[119.84,10.64],[119.78,10.54],[119.8,10.44],[120,10.54],[119.96,10.6]]],[[[122.72,10.74],[122.58,10.66],[122.52,10.6],[122.54,10.42],[122.64,10.44],[122.74,10.64],[122.72,10.74]]],[[[123.58,10.84],[123.52,10.92],[123.32,10.96],[123.22,11],[122.96,10.88],[122.98,10.72],[122.92,10.6],[122.82,10.54],[122.86,10.36],[122.88,10.12],[122.7,9.98],[122.48,9.98],[122.4,9.84],[122.5,9.56],[122.6,9.44],[122.86,9.32],[122.94,9.12],[123.04,9.04],[123.24,9.1],[123.3,9.22],[123.32,9.34],[123.2,9.48],[123.16,9.86],[123.3,10.1],[123.38,10.44],[123.48,10.54],[123.58,10.84]]],[[[124.04,10.84],[124.04,11.14],[123.92,11.02],[123.92,10.94],[123.84,10.76],[123.76,10.64],[123.7,10.46],[123.6,10.32],[123.5,10.12],[123.38,9.94],[123.32,9.5],[123.36,9.42],[123.48,9.56],[123.5,9.66],[123.64,9.96],[123.64,10.04],[123.8,10.24],[123.98,10.32],[124.04,10.48],[124.06,10.62],[124.02,10.74],[124.04,10.84]]],[[[119.68,10.56],[119.6,10.68],[119.6,10.84],[119.52,10.84],[119.5,10.98],[119.56,11.06],[119.52,11.14],[119.56,11.26],[119.52,11.4],[119.42,11.3],[119.4,11.04],[119.32,11],[119.22,10.86],[119.34,10.72],[119.28,10.5],[119.16,10.4],[119.08,10.4],[118.94,10.22],[118.82,10.2],[118.54,9.78],[118.34,9.64],[118.12,9.34],[118,9.24],[117.9,9.26],[117.8,9.16],[117.76,9.08],[117.66,9.06],[117.46,8.8],[117.3,8.64],[117.22,8.5],[117.32,8.46],[117.52,8.5],[117.56,8.66],[117.78,8.7],[117.92,8.82],[118.02,8.88],[118.14,9.12],[118.34,9.18],[118.5,9.32],[118.72,9.64],[118.78,9.78],[118.76,9.88],[118.88,9.98],[119.08,10],[119.2,10.06],[119.24,10.18],[119.36,10.32],[119.48,10.38],[119.56,10.38],[119.7,10.5],[119.68,10.56]]],[[[125.28,10.32],[125.2,10.44],[125.2,10.6],[125,10.8],[125.06,10.96],[125.02,11.18],[124.96,11.3],[124.98,11.38],[124.84,11.44],[124.74,11.32],[124.62,11.3],[124.5,11.44],[124.32,11.46],[124.4,11.3],[124.42,11.02],[124.4,10.96],[124.5,10.88],[124.62,11],[124.78,10.82],[124.8,10.66],[124.74,10.4],[124.8,10.3],[124.78,10.16],[124.88,10.14],[125.02,10.02],[125,10.2],[125.28,10.32]]],[[[123.18,11.48],[123.12,11.54],[122.9,11.44],[122.86,11.6],[122.74,11.6],[122.62,11.5],[122.38,11.72],[122.12,11.82],[121.96,11.94],[121.9,11.9],[121.86,11.76],[122.08,11.72],[122.1,11.66],[122.06,11.24],[122.04,11.02],[121.94,10.78],[121.98,10.62],[121.92,10.46],[122.04,10.46],[122.1,10.56],[122.22,10.64],[122.58,10.7],[122.64,10.78],[122.76,10.82],[122.78,10.96],[122.84,11.02],[123.02,11.1],[123.12,11.26],[123.18,11.48]]],[[[120.02,11.9],[119.92,11.96],[119.86,11.9],[120.02,11.68],[120.06,11.74],[120.02,11.9]]],[[[120.34,12.02],[120.28,12.14],[120.2,12.12],[120.02,12.26],[119.86,12.24],[119.98,12.02],[120.14,11.98],[120.34,12.02]]],[[[122.68,12.4],[122.64,12.48],[122.48,12.5],[122.52,12.38],[122.62,12.28],[122.68,12.4]]],[[[125.72,11.14],[125.56,11.26],[125.64,11.36],[125.56,11.42],[125.48,11.6],[125.5,11.7],[125.46,11.96],[125.52,12.04],[125.46,12.1],[125.5,12.24],[125.36,12.28],[125.34,12.4],[125.16,12.58],[125.06,12.52],[124.98,12.56],[124.68,12.52],[124.36,12.54],[124.28,12.54],[124.4,12.22],[124.5,12.1],[124.68,12.02],[124.8,11.86],[124.92,11.74],[125.04,11.72],[125,11.62],[124.82,11.5],[125,11.42],[125,11.28],[125.14,11.28],[125.2,11.22],[125.22,11.14],[125.32,11.14],[125.44,11.1],[125.58,11.16],[125.72,11.14]]],[[[124.06,11.8],[124.04,11.98],[123.88,12.22],[123.76,12.22],[123.7,12.32],[123.54,12.46],[123.44,12.52],[123.36,12.5],[123.32,12.58],[123.24,12.58],[123.28,12.42],[123.22,12.26],[123.28,12.16],[123.22,12.12],[123.18,11.94],[123.36,12.1],[123.42,12.2],[123.54,12.2],[123.72,11.96],[124.06,11.8]]],[[[122.12,12.66],[122,12.58],[122,12.44],[121.92,12.3],[122,12.22],[122.08,12.32],[122.14,12.56],[122.12,12.66]]],[[[123.78,12.38],[123.72,12.6],[123.58,12.62],[123.74,12.4],[123.78,12.38]]],[[[121.52,12.7],[121.48,12.76],[121.48,13.04],[121.44,13.22],[121.22,13.4],[121.04,13.42],[120.96,13.54],[120.76,13.46],[120.56,13.52],[120.36,13.52],[120.3,13.44],[120.36,13.38],[120.44,13.42],[120.48,13.3],[120.64,13.18],[120.76,13],[120.8,12.72],[120.92,12.64],[120.92,12.52],[121.14,12.24],[121.28,12.26],[121.42,12.38],[121.44,12.52],[121.54,12.64],[121.52,12.7]]],[[[122.1,13.42],[121.98,13.54],[121.82,13.46],[121.82,13.34],[122,13.2],[122.12,13.36],[122.1,13.42]]],[[[120.26,13.72],[120.24,13.8],[120.1,13.86],[120.1,13.8],[120.26,13.72]]],[[[124.42,13.88],[124.28,13.96],[124.2,14.1],[124.12,14.04],[124.12,13.78],[124.02,13.66],[124.18,13.52],[124.3,13.6],[124.38,13.72],[124.42,13.88]]],[[[122,15.02],[121.84,15.04],[121.82,14.94],[122,14.68],[121.98,14.84],[122,15.02]]],[[[121.52,19.32],[121.52,19.38],[121.4,19.4],[121.4,19.3],[121.52,19.32]]],[[[121.38,6],[121.04,6.1],[120.9,6.02],[120.94,5.88],[121.08,5.88],[121.22,5.94],[121.28,5.86],[121.42,5.94],[121.38,6]]]]},"properties":{"ADMIN":"Philippines","ADM0_A3":"PHL"}},
{"type":"Feature","geometry":{"type":"Polygon","coordinates":[[[81.88,7.1],[81.88,7.32],[81.86,7.42],[81.76,7.5],[81.7,7.76],[81.6,7.84],[81.56,7.98],[81.44,8.12],[81.36,8.48],[81.22,8.48],[81.24,8.66],[81.1,8.86],[80.94,9.02],[80.84,9.24],[80.74,9.36],[80.4,9.62],[80.22,9.82],[79.98,9.82],[79.9,9.76],[79.94,9.7],[80.08,9.62],[80.18,9.64],[80.42,9.5],[80.28,9.5],[80.06,9.4],[80.12,9.24],[80.04,9.02],[79.94,8.94],[79.92,8.8],[79.94,8.64],[79.88,8.54],[79.82,8.26],[79.82,8.14],[79.76,8],[79.76,7.86],[79.8,7.66],[79.78,7.58],[79.84,7.24],[79.82,7.18],[79.86,7.02],[79.86,6.8],[79.96,6.54],[80.04,6.26],[80.1,6.12],[80.24,6],[80.6,5.92],[80.72,5.96],[80.8,6.04],[81.12,6.12],[81.36,6.22],[81.68,6.46],[81.78,6.62],[81.84,6.76],[81.9,7.02],[81.88,7.1]]]},"properties":{"ADMIN":"Sri Lanka","ADM0_A3":"LKA"}},
{"type":"Feature","geometry":{"type":"Polygon","coordinates":[[[-68.78,12.1],[-68.84,12.18],[-69.04,12.26],[-69.08,12.34],[-69.16,12.3],[-69.08,12.2],[-68.94,12.1],[-68.8,12.04],[-68.78,12.1]]]},"properties":{"ADMIN":"Curaçao","ADM0_A3":"CUW"}},
{"type":"Feature","geometry":{"type":"Polygon","coordinates":[[[-70,12.58],[-70.06,12.54],[-69.88,12.42],[-69.88,12.46],[-70,12.58]]]},"properties":{"ADMIN":"Aruba","ADM0_A3":"ABW"}},
{"type":"Feature","geometry":{"type":"MultiPolygon","coordinates":[[[[-73.14,22.36],[-72.76,22.34],[-73.06,22.44],[-73.14,22.36]]],[[[-73.64,21.06],[-73.68,20.94],[-73.5,20.92],[-73.34,20.96],[-73.22,20.96],[-73.12,21],[-73.04,21.16],[-73,21.3],[-73.06,21.32],[-73.16,21.16],[-73.26,21.14],[-73.4,21.22],[-73.52,21.18],[-73.64,21.06]]],[[[-74,22.66],[-73.92,22.6],[-73.84,22.72],[-73.96,22.72],[-74,22.66]]],[[[-75.8,23.54],[-75.98,23.68],[-75.98,23.6],[-75.88,23.52],[-75.8,23.54]]],[[[-77.52,23.94],[-77.54,24.12],[-77.74,24.16],[-77.64,24.24],[-77.68,24.3],[-77.84,24.2],[-77.94,24.1],[-77.84,24.02],[-77.82,23.88],[-77.64,23.76],[-77.56,23.74],[-77.52,23.94]]],[[[-78.36,24.66],[-78.44,24.62],[-78.36,24.54],[-78.18,24.46],[-78.06,24.32],[-77.9,24.36],[-77.72,24.5],[-77.74,24.7],[-77.88,24.84],[-77.98,25.02],[-77.98,25.14],[-78.04,25.18],[-78.22,25.18],[-78.16,25],[-78.2,24.86],[-78.36,24.66]]],[[[-78.6,26.54],[-78.54,26.56],[-77.9,26.68],[-77.98,26.72],[-78.28,26.68],[-78.58,26.7],[-78.72,26.58],[-78.6,26.54]]],[[[-77.82,26.9],[-77.52,26.86],[-77.42,26.7],[-77.32,26.6],[-77.16,26.56],[-77.26,26.2],[-77.22,26.14],[-77.34,26.08],[-77.2,25.92],[-77.16,26.24],[-77.02,26.32],[-77.06,26.52],[-77.26,26.62],[-77.32,26.7],[-77.52,26.86],[-77.78,26.92],[-77.82,26.9]]]]},"properties":{"ADMIN":"The Bahamas","ADM0_A3":"BHS"}},
{"type":"Feature","geometry":{"type":"Polygon","coordinates":[[[-71.8,21.78],[-71.74,21.8],[-71.64,21.78],[-71.68,21.84],[-71.8,21.84],[-71.8,21.78]]]},"properties":{"ADMIN":"Turks and Caicos Islands","ADM0_A3":"TCA"}},
{"type":"Feature","geometry":{"type":"MultiPolygon","coordinates":[[[[131.66,32.48],[131.8,32.68],[131.92,32.78],[131.98,32.88],[131.9,32.98],[131.92,33.06],[131.8,33.12],[131.88,33.2],[131.72,33.28],[131.52,33.28],[131.7,33.4],[131.72,33.58],[131.66,33.66],[131.52,33.68],[131.42,33.58],[131.08,33.64],[131,33.74],[131,33.9],[130.82,33.94],[130.68,33.94],[130.46,33.8],[130.4,33.6],[130.3,33.58],[130.16,33.62],[130.16,33.52],[130.06,33.5],[129.86,33.54],[129.78,33.46],[129.8,33.34],[129.58,33.38],[129.56,33.22],[129.72,33.12],[129.64,32.98],[129.7,32.84],[129.78,32.82],[129.9,32.66],[129.96,32.74],[130.1,32.8],[130.22,32.74],[130.12,32.64],[130.18,32.6],[130.34,32.66],[130.38,32.74],[130.34,32.86],[130.24,32.88],[130.22,32.98],[130.14,33.1],[130.22,33.16],[130.36,33.14],[130.42,33.08],[130.44,32.94],[130.6,32.82],[130.58,32.7],[130.64,32.6],[130.56,32.42],[130.48,32.34],[130.34,32.12],[130.18,32.1],[130.22,31.92],[130.18,31.8],[130.34,31.62],[130.3,31.44],[130.2,31.32],[130.22,31.24],[130.46,31.24],[130.52,31.16],[130.64,31.18],[130.66,31.26],[130.58,31.32],[130.52,31.52],[130.62,31.68],[130.68,31.72],[130.8,31.68],[130.8,31.62],[130.7,31.54],[130.7,31.46],[130.8,31.34],[130.72,31.04],[130.92,31.12],[131.1,31.32],[131.08,31.44],[131.22,31.46],[131.34,31.4],[131.48,31.76],[131.44,31.88],[131.66,32.48]]],[[[134.68,33.82],[134.7,33.96],[134.6,34],[134.62,34.18],[134.6,34.24],[134.44,34.2],[134.26,34.3],[134.16,34.38],[134.08,34.34],[133.94,34.38],[133.68,34.22],[133.62,34.04],[133.52,33.96],[133.32,34],[133.12,33.94],[132.94,34.14],[132.92,34.06],[132.76,34],[132.72,33.9],[132.68,33.72],[132.5,33.62],[132.38,33.46],[132.42,33.3],[132.54,33.24],[132.46,33.06],[132.48,32.94],[132.7,32.9],[132.62,32.8],[132.82,32.74],[132.92,32.78],[133.02,33.02],[133.1,33.04],[133.26,33.22],[133.26,33.34],[133.42,33.4],[133.46,33.46],[133.74,33.54],[133.92,33.5],[134.2,33.24],[134.28,33.5],[134.38,33.62],[134.68,33.82]]],[[[133.42,34.44],[133.48,34.42],[133.7,34.52],[133.82,34.46],[133.94,34.46],[133.98,34.52],[134.18,34.62],[134.24,34.72],[134.32,34.7],[134.52,34.76],[134.74,34.76],[134.96,34.64],[135.04,34.62],[135.34,34.7],[135.42,34.56],[135.32,34.42],[135.2,34.34],[135.1,34.32],[135.18,34.14],[135.1,34.06],[135.06,33.88],[135.4,33.72],[135.32,33.68],[135.44,33.56],[135.76,33.48],[135.96,33.6],[136.1,33.9],[136.28,33.98],[136.24,34.06],[136.3,34.16],[136.52,34.28],[136.6,34.26],[136.84,34.3],[136.92,34.44],[136.64,34.6],[136.52,34.68],[136.66,34.98],[136.72,35.02],[136.82,34.96],[136.82,34.88],[136.92,34.78],[137.3,34.8],[137.3,34.72],[137.12,34.64],[137.14,34.58],[137.42,34.66],[137.68,34.68],[137.8,34.64],[138.04,34.66],[138.2,34.6],[138.22,34.72],[138.34,34.82],[138.36,34.92],[138.52,34.98],[138.56,35.1],[138.7,35.14],[138.8,35.12],[138.74,34.72],[138.84,34.6],[138.94,34.66],[139.14,34.88],[139.08,35],[139.08,35.12],[139.14,35.24],[139.24,35.28],[139.42,35.32],[139.52,35.3],[139.66,35.18],[139.66,35.38],[139.78,35.5],[139.8,35.64],[139.96,35.68],[140.08,35.6],[140,35.48],[139.9,35.42],[139.82,35.32],[139.86,35.02],[140,35.02],[140.14,35.12],[140.32,35.14],[140.4,35.2],[140.38,35.38],[140.48,35.56],[140.66,35.68],[140.84,35.74],[140.64,36.02],[140.58,36.16],[140.56,36.28],[140.62,36.34],[140.62,36.5],[140.7,36.62],[140.8,36.88],[140.96,36.96],[141,37.14],[141.04,37.38],[141.02,37.72],[140.94,37.88],[140.92,38.04],[140.96,38.18],[141.1,38.38],[141.48,38.44],[141.54,38.52],[141.46,38.56],[141.58,38.72],[141.54,38.78],[141.64,38.9],[141.64,38.98],[141.8,39.02],[141.9,39.1],[141.9,39.34],[142.06,39.54],[141.98,39.64],[142,39.76],[141.94,40],[141.86,40.06],[141.88,40.14],[141.74,40.38],[141.44,40.68],[141.4,40.82],[141.4,41.16],[141.46,41.38],[141.28,41.36],[141.1,41.46],[140.9,41.5],[140.84,41.42],[140.76,41.2],[140.8,41.12],[140.98,41.2],[141.06,41.18],[141.2,41.26],[141.28,41.18],[141.18,40.92],[141.12,40.88],[140.98,40.94],[140.8,40.84],[140.68,40.9],[140.64,41.18],[140.48,41.18],[140.34,41.24],[140.32,41.02],[140.28,40.82],[140.1,40.74],[140.04,40.76],[139.86,40.6],[139.94,40.54],[139.94,40.42],[140.02,40.36],[139.98,40.12],[139.82,39.96],[139.88,39.9],[140.02,39.82],[140.06,39.72],[140.04,39.5],[140,39.32],[139.94,39.28],[139.78,38.82],[139.6,38.64],[139.46,38.38],[139.44,38.16],[139.3,38.04],[139.06,37.94],[138.86,37.82],[138.76,37.64],[138.56,37.38],[138.24,37.18],[138.1,37.18],[137.9,37.06],[137.42,36.92],[137.34,36.76],[137.16,36.76],[137,36.84],[137.06,37.08],[136.88,37.06],[136.94,37.22],[137.02,37.18],[137.1,37.28],[137.24,37.3],[137.3,37.54],[137.12,37.48],[136.94,37.4],[136.74,37.36],[136.68,37.14],[136.76,36.98],[136.76,36.88],[136.64,36.66],[136.44,36.44],[136.14,36.22],[135.96,35.98],[136.1,35.78],[135.96,35.72],[135.98,35.64],[135.86,35.58],[135.7,35.56],[135.64,35.48],[135.48,35.52],[135.46,35.58],[135.26,35.56],[135.3,35.68],[135.22,35.78],[135.08,35.74],[134.92,35.64],[134.54,35.68],[134.24,35.54],[133.74,35.5],[133.58,35.54],[133.42,35.46],[133.26,35.5],[133.24,35.56],[133.1,35.6],[132.96,35.52],[132.86,35.52],[132.64,35.44],[132.64,35.3],[132.4,35.18],[132.32,35.06],[132.06,34.9],[131.88,34.76],[131.86,34.72],[131.6,34.66],[131.46,34.52],[131.42,34.42],[131.24,34.38],[131.08,34.42],[130.92,34.34],[130.88,34.28],[130.92,34.18],[130.86,34.12],[130.94,33.94],[131.04,34.04],[131.28,33.92],[131.48,34.04],[131.74,34.06],[132.06,33.9],[132.22,33.98],[132.22,34.24],[132.38,34.36],[132.5,34.36],[132.56,34.22],[132.66,34.2],[132.84,34.32],[133.08,34.32],[133.16,34.3],[133.24,34.42],[133.34,34.34],[133.42,34.44]]],[[[145.76,43.38],[145.68,43.38],[145.46,43.26],[145.32,43.28],[145.32,43.36],[145.2,43.62],[145.08,43.76],[145.12,43.92],[145.34,44.22],[145.2,44.2],[145.04,44.12],[144.84,43.94],[144.74,43.92],[144.44,43.94],[144.32,44],[144.22,44.12],[144,44.14],[143.78,44.1],[143.68,44.18],[143.4,44.32],[143.36,44.38],[142.98,44.58],[142.64,44.88],[142.54,45.02],[142.22,45.3],[142.06,45.4],[141.96,45.52],[141.82,45.42],[141.7,45.4],[141.58,45.26],[141.58,45.16],[141.72,44.96],[141.78,44.76],[141.8,44.6],[141.74,44.42],[141.66,44.28],[141.68,44.06],[141.64,43.94],[141.52,43.84],[141.38,43.8],[141.34,43.72],[141.4,43.58],[141.38,43.5],[141.44,43.36],[141.38,43.26],[141.16,43.14],[140.98,43.22],[140.8,43.2],[140.48,43.38],[140.36,43.32],[140.34,43.22],[140.52,43.02],[140.26,42.76],[140.2,42.82],[140.06,42.7],[139.88,42.66],[139.84,42.46],[139.76,42.32],[139.78,42.24],[140.02,42.1],[140.14,41.98],[140.12,41.82],[140.02,41.7],[139.98,41.56],[140.04,41.44],[140.2,41.4],[140.28,41.48],[140.4,41.52],[140.46,41.68],[140.6,41.74],[140.64,41.82],[140.96,41.72],[141.04,41.72],[141.18,41.82],[140.98,41.92],[140.72,42.14],[140.54,42.1],[140.3,42.26],[140.28,42.36],[140.38,42.5],[140.52,42.58],[140.74,42.56],[141.02,42.32],[141.1,42.4],[141.42,42.56],[141.72,42.62],[141.92,42.56],[142.06,42.48],[142.16,42.46],[142.46,42.28],[142.76,42.16],[142.96,42.1],[143.26,41.94],[143.34,42.16],[143.34,42.32],[143.64,42.66],[143.88,42.84],[144.04,42.92],[144.32,43],[144.5,42.94],[144.74,42.92],[144.76,43.02],[145,42.98],[145.12,43.12],[145.3,43.18],[145.52,43.18],[145.62,43.3],[145.76,43.38]]],[[[123.82,24.4],[123.68,24.28],[123.88,24.26],[123.94,24.34],[123.82,24.4]]],[[[124.32,24.58],[124.14,24.38],[124.24,24.36],[124.32,24.58]]],[[[125.38,24.78],[125.28,24.86],[125.26,24.74],[125.38,24.78]]],[[[128.34,26.8],[128.22,26.8],[128.02,26.64],[127.88,26.62],[127.94,26.54],[127.74,26.44],[127.74,26.32],[127.64,26.2],[127.66,26.08],[127.8,26.14],[127.78,26.24],[127.94,26.44],[128.18,26.62],[128.24,26.64],[128.34,26.8]]],[[[129.7,28.46],[129.68,28.5],[129.22,28.3],[129.24,28.22],[129.38,28.16],[129.42,28.24],[129.56,28.32],[129.7,28.46]]],[[[130.68,30.38],[130.5,30.46],[130.38,30.34],[130.44,30.24],[130.58,30.24],[130.68,30.38]]],[[[131.06,30.84],[130.94,30.68],[130.94,30.54],[130.86,30.48],[130.88,30.34],[131.04,30.56],[131.08,30.7],[131.06,30.84]]],[[[130.16,32.54],[130.04,32.52],[129.98,32.36],[130.02,32.2],[130.2,32.34],[130.16,32.54]]],[[[128.88,32.68],[128.84,32.76],[128.64,32.76],[128.66,32.6],[128.88,32.68]]],[[[129.32,34.28],[129.2,34.32],[129.18,34.14],[129.28,34.12],[129.32,34.28]]],[[[135,34.6],[134.8,34.44],[134.66,34.28],[134.72,34.2],[134.96,34.28],[134.9,34.42],[135.04,34.58],[135,34.6]]],[[[129.46,34.62],[129.32,34.64],[129.28,34.38],[129.36,34.4],[129.44,34.52],[129.46,34.62]]],[[[133.36,36.28],[133.3,36.34],[133.18,36.22],[133.32,36.16],[133.36,36.28]]],[[[138.46,38.06],[138.52,38.3],[138.32,38.16],[138.24,38],[138.34,37.96],[138.26,37.8],[138.48,37.9],[138.58,38.04],[138.46,38.06]]],[[[146.88,43.86],[146.6,43.8],[146.66,43.72],[146.92,43.8],[146.88,43.86]]],[[[146.46,44.42],[146.36,44.42],[146.12,44.5],[145.98,44.3],[145.8,44.16],[145.72,44.04],[145.4,43.82],[145.44,43.72],[145.58,43.72],[145.58,43.84],[145.8,43.94],[145.94,44.12],[146.14,44.26],[146.32,44.3],[146.46,44.42]]],[[[148.8,45.42],[148.8,45.52],[148.62,45.5],[148.32,45.28],[148.06,45.26],[147.88,45.38],[147.88,45.22],[147.78,45.2],[147.66,45.1],[147.5,45.08],[147.5,45],[147.26,44.86],[147.2,44.72],[146.88,44.48],[147,44.48],[147.12,44.58],[147.22,44.58],[147.38,44.74],[147.56,44.82],[147.7,45],[147.76,44.94],[148,45],[148.22,45.2],[148.44,45.24],[148.56,45.3],[148.76,45.32],[148.8,45.42]]],[[[134.36,34.56],[134.2,34.52],[134.26,34.42],[134.34,34.44],[134.36,34.56]]]]},"properties":{"ADMIN":"Japan","ADM0_A3":"JPN"}},
{"type":"Feature","geometry":{"type":"Polygon","coordinates":[[[-56.28,46.9],[-56.32,46.98],[-56.26,47.06],[-56.4,47.12],[-56.34,46.96],[-56.28,46.9]]]},"properties":{"ADMIN":"Saint Pierre and Miquelon","ADM0_A3":"SPM"}},
{"type":"Feature","geometry":{"type":"Polygon","coordinates":[[[-14.56,66.38],[-14.84,66.4],[-15.1,66.28],[-15.3,66.26],[-15.42,66.18],[-15.78,66.28],[-15.7,66.4],[-15.92,66.42],[-16.02,66.54],[-16.54,66.5],[-16.42,66.28],[-16.48,66.18],[-16.92,66.12],[-17,66.2],[-17.22,66.2],[-17.42,66],[-17.68,66],[-17.92,66.16],[-18.3,66.18],[-18.32,66.1],[-18.22,65.94],[-18.54,65.98],[-18.54,66.08],[-18.7,66.16],[-18.94,66.2],[-19.16,66.1],[-19.36,66.08],[-19.5,65.98],[-19.42,65.76],[-19.66,65.76],[-19.7,65.88],[-19.88,65.9],[-20.04,66.08],[-20.18,66.14],[-20.44,66.02],[-20.26,65.74],[-20.32,65.62],[-20.58,65.54],[-20.66,65.7],[-20.92,65.6],[-21.2,65.4],[-21.36,65.48],[-21.3,65.56],[-21.44,65.64],[-21.42,65.76],[-21.28,65.86],[-21.32,65.98],[-21.72,66.08],[-21.74,66.18],[-21.98,66.28],[-22.22,66.28],[-22.38,66.44],[-22.86,66.46],[-23.1,66.32],[-22.86,66.16],[-22.44,66.08],[-22.86,66.02],[-23.02,66.1],[-23.46,66.2],[-23.8,66.08],[-23.86,65.88],[-24.04,65.8],[-24.08,65.66],[-24.28,65.64],[-24.48,65.48],[-24.2,65.5],[-23.9,65.4],[-23.38,65.5],[-23.24,65.48],[-22.92,65.58],[-22.78,65.5],[-22.58,65.54],[-22.2,65.44],[-22.2,65.32],[-22.5,65.24],[-22.56,65.16],[-22.04,65.12],[-21.74,65.16],[-21.82,65.04],[-22.16,65.02],[-22.38,65.06],[-22.68,65],[-23.22,65.02],[-23.22,64.94],[-23.52,64.94],[-23.64,64.9],[-23.84,64.94],[-24.06,64.9],[-23.84,64.72],[-23.24,64.84],[-22.78,64.8],[-22.54,64.8],[-22.32,64.76],[-22.4,64.64],[-22.2,64.48],[-22.1,64.48],[-21.96,64.3],[-21.82,64.24],[-21.96,64.08],[-22.2,64.02],[-22.68,63.94],[-22.72,63.82],[-22.34,63.86],[-22.06,63.84],[-21.8,63.88],[-21.66,63.84],[-21.16,63.88],[-20.44,63.68],[-20.18,63.54],[-19.76,63.54],[-19.28,63.44],[-18.74,63.4],[-18.14,63.48],[-17.96,63.52],[-17.82,63.66],[-17.86,63.74],[-16.9,63.8],[-16.62,63.86],[-16.36,63.96],[-16,64.14],[-15.46,64.26],[-15.36,64.34],[-15,64.26],[-14.72,64.42],[-14.52,64.44],[-14.5,64.66],[-14.04,64.72],[-13.86,64.8],[-13.52,65.06],[-13.52,65.18],[-13.68,65.3],[-13.6,65.52],[-13.82,65.54],[-14.4,65.74],[-14.7,65.76],[-14.82,65.82],[-14.6,65.96],[-14.68,66.06],[-15.08,66.04],[-15.18,66.12],[-14.96,66.18],[-14.96,66.3],[-14.56,66.38]]]},"properties":{"ADMIN":"Iceland","ADM0_A3":"ISL"}},
{"type":"Feature","geometry":{"type":"Polygon","coordinates":[[[-128.34,-24.32],[-128.36,-24.34],[-128.32,-24.4],[-128.3,-24.4],[-128.3,-24.34],[-128.34,-24.32]]]},"properties":{"ADMIN":"Pitcairn Islands","ADM0_A3":"PCN"}},
{"type":"Feature","geometry":{"type":"MultiPolygon","coordinates":[[[[-149.18,-17.74],[-149.3,-17.72],[-149.36,-17.54],[-149.42,-17.5],[-149.6,-17.52],[-149.64,-17.6],[-149.58,-17.74],[-149.46,-17.76],[-149.34,-17.72],[-149.28,-17.84],[-149.2,-17.86],[-149.18,-17.74]]],[[[-151.48,-16.74],[-151.46,-16.9],[-151.36,-16.86],[-151.48,-16.74]]],[[[-138.84,-9.74],[-139.06,-9.7],[-139.16,-9.76],[-139.16,-9.82],[-138.86,-9.8],[-138.84,-9.74]]],[[[-140.04,-8.82],[-140.22,-8.78],[-140.22,-8.92],[-140.1,-8.92],[-140.04,-8.82]]]]},"properties":{"ADMIN":"French Polynesia","ADM0_A3":"PYF"}},
{"type":"Feature","geometry":{"type":"MultiPolygon","coordinates":[[[[69.2,-48.98],[69.32,-49.06],[69.42,-48.92],[69.32,-48.9],[69.2,-48.98]]],[[[70.54,-49.18],[70.52,-49.1],[70.28,-49.08],[69.86,-49.2],[69.72,-49.3],[69.5,-49.24],[69.48,-49.16],[69.64,-49.12],[69.66,-49.06],[69.44,-49.02],[69.22,-49.12],[69.08,-48.98],[69.16,-48.84],[69.12,-48.72],[68.96,-48.68],[68.88,-48.94],[68.76,-49.04],[68.86,-49.14],[68.8,-49.24],[68.9,-49.44],[68.78,-49.6],[68.84,-49.72],[69.06,-49.7],[69.12,-49.6],[69.38,-49.56],[69.46,-49.64],[70.12,-49.72],[70.3,-49.54],[70.14,-49.5],[70.06,-49.58],[69.82,-49.54],[69.94,-49.44],[70.14,-49.34],[70.32,-49.38],[70.46,-49.36],[70.56,-49.26],[70.54,-49.18]]]]},"properties":{"ADMIN":"French Southern and Antarctic Lands","ADM0_A3":"ATF"}},
{"type":"Feature","geometry":{"type":"Polygon","coordinates":[[[55.4,-4.66],[55.44,-4.68],[55.52,-4.76],[55.52,-4.68],[55.46,-4.62],[55.4,-4.66]]]},"properties":{"ADMIN":"Seychelles","ADM0_A3":"SYC"}},
{"type":"Feature","geometry":{"type":"Polygon","coordinates":[[[-157.2,1.76],[-157.32,1.84],[-157.38,1.9],[-157.44,1.8],[-157.28,1.76],[-157.2,1.76]]]},"properties":{"ADMIN":"Kiribati","ADM0_A3":"KIR"}},
{"type":"Feature","geometry":{"type":"Polygon","coordinates":[[[171.4,7.1],[171.22,7.08],[171.26,7.06],[171.3,7.08],[171.36,7.1],[171.4,7.1]]]},"properties":{"ADMIN":"Marshall Islands","ADM0_A3":"MHL"}},
{"type":"Feature","geometry":{"type":"MultiPolygon","coordinates":[[[[-61,10.7],[-60.94,10.84],[-61.18,10.8],[-61.36,10.8],[-61.4,10.76],[-61.6,10.74],[-61.48,10.6],[-61.48,10.44],[-61.46,10.3],[-61.5,10.24],[-61.62,10.24],[-61.72,10.16],[-61.64,10.06],[-61.54,10.08],[-61.2,10.08],[-61,10.14],[-61,10.36],[-61.04,10.5],[-61,10.7]]],[[[-60.54,11.36],[-60.66,11.3],[-60.8,11.22],[-60.8,11.14],[-60.58,11.26],[-60.54,11.36]]]]},"properties":{"ADMIN":"Trinidad and Tobago","ADM0_A3":"TTO"}},
{"type":"Feature","geometry":{"type":"Polygon","coordinates":[[[-61.62,12.22],[-61.68,12.24],[-61.76,12.08],[-61.7,12],[-61.62,12.08],[-61.62,12.22]]]},"properties":{"ADMIN":"Grenada","ADM0_A3":"GRD"}},
{"type":"Feature","geometry":{"type":"Polygon","coordinates":[[[-61.16,13.14],[-61.12,13.3],[-61.22,13.36],[-61.28,13.18],[-61.16,13.14]]]},"properties":{"ADMIN":"Saint Vincent and the Grenadines","ADM0_A3":"VCT"}},
{"type":"Feature","geometry":{"type":"Polygon","coordinates":[[[-59.42,13.16],[-59.66,13.3],[-59.6,13.08],[-59.5,13.06],[-59.42,13.16]]]},"properties":{"ADMIN":"Barbados","ADM0_A3":"BRB"}},
{"type":"Feature","geometry":{"type":"Polygon","coordinates":[[[-60.88,14.02],[-60.94,14.12],[-61.08,13.9],[-61.04,13.76],[-60.94,13.72],[-60.9,13.84],[-60.88,14.02]]]},"properties":{"ADMIN":"Saint Lucia","ADM0_A3":"LCA"}},
{"type":"Feature","geometry":{"type":"Polygon","coordinates":[[[-61.36,15.2],[-61.26,15.28],[-61.26,15.5],[-61.3,15.58],[-61.46,15.64],[-61.48,15.54],[-61.42,15.42],[-61.36,15.2]]]},"properties":{"ADMIN":"Dominica","ADM0_A3":"DMA"}},
{"type":"Feature","geometry":null,"properties":{"ADMIN":"United States Minor Outlying Islands","ADM0_A3":"UMI"}},
{"type":"Feature","geometry":{"type":"Polygon","coordinates":[[[-62.14,16.74],[-62.2,16.82],[-62.24,16.72],[-62.14,16.74]]]},"properties":{"ADMIN":"Montserrat","ADM0_A3":"MSR"}},
{"type":"Feature","geometry":{"type":"Polygon","coordinates":[[[-61.88,17.04],[-61.86,17],[-61.68,17.02],[-61.82,17.16],[-61.88,17.04]]]},"properties":{"ADMIN":"Antigua and Barbuda","ADM0_A3":"ATG"}},
{"type":"Feature","geometry":{"type":"Polygon","coordinates":[[[-62.66,17.26],[-62.72,17.36],[-62.82,17.42],[-62.86,17.36],[-62.66,17.26]]]},"properties":{"ADMIN":"Saint Kitts and Nevis","ADM0_A3":"KNA"}},
{"type":"Feature","geometry":{"type":"Polygon","coordinates":[[[-64.56,17.76],[-64.68,17.74],[-64.78,17.8],[-64.88,17.76],[-64.88,17.68],[-64.56,17.76]]]},"properties":{"ADMIN":"United States Virgin Islands","ADM0_A3":"VIR"}},
{"type":"Feature","geometry":{"type":"Polygon","coordinates":[[[-62.84,17.88],[-62.8,17.92],[-62.86,17.92],[-62.84,17.88]]]},"properties":{"ADMIN":"Saint Barthelemy","ADM0_A3":"BLM"}},
{"type":"Feature","geometry":{"type":"Polygon","coordinates":[[[-65.62,18.28],[-65.66,18.36],[-65.84,18.44],[-65.98,18.46],[-66.12,18.44],[-66.26,18.48],[-66.46,18.48],[-66.64,18.5],[-66.9,18.48],[-67.1,18.52],[-67.16,18.42],[-67.28,18.36],[-67.16,18.2],[-67.22,17.96],[-66.92,17.94],[-66.76,17.98],[-66.6,17.96],[-66.46,18],[-66.42,17.94],[-66.16,17.92],[-65.94,17.98],[-65.84,18.02],[-65.74,18.18],[-65.62,18.28]]]},"properties":{"ADMIN":"Puerto Rico","ADM0_A3":"PRI"}},
{"type":"Feature","geometry":{"type":"Polygon","coordinates":[[[-63,18.28],[-63.04,18.26],[-63.08,18.22],[-63.02,18.22],[-63,18.28]]]},"properties":{"ADMIN":"Anguilla","ADM0_A3":"AIA"}},
{"type":"Feature","geometry":{"type":"Polygon","coordinates":[[[-64.64,18.4],[-64.58,18.42],[-64.56,18.46],[-64.66,18.44],[-64.64,18.4]]]},"properties":{"ADMIN":"British Virgin Islands","ADM0_A3":"VGB"}},
{"type":"Feature","geometry":{"type":"Polygon","coordinates":[[[-76.26,18.02],[-76.36,18.16],[-76.76,18.28],[-76.9,18.4],[-77.14,18.4],[-77.28,18.46],[-77.9,18.52],[-77.98,18.44],[-78.2,18.46],[-78.34,18.36],[-78.34,18.22],[-78.22,18.2],[-78.08,18.2],[-77.96,18.04],[-77.84,18.02],[-77.84,17.94],[-77.72,17.86],[-77.44,17.86],[-77.32,17.82],[-77.22,17.72],[-77.14,17.88],[-77.1,17.9],[-76.96,17.84],[-76.84,18],[-76.66,17.92],[-76.52,17.86],[-76.3,17.88],[-76.18,17.92],[-76.26,18.02]]]},"properties":{"ADMIN":"Jamaica","ADM0_A3":"JAM"}},
{"type":"Feature","geometry":{"type":"Polygon","coordinates":[[[-81.14,19.36],[-81.28,19.36],[-81.3,19.3],[-81.14,19.3],[-81.14,19.36]]]},"properties":{"ADMIN":"Cayman Islands","ADM0_A3":"CYM"}},
{"type":"Feature","geometry":{"type":"Polygon","coordinates":[[[-64.68,32.38],[-64.74,32.34],[-64.76,32.3],[-64.7,32.32],[-64.7,32.36],[-64.68,32.38]]]},"properties":{"ADMIN":"Bermuda","ADM0_A3":"BMU"}},
{"type":"Feature","geometry":{"type":"Polygon","coordinates":[[[73.74,-53.12],[73.56,-53.02],[73.32,-53.02],[73.48,-53.18],[73.74,-53.12]]]},"properties":{"ADMIN":"Heard Island and McDonald Islands","ADM0_A3":"HMD"}},
{"type":"Feature","geometry":{"type":"Polygon","coordinates":[[[-5.72,-15.9],[-5.78,-15.94],[-5.76,-16.02],[-5.66,-15.98],[-5.72,-15.9]]]},"properties":{"ADMIN":"Saint Helena","ADM0_A3":"SHN"}},
{"type":"Feature","geometry":{"type":"Polygon","coordinates":[[[57.8,-20.22],[57.66,-20],[57.54,-20.02],[57.5,-20.14],[57.38,-20.26],[57.36,-20.42],[57.4,-20.5],[57.5,-20.52],[57.68,-20.48],[57.78,-20.32],[57.8,-20.22]]]},"properties":{"ADMIN":"Mauritius","ADM0_A3":"MUS"}},
{"type":"Feature","geometry":{"type":"MultiPolygon","coordinates":[[[[44.52,-12.24],[44.48,-12.08],[44.42,-12.12],[44.34,-12.24],[44.52,-12.36],[44.52,-12.24]]],[[[43.46,-11.82],[43.38,-11.6],[43.4,-11.42],[43.28,-11.38],[43.24,-11.68],[43.26,-11.82],[43.36,-11.86],[43.46,-11.82]]]]},"properties":{"ADMIN":"Comoros","ADM0_A3":"COM"}},
{"type":"Feature","geometry":{"type":"MultiPolygon","coordinates":[[[[6.68,0.4],[6.54,0.34],[6.46,0.22],[6.52,0.04],[6.66,0.1],[6.74,0.22],[6.74,0.34],[6.68,0.4]]],[[[7.46,1.68],[7.4,1.7],[7.34,1.56],[7.42,1.56],[7.46,1.68]]]]},"properties":{"ADMIN":"São Tomé and Principe","ADM0_A3":"STP"}},
{"type":"Feature","geometry":{"type":"MultiPolygon","coordinates":[[[[-24.3,14.92],[-24.32,15.02],[-24.4,15.04],[-24.52,14.92],[-24.38,14.82],[-24.3,14.92]]],[[[-23.46,15.02],[-23.52,15.12],[-23.7,15.26],[-23.78,15.18],[-23.78,15.04],[-23.68,14.94],[-23.5,14.92],[-23.46,15.02]]],[[[-23.12,15.32],[-23.24,15.28],[-23.26,15.18],[-23.18,15.12],[-23.12,15.2],[-23.12,15.32]]],[[[-22.68,16.12],[-22.72,16.2],[-22.92,16.22],[-22.94,16.02],[-22.8,15.98],[-22.68,16.06],[-22.68,16.12]]],[[[-24.06,16.62],[-24.36,16.68],[-24.42,16.66],[-24.34,16.5],[-24.24,16.6],[-24.12,16.56],[-24.06,16.62]]],[[[-22.92,16.6],[-22.9,16.82],[-23,16.82],[-22.92,16.6]]],[[[-24.92,16.9],[-24.98,16.92],[-25.08,16.84],[-25,16.78],[-24.88,16.82],[-24.92,16.9]]],[[[-25.04,17.04],[-24.98,17.1],[-25.1,17.2],[-25.32,17.1],[-25.3,16.92],[-25.18,16.92],[-25.04,17.04]]]]},"properties":{"ADMIN":"Cabo Verde","ADM0_A3":"CPV"}},
{"type":"Feature","geometry":{"type":"Polygon","coordinates":[[[14.54,35.9],[14.42,35.96],[14.34,35.88],[14.52,35.8],[14.54,35.9]]]},"properties":{"ADMIN":"Malta","ADM0_A3":"MLT"}},
{"type":"Feature","geometry":{"type":"Polygon","coordinates":[[[-2.08,49.26],[-2.24,49.24],[-2.16,49.18],[-2.02,49.18],[-2.08,49.26]]]},"properties":{"ADMIN":"Jersey","ADM0_A3":"JEY"}},
{"type":"Feature","geometry":{"type":"Polygon","coordinates":[[[-2.58,49.5],[-2.66,49.44],[-2.54,49.44],[-2.58,49.5]]]},"properties":{"ADMIN":"Guernsey","ADM0_A3":"GGY"}},
{"type":"Feature","geometry":{"type":"Polygon","coordinates":[[[-4.62,54.06],[-4.4,54.2],[-4.32,54.28],[-4.44,54.4],[-4.72,54.22],[-4.78,54.1],[-4.62,54.06]]]},"properties":{"ADMIN":"Isle of Man","ADM0_A3":"IMN"}},
{"type":"Feature","geometry":{"type":"Polygon","coordinates":[[[20.2,60.22],[20.28,60.28],[20.1,60.36],[19.94,60.28],[19.68,60.26],[19.74,60.1],[20,60.1],[20.2,60.22]]]},"properties":{"ADMIN":"Aland","ADM0_A3":"ALD"}},
{"type":"Feature","geometry":{"type":"MultiPolygon","coordinates":[[[[-7.38,62.1],[-7.18,62.02],[-7.04,62.08],[-7.28,62.16],[-7.38,62.1]]],[[[-7.22,62.18],[-7.04,62.12],[-6.86,62],[-6.72,62.04],[-6.86,62.14],[-7,62.18],[-7.22,62.18]]],[[[-7.06,62.3],[-6.96,62.18],[-6.86,62.16],[-6.7,62.08],[-6.6,62.2],[-6.94,62.34],[-7.06,62.3]]]]},"properties":{"ADMIN":"Faroe Islands","ADM0_A3":"FRO"}},
{"type":"Feature","geometry":{"type":"Polygon","coordinates":[[[105.7,-10.44],[105.62,-10.5],[105.7,-10.52],[105.7,-10.44]]]},"properties":{"ADMIN":"Indian Ocean Territories","ADM0_A3":"IOA"}},
{"type":"Feature","geometry":{"type":"Polygon","coordinates":[[[72.46,-7.38],[72.44,-7.42],[72.44,-7.34],[72.44,-7.32],[72.38,-7.28],[72.38,-7.3],[72.42,-7.32],[72.44,-7.34],[72.42,-7.4],[72.44,-7.44],[72.48,-7.4],[72.46,-7.38]]]},"properties":{"ADMIN":"British Indian Ocean Territory","ADM0_A3":"IOT"}},
{"type":"Feature","geometry":{"type":"Polygon","coordinates":[[[103.96,1.4],[103.8,1.44],[103.68,1.4],[103.64,1.3],[103.84,1.26],[103.96,1.32],[103.96,1.4]]]},"properties":{"ADMIN":"Singapore","ADM0_A3":"SGP"}},
{"type":"Feature","geometry":{"type":"Polygon","coordinates":[[[167.98,-29.02],[167.92,-29],[167.92,-29.06],[167.98,-29.06],[167.98,-29.02]]]},"properties":{"ADMIN":"Norfolk Island","ADM0_A3":"NFK"}},
{"type":"Feature","geometry":{"type":"Polygon","coordinates":[[[-159.8,-21.18],[-159.84,-21.24],[-159.74,-21.26],[-159.74,-21.2],[-159.8,-21.18]]]},"properties":{"ADMIN":"Cook Islands","ADM0_A3":"COK"}},
{"type":"Feature","geometry":{"type":"Polygon","coordinates":[[[-175.06,-21.12],[-175.16,-21.18],[-175.24,-21.12],[-175.32,-21.18],[-175.14,-21.26],[-175.06,-21.12]]]},"properties":{"ADMIN":"Tonga","ADM0_A3":"TON"}},
{"type":"Feature","geometry":{"type":"Polygon","coordinates":[[[-178.14,-14.24],[-178.14,-14.32],[-178.04,-14.32],[-178.14,-14.24]]]},"properties":{"ADMIN":"Wallis and Futuna","ADM0_A3":"WLF"}},
{"type":"Feature","geometry":{"type":"MultiPolygon","coordinates":[[[[-172.2,-13.6],[-172.28,-13.5],[-172.36,-13.46],[-172.54,-13.48],[-172.74,-13.58],[-172.6,-13.7],[-172.52,-13.8],[-172.3,-13.76],[-172.22,-13.8],[-172.18,-13.7],[-172.2,-13.6]]],[[[-171.56,-13.94],[-171.56,-13.9],[-171.88,-13.8],[-172.04,-13.84],[-172.06,-13.9],[-171.94,-14],[-171.74,-14.06],[-171.46,-14.06],[-171.56,-13.94]]]]},"properties":{"ADMIN":"Samoa","ADM0_A3":"WSM"}},
{"type":"Feature","geometry":{"type":"MultiPolygon","coordinates":[[[[160.5,-11.74],[160,-11.46],[160.02,-11.58],[160.16,-11.66],[160.24,-11.62],[160.36,-11.72],[160.48,-11.84],[160.5,-11.74]]],[[[162.38,-10.82],[162.28,-10.82],[162.28,-10.68],[162.12,-10.46],[161.84,-10.44],[161.74,-10.4],[161.5,-10.26],[161.4,-10.2],[161.3,-10.22],[161.28,-10.3],[161.52,-10.36],[161.52,-10.56],[161.74,-10.68],[161.8,-10.74],[162.1,-10.82],[162.38,-10.82]]],[[[161.4,-9.42],[161.4,-9.64],[161.58,-9.74],[161.54,-9.6],[161.4,-9.42]]],[[[160.82,-9.84],[160.78,-9.72],[160.68,-9.7],[160.66,-9.62],[160.5,-9.54],[160.36,-9.42],[159.94,-9.44],[159.78,-9.28],[159.7,-9.24],[159.62,-9.3],[159.6,-9.52],[159.72,-9.7],[159.84,-9.8],[160.12,-9.82],[160.32,-9.82],[160.44,-9.88],[160.64,-9.94],[160.8,-9.88],[160.82,-9.84]]],[[[160.1,-9.06],[160.26,-9.12],[160.26,-9],[160.14,-9],[160.1,-9.06]]],[[[158.06,-8.52],[157.96,-8.52],[157.88,-8.6],[157.88,-8.68],[158.02,-8.76],[158.1,-8.7],[158.14,-8.56],[158.06,-8.52]]],[[[157.36,-8.58],[157.42,-8.5],[157.34,-8.42],[157.2,-8.56],[157.28,-8.62],[157.36,-8.58]]],[[[161.36,-9.62],[161.38,-9.5],[161.32,-9.44],[161.2,-9.14],[161.16,-8.94],[160.94,-8.82],[160.94,-8.7],[161,-8.6],[160.74,-8.3],[160.6,-8.38],[160.72,-8.56],[160.66,-8.6],[160.76,-8.94],[160.86,-9.16],[160.96,-9.22],[161.24,-9.44],[161.36,-9.62]]],[[[157.8,-8.56],[157.9,-8.5],[157.84,-8.34],[157.74,-8.22],[157.66,-8.24],[157.62,-8.16],[157.62,-8.06],[157.5,-7.96],[157.38,-8.04],[157.32,-8.18],[157.22,-8.22],[157.22,-8.32],[157.48,-8.26],[157.56,-8.28],[157.68,-8.5],[157.8,-8.56]]],[[[157.1,-8.12],[157.2,-8.04],[157.2,-7.96],[157.1,-7.86],[157,-7.88],[156.94,-7.98],[157,-8.08],[157.1,-8.12]]],[[[156.8,-7.72],[156.68,-7.66],[156.62,-7.56],[156.5,-7.64],[156.52,-7.72],[156.62,-7.82],[156.66,-7.94],[156.8,-7.76],[156.8,-7.72]]],[[[155.82,-7.02],[155.74,-6.98],[155.68,-7.08],[155.74,-7.12],[155.86,-7.1],[155.82,-7.02]]],[[[166.92,-11.64],[166.86,-11.58],[166.76,-11.64],[166.84,-11.72],[166.92,-11.64]]],[[[166.14,-10.7],[166.02,-10.64],[165.88,-10.66],[165.76,-10.82],[165.86,-10.86],[165.94,-10.78],[166.06,-10.76],[166.14,-10.7]]],[[[159.86,-8.52],[159.8,-8.4],[159.84,-8.32],[159.44,-8.04],[159.4,-7.98],[159.08,-7.9],[158.98,-7.8],[158.66,-7.56],[158.6,-7.58],[158.58,-7.74],[158.68,-7.82],[158.84,-7.98],[159.34,-8.26],[159.62,-8.36],[159.82,-8.54],[159.86,-8.52]]],[[[157.52,-7.34],[157.3,-7.26],[157.16,-7.12],[157.12,-6.98],[157.04,-6.9],[156.78,-6.78],[156.66,-6.68],[156.48,-6.6],[156.46,-6.74],[156.68,-6.9],[156.92,-7.2],[157.06,-7.26],[157.1,-7.34],[157.2,-7.34],[157.44,-7.42],[157.52,-7.34]]]]},"properties":{"ADMIN":"Solomon Islands","ADM0_A3":"SLB"}},
{"type":"Feature","geometry":{"type":"Polygon","coordinates":[[[179.2,-8.54],[179.22,-8.52],[179.2,-8.52],[179.2,-8.54]]]},"properties":{"ADMIN":"Tuvalu","ADM0_A3":"TUV"}},
{"type":"Feature","geometry":{"type":"Polygon","coordinates":[[[73.54,4.24],[73.52,4.18],[73.54,4.18],[73.54,4.24]]]},"properties":{"ADMIN":"Maldives","ADM0_A3":"MDV"}},
{"type":"Feature","geometry":{"type":"Polygon","coordinates":[[[166.94,-0.5],[166.92,-0.5],[166.92,-0.54],[166.96,-0.52],[166.94,-0.5]]]},"properties":{"ADMIN":"Nauru","ADM0_A3":"NRU"}},
{"type":"Feature","geometry":{"type":"Polygon","coordinates":[[[158.3,6.94],[158.18,6.98],[158.12,6.9],[158.2,6.8],[158.3,6.8],[158.34,6.88],[158.3,6.94]]]},"properties":{"ADMIN":"Federated States of Micronesia","ADM0_A3":"FSM"}},
{"type":"Feature","geometry":{"type":"Polygon","coordinates":[[[-35.9,-54.68],[-36.04,-54.46],[-36.24,-54.38],[-36.26,-54.28],[-36.4,-54.24],[-36.68,-54.24],[-36.62,-54.12],[-37.16,-54.04],[-37.62,-54.04],[-37.72,-54.14],[-37.38,-54.14],[-37.36,-54.28],[-37.16,-54.26],[-36.82,-54.44],[-36.46,-54.54],[-36.3,-54.74],[-36.1,-54.88],[-35.88,-54.78],[-35.9,-54.68]]]},"properties":{"ADMIN":"South Georgia and the Islands","ADM0_A3":"SGS"}},
{"type":"Feature","geometry":{"type":"MultiPolygon","coordinates":[[[[-60.94,-51.94],[-60.88,-51.86],[-60.98,-51.78],[-61.12,-51.9],[-60.94,-51.94]]],[[[-59.64,-51.74],[-59.52,-51.62],[-59.44,-51.62],[-59.26,-51.46],[-59.26,-51.38],[-59.74,-51.44],[-60.02,-51.4],[-60.16,-51.48],[-60.48,-51.44],[-60.5,-51.52],[-60.24,-51.62],[-60.62,-51.74],[-60.46,-51.8],[-60.4,-51.92],[-60.88,-52.04],[-60.8,-52.18],[-60.54,-52.22],[-60.36,-52.16],[-60.26,-51.98],[-60,-52],[-59.88,-51.94],[-59.64,-51.74]]],[[[-57.82,-51.7],[-57.78,-51.62],[-58.02,-51.6],[-58.02,-51.5],[-57.8,-51.54],[-57.9,-51.38],[-58.32,-51.42],[-58.48,-51.3],[-58.74,-51.32],[-59.08,-51.4],[-59.02,-51.5],[-59.1,-51.62],[-59.36,-51.82],[-59.58,-51.92],[-59.56,-52.02],[-59.62,-52.12],[-59.56,-52.24],[-59.46,-52.3],[-59.38,-52.12],[-59.22,-52.2],[-59.14,-52.12],[-59.14,-51.98],[-58.94,-52.06],[-58.72,-52.06],[-58.6,-52],[-58.76,-51.9],[-58.42,-51.9],[-58.2,-51.82],[-58.14,-51.76],[-57.82,-51.7]]]]},"properties":{"ADMIN":"Falkland Islands","ADM0_A3":"FLK"}},
{"type":"Feature","geometry":{"type":"MultiPolygon","coordinates":[[[[169.44,-19.5],[169.36,-19.46],[169.36,-19.32],[169.24,-19.34],[169.22,-19.5],[169.28,-19.58],[169.44,-19.66],[169.5,-19.54],[169.44,-19.5]]],[[[169.34,-18.94],[169.22,-18.82],[169.16,-18.64],[169.04,-18.62],[168.98,-18.7],[168.98,-18.88],[169.26,-18.98],[169.34,-18.94]]],[[[168.54,-17.7],[168.46,-17.54],[168.32,-17.54],[168.18,-17.66],[168.28,-17.72],[168.4,-17.82],[168.54,-17.8],[168.54,-17.7]]],[[[168.2,-16.82],[168.38,-16.76],[168.24,-16.7],[168.16,-16.58],[168.12,-16.7],[168.2,-16.82]]],[[[168.18,-16.34],[168.28,-16.34],[168.18,-16.08],[168.06,-16.18],[167.92,-16.26],[168.14,-16.36],[168.18,-16.34]]],[[[167.82,-16.42],[167.6,-16.22],[167.4,-16.08],[167.34,-15.9],[167.18,-15.9],[167.14,-16.08],[167.24,-16.16],[167.32,-16.12],[167.38,-16.2],[167.38,-16.36],[167.46,-16.56],[167.52,-16.58],[167.62,-16.5],[167.72,-16.52],[167.82,-16.42]]],[[[167.2,-15.76],[167.24,-15.64],[167.12,-15.62],[167.08,-15.7],[167.2,-15.76]]],[[[168.18,-15.52],[168.12,-15.66],[168.18,-15.98],[168.26,-15.86],[168.18,-15.52]]],[[[167.94,-15.4],[167.98,-15.28],[167.8,-15.32],[167.68,-15.44],[167.84,-15.48],[167.94,-15.4]]],[[[168.1,-14.98],[168.14,-15.16],[168.14,-15.4],[168.18,-15.4],[168.2,-15.2],[168.14,-14.96],[168.1,-14.98]]],[[[167.14,-15.54],[167.24,-15.52],[167.18,-15.36],[167.2,-15.3],[167.14,-15.14],[167.08,-15.14],[167.06,-15],[166.98,-14.98],[166.92,-15.16],[166.8,-15.16],[166.74,-14.82],[166.6,-14.64],[166.56,-14.64],[166.52,-14.84],[166.58,-14.96],[166.66,-15.26],[166.62,-15.38],[166.8,-15.66],[166.94,-15.58],[167.1,-15.58],[167.14,-15.54]]],[[[167.52,-14.14],[167.4,-14.2],[167.44,-14.32],[167.52,-14.32],[167.6,-14.18],[167.52,-14.14]]],[[[167.46,-13.92],[167.54,-13.88],[167.54,-13.78],[167.48,-13.7],[167.38,-13.8],[167.46,-13.92]]]]},"properties":{"ADMIN":"Vanuatu","ADM0_A3":"VUT"}},
{"type":"Feature","geometry":{"type":"Polygon","coordinates":[[[-169.86,-18.96],[-169.96,-19.08],[-169.9,-19.14],[-169.8,-19.04],[-169.86,-18.96]]]},"properties":{"ADMIN":"Niue","ADM0_A3":"NIU"}},
{"type":"Feature","geometry":{"type":"Polygon","coordinates":[[[-170.6,-14.26],[-170.66,-14.26],[-170.84,-14.32],[-170.76,-14.36],[-170.6,-14.26]]]},"properties":{"ADMIN":"American Samoa","ADM0_A3":"ASM"}},
{"type":"Feature","geometry":{"type":"Polygon","coordinates":[[[134.64,7.72],[134.48,7.46],[134.6,7.42],[134.66,7.6],[134.64,7.72]]]},"properties":{"ADMIN":"Palau","ADM0_A3":"PLW"}},
{"type":"Feature","geometry":{"type":"Polygon","coordinates":[[[144.88,13.64],[144.78,13.52],[144.66,13.44],[144.68,13.24],[144.76,13.28],[144.8,13.44],[144.9,13.52],[144.88,13.64]]]},"properties":{"ADMIN":"Guam","ADM0_A3":"GUM"}},
{"type":"Feature","geometry":{"type":"Polygon","coordinates":[[[145.78,15.26],[145.7,15.2],[145.74,15.14],[145.78,15.26]]]},"properties":{"ADMIN":"Northern Mariana Islands","ADM0_A3":"MNP"}},
{"type":"Feature","geometry":{"type":"Polygon","coordinates":[[[50.56,26.2],[50.46,26.14],[50.46,25.98],[50.54,25.86],[50.6,25.86],[50.62,26.12],[50.56,26.2]]]},"properties":{"ADMIN":"Bahrain","ADM0_A3":"BHR"}},
{"type":"Feature","geometry":{"type":"Polygon","coordinates":[[[154.4,-21.04],[154.4,-21.02],[154.38,-21.02],[154.4,-21.04]]]},"properties":{"ADMIN":"Coral Sea Islands","ADM0_A3":"CSI"}},
{"type":"Feature","geometry":{"type":"Polygon","coordinates":[[[-109.22,10.3],[-109.24,10.3],[-109.22,10.28],[-109.22,10.3]]]},"properties":{"ADMIN":"Clipperton Island","ADM0_A3":"CLP"}},
{"type":"Feature","geometry":{"type":"Polygon","coordinates":[[[113.56,22.16],[113.54,22.16],[113.54,22.1],[113.56,22.12],[113.56,22.16]]]},"properties":{"ADMIN":"Macao S.A.R","ADM0_A3":"MAC"}},
{"type":"Feature","geometry":{"type":"Polygon","coordinates":[[[123.6,-12.42],[123.58,-12.42],[123.58,-12.44],[123.6,-12.44],[123.6,-12.42]]]},"properties":{"ADMIN":"Ashmore and Cartier Islands","ADM0_A3":"ATC"}},
{"type":"Feature","geometry":null,"properties":{"ADMIN":"Scarborough Reef","ADM0_A3":"SCR"}}
]}